30112247 0
30112248 1614
30112248 1614
30112248 1614
30112249 1614
30112249 1614
30112249 1614
30112249 1614
30112250 1614
30112250 1614
30112250 1614
30112251 1614
30112251 1614
30112251 1614
30112252 1614
30112252 1614
30112252 1614
30112253 1614
30112253 1614
30112253 1614
30112254 1614
30112254 1614
30112254 1614
30112255 1614
30112255 1614
30112255 1614
30112256 1614
30112256 1614
30112256 1614
30112257 1614
30112257 1614
30112257 1614
30112258 1614
30112258 1614
30112258 1694
30112259 1694
30112259 1694
30112259 1694
30112300 1694
30112300 1694
30112300 1694
30112301 1694
30112301 1694
30112301 1694
30112302 1694
30112302 1694
30112302 1694
30112303 1694
30112303 1694
30112303 1694
30112304 1694
30112304 1694
30112304 1694
30112305 1694
30112305 1694
30112305 1694
30112306 1694
30112306 1694
30112306 1694
30112307 1694
30112307 1694
30112307 1694
30112308 1694
30112308 1694
30112308 1694
30112309 1694
30112309 1694
30112309 1694
30112310 1790
30112310 1790
30112310 1790
30112311 1790
30112311 1790
30112311 1790
30112312 1790
30112312 1790
30112312 1790
30112313 1790
30112313 1790
30112313 1790
30112314 1790
30112314 1790
30112314 1790
30112315 1790
30112315 1790
30112315 1790
30112316 1790
30112316 1790
30112316 1790
30112317 1790
30112317 1790
30112317 1790
30112318 1790
30112318 1790
30112318 1790
30112319 1790
30112319 1790
30112319 1790
30112320 1790
30112320 1790
30112320 1790
30112321 1900
30112321 1900
30112321 1900
30112322 1900
30112322 1900
30112322 1900
30112323 1900
30112323 1900
30112323 1900
30112324 1900
30112324 1900
30112324 1900
30112325 1900
30112325 1900
30112325 1900
30112326 1900
30112326 1900
30112326 1900
30112327 1900
30112327 1900
30112327 1900
30112328 1900
30112328 1900
30112328 1900
30112329 1900
30112329 1900
30112329 1900
30112329 1900
30112330 1900
30112330 1900
30112330 1900
30112331 1900
30112331 2024
30112331 2024
30112332 2024
30112332 2024
30112332 2024
30112333 2024
30112333 2024
30112333 2024
30112334 2024
30112334 2024
30112334 2024
30112335 2024
30112335 2024
30112335 2024
30112336 2024
30112336 2024
30112336 2024
30112337 2024
30112337 2024
30112337 2024
30112338 2024
30112338 2024
30112338 2024
30112339 2024
30112339 2024
30112339 2024
30112340 2024
30112340 2024
30112340 2024
30112341 2024
30112341 2024
30112341 2024
30112342 2024
30112342 2024
30112342 2024
30112343 2024
30112343 2162
30112343 2162
30112344 2162
30112344 2162
30112344 2162
30112345 2162
30112345 2162
30112345 2162
30112346 2162
30112346 2162
30112346 2162
30112347 2162
30112347 2162
30112347 2162
30112348 2162
30112348 2162
30112348 2162
30112349 2162
30112349 2162
30112349 2162
30112350 2162
30112350 2162
30112350 2162
30112351 2162
30112351 2162
30112351 2162
30112352 2162
30112352 2162
30112352 2162
30112353 2162
30112353 2162
30112353 2162
30112354 2162
30112354 2162
30112354 2162
30112355 2162
30112355 2162
30112355 2322
30112356 2322
30112356 2322
30112356 2322
30112357 2322
30112357 2322
30112357 2322
30112358 2322
30112358 2322
30112358 2322
30112359 2322
30112359 2322
30112359 2322
30112400 2322
30112400 2322
30112400 2322
30112401 2322
30112401 2322
30112401 2322
30112402 2322
30112402 2322
30112402 2322
30112403 2322
30112403 2322
30112403 2322
30112404 2322
30112404 2322
30112404 2322
30112405 2322
30112405 2322
30112405 2322
30112406 2322
30112406 2322
30112406 2322
30112407 2322
30112407 2322
30112407 2322
30112408 2322
30112408 2322
30112408 2322
30112409 2322
30112409 2500
30112409 2500
30112409 2500
30112410 2500
30112410 2500
30112410 2500
30112411 2500
30112411 2500
30112411 2500
30112412 2500
30112412 2500
30112412 2500
30112413 2500
30112413 2500
30112413 2500
30112414 2500
30112414 2500
30112414 2500
30112415 2500
30112415 2500
30112415 2500
30112416 2500
30112416 2500
30112416 2500
30112417 2500
30112417 2500
30112417 2500
30112418 2500
30112418 2500
30112418 2500
30112419 2500
30112419 2500
30112419 2500
30112420 2500
30112420 2500
30112420 2500
30112421 2500
30112421 2500
30112421 2500
30112422 2700
30112422 2700
30112422 2700
30112423 2700
30112423 2700
30112423 2700
30112424 2700
30112424 2700
30112424 2700
30112425 2700
30112425 2700
30112425 2700
30112426 2700
30112426 2700
30112426 2700
30112427 2700
30112427 2700
30112427 2700
30112428 2700
30112428 2700
30112428 2700
30112429 2700
30112429 2700
30112429 2700
30112430 2700
30112430 2700
30112430 2700
30112431 2700
30112431 2700
30112431 2700
30112432 2700
30112432 2700
30112432 2700
30112433 2700
30112433 2700
30112433 2700
30112434 2700
30112434 2700
30112434 2700
30112435 2700
30112435 2924
30112435 2924
30112436 2924
30112436 2924
30112436 2924
30112437 2924
30112437 2924
30112437 2924
30112438 2924
30112438 2924
30112438 2924
30112439 2924
30112439 2924
30112439 2924
30112440 2924
30112440 2924
30112440 2924
30112441 2924
30112441 2924
30112441 2924
30112442 2924
30112442 2924
30112442 2924
30112443 2924
30112443 2924
30112443 2924
30112444 2924
30112444 2924
30112444 2924
30112445 2924
30112445 2924
30112445 2924
30112446 2924
30112446 2924
30112446 2924
30112447 3172
30112447 3172
30112447 3172
30112448 3172
30112448 3172
30112448 3172
30112448 3172
30112449 3172
30112449 3172
30112449 3172
30112450 3172
30112450 3172
30112450 3172
30112451 3172
30112451 3172
30112451 3172
30112452 3172
30112452 3172
30112452 3172
30112453 3172
30112453 3172
30112453 3172
30112454 3172
30112454 3172
30112454 3172
30112455 3172
30112455 3172
30112455 3172
30112456 3452
30112456 3452
30112456 3452
30112457 3452
30112457 3452
30112457 3452
30112458 3452
30112458 3452
30112458 3452
30112459 3452
30112459 3452
30112459 3452
30112500 3452
30112500 3452
30112500 3452
30112501 3452
30112501 3452
30112501 3452
30112502 3452
30112502 3452
30112502 3452
30112503 3452
30112503 3452
30112503 3452
30112504 3452
30112504 3452
30112504 3452
30112505 3452
30112505 3452
30112505 3452
30112506 3452
30112506 3764
30112506 3764
30112507 3764
30112507 3764
30112507 3764
30112508 3764
30112508 3764
30112508 3764
30112509 3764
30112509 3764
30112509 3764
30112510 3764
30112510 3764
30112510 3764
30112511 3764
30112511 3764
30112511 3764
30112512 3764
30112512 3764
30112512 3764
30112513 3764
30112513 3764
30112513 3764
30112514 3764
30112514 3764
30112514 3764
30112515 3764
30112515 3764
30112515 3764
30112516 3764
30112516 3764
30112516 3764
30112517 3764
30112517 3764
30112517 6716
30112518 4112
30112518 4112
30112518 4112
30112519 4112
30112519 4112
30112519 4112
30112520 4112
30112520 4112
30112520 4112
30112521 4112
30112521 4112
30112521 4112
30112522 4112
30112522 4112
30112522 4112
30112523 4112
30112523 4112
30112523 4112
30112524 4112
30112524 4112
30112524 4112
30112525 4112
30112525 4112
30112525 4112
30112526 4112
30112526 4112
30112526 4112
30112527 4112
30112527 4112
30112527 4112
30112528 4112
30112528 4112
30112528 4112
30112529 4112
30112529 4112
30112529 7444
30112529 4496
30112530 4496
30112530 4496
30112530 4496
30112531 4496
30112531 4496
30112531 4496
30112532 4496
30112532 4496
30112532 4496
30112533 4496
30112533 4496
30112533 4496
30112534 4496
30112534 4496
30112534 4496
30112535 4496
30112535 4496
30112535 4496
30112536 4496
30112536 4496
30112536 4496
30112537 4496
30112537 4496
30112537 4496
30112538 4496
30112538 4496
30112538 4496
30112539 4496
30112539 4496
30112539 4496
30112540 4496
30112540 4496
30112540 4496
30112541 4496
30112541 4496
30112541 4496
30112542 4496
30112542 4066
30112542 4924
30112543 4924
30112543 4924
30112543 4924
30112544 4924
30112544 4924
30112544 4924
30112545 4924
30112545 4924
30112545 4924
30112546 4924
30112546 4924
30112546 4924
30112547 4924
30112547 4924
30112547 4924
30112548 4924
30112548 4924
30112548 4924
30112549 4924
30112549 4924
30112549 4924
30112550 4924
30112550 4924
30112550 4924
30112551 4924
30112551 4924
30112551 4924
30112552 4924
30112552 4924
30112552 4924
30112553 4924
30112553 4924
30112553 4924
30112554 4924
30112554 4924
30112554 4924
30112555 4924
30112555 4924
30112555 4924
30112556 4924
30112556 4924
30112556 1646
30112557 1646
30112557 1646
30112557 1646
30112558 1646
30112558 1646
30112558 1646
30112559 1646
30112559 1646
30112559 1646
30112600 1646
30112600 1646
30112600 1646
30112601 1646
30112601 1646
30112601 1646
30112602 1646
30112602 1646
30112602 1646
30112603 1646
30112603 1646
30112603 1646
30112604 1646
30112604 1646
30112604 1646
30112605 1646
30112605 1646
30112605 1646
30112606 1646
30112606 1646
30112606 1646
30112607 1646
30112607 1646
30112607 1646
30112607 1646
30112608 1646
30112608 1646
30112608 1646
30112609 1646
30112609 1646
30112609 1646
30112610 1646
30112610 1700
30112610 1700
30112611 1700
30112611 1700
30112611 1700
30112612 1700
30112612 1700
30112612 1700
30112613 1700
30112613 1700
30112613 1700
30112614 1700
30112614 1700
30112614 1700
30112615 1700
30112615 1700
30112615 1700
30112616 1700
30112616 1700
30112616 1700
30112617 1700
30112617 1700
30112617 1700
30112618 1700
30112618 1700
30112618 1700
30112619 1700
30112619 1700
30112619 1700
30112620 1700
30112620 1700
30112620 1700
30112621 1700
30112621 1700
30112621 1700
30112622 1700
30112622 1700
30112622 1700
30112623 1700
30112623 1700
30112623 1700
30112624 1700
30112624 1700
30112624 1700
30112625 1700
30112625 1760
30112625 1760
30112626 1760
30112626 1760
30112626 1760
30112627 1760
30112627 1760
30112627 1760
30112628 1760
30112628 1760
30112628 1760
30112629 1760
30112629 1760
30112629 1760
30112630 1760
30112630 1760
30112630 1760
30112631 1760
30112631 1760
30112631 1760
30112632 1760
30112632 1760
30112632 1760
30112633 1760
30112633 1760
30112633 1760
30112634 1760
30112634 1760
30112634 1760
30112635 1760
30112635 1760
30112635 1760
30112636 1760
30112636 1760
30112636 1760
30112637 1760
30112637 1760
30112637 1760
30112638 1760
30112638 1760
30112638 1760
30112639 1760
30112639 1760
30112639 1760
30112640 1760
30112640 1760
30112640 1760
30112641 1760
30112641 1760
30112641 1760
30112642 1760
30112642 1760
30112642 1822
30112643 1822
30112643 1822
30112643 1822
30112644 1822
30112644 1822
30112644 1822
30112645 1822
30112645 1822
30112645 1822
30112646 1822
30112646 1822
30112646 1822
30112647 1822
30112647 1822
30112647 1822
30112648 1822
30112648 1822
30112648 1822
30112648 1822
30112649 1822
30112649 1822
30112649 1822
30112650 1822
30112650 1822
30112650 1822
30112651 1822
30112651 1822
30112651 1822
30112652 1822
30112652 1822
30112652 1822
30112653 1822
30112653 1822
30112653 1822
30112654 1822
30112654 1822
30112654 1822
30112655 1822
30112655 1822
30112655 1822
30112656 1822
30112656 1822
30112656 1822
30112657 1822
30112657 1822
30112657 1822
30112658 1822
30112658 1822
30112658 1822
30112659 1822
30112659 1822
30112659 1822
30112700 1822
30112700 1822
30112700 1822
30112701 1822
30112701 1822
30112701 1890
30112702 1890
30112702 1890
30112702 1890
30112703 1890
30112703 1890
30112703 1890
30112704 1890
30112704 1890
30112704 1890
30112705 1890
30112705 1890
30112705 1890
30112706 1890
30112706 1890
30112706 1890
30112707 1890
30112707 1890
30112707 1890
30112708 1890
30112708 1890
30112708 1890
30112709 1890
30112709 1890
30112709 1890
30112710 1890
30112710 1890
30112710 1890
30112711 1890
30112711 1890
30112711 1890
30112712 1890
30112712 1890
30112712 1890
30112713 1890
30112713 1890
30112713 1890
30112714 1890
30112714 1890
30112714 1890
30112715 1890
30112715 1890
30112715 1890
30112716 1890
30112716 1890
30112716 1890
30112717 1890
30112717 1890
30112717 1890
30112718 1890
30112718 1890
30112718 1890
30112719 1890
30112719 1890
30112719 1890
30112720 1890
30112720 1890
30112720 1890
30112721 1890
30112721 1890
30112721 1890
30112722 1890
30112722 1890
30112722 1890
30112723 1890
30112723 1890
30112723 1962
30112724 1962
30112724 1962
30112724 1962
30112725 1962
30112725 1962
30112725 1962
30112726 1962
30112726 1962
30112726 1962
30112727 1962
30112727 1962
30112727 1962
30112728 1962
30112728 1962
30112728 1962
30112728 1962
30112729 1962
30112729 1962
30112729 1962
30112730 1962
30112730 1962
30112730 1962
30112731 1962
30112731 1962
30112731 1962
30112732 1962
30112732 1962
30112732 1962
30112733 1962
30112733 1962
30112733 1962
30112734 1962
30112734 1962
30112734 1962
30112735 1962
30112735 1962
30112735 1962
30112736 1962
30112736 1962
30112736 1962
30112737 1962
30112737 1962
30112737 1962
30112738 1962
30112738 1962
30112738 1962
30112739 1962
30112739 1962
30112739 1962
30112740 1962
30112740 1962
30112740 1962
30112741 1962
30112741 1962
30112741 1962
30112742 1962
30112742 1962
30112742 1962
30112743 1962
30112743 1962
30112743 1962
30112744 1962
30112744 1962
30112744 1962
30112745 1962
30112745 1962
30112745 1962
30112746 1962
30112746 1962
30112746 1962
30112747 1962
30112747 1962
30112747 1962
30112748 2880
30112748 2044
30112748 2044
30112749 2044
30112749 2044
30112749 2044
30112750 2044
30112750 2044
30112750 2044
30112751 2044
30112751 2044
30112751 2044
30112752 2044
30112752 2044
30112752 2044
30112753 2044
30112753 2044
30112753 2044
30112754 2044
30112754 2044
30112754 2044
30112755 2044
30112755 2044
30112755 2044
30112756 2044
30112756 2044
30112756 2044
30112757 2044
30112757 2044
30112757 2044
30112758 2044
30112758 2044
30112758 2044
30112759 2044
30112759 2044
30112759 2044
30112800 2044
30112800 2044
30112800 2044
30112801 2044
30112801 2044
30112801 2044
30112802 2044
30112802 2044
30112802 2044
30112803 2044
30112803 2044
30112803 2044
30112804 2044
30112804 2044
30112804 2044
30112805 2044
30112805 2044
30112805 2044
30112806 2044
30112806 2044
30112806 2044
30112807 2044
30112807 2044
30112807 2044
30112808 2044
30112808 2044
30112808 2044
30112809 2044
30112809 2044
30112809 2044
30112810 2044
30112810 2044
30112810 2044
30112811 2044
30112811 2044
30112811 2044
30112811 2044
30112812 2044
30112812 2044
30112812 2044
30112813 2044
30112813 2044
30112813 2044
30112814 2044
30112814 2044
30112814 2044
30112815 2044
30112815 2044
30112815 2044
30112816 2044
30112816 2130
30112816 2130
30112817 2130
30112817 2130
30112817 2130
30112818 2130
30112818 2130
30112818 2130
30112819 2130
30112819 2130
30112819 2130
30112820 2130
30112820 2130
30112820 2130
30112821 2130
30112821 2130
30112821 2130
30112822 2130
30112822 2130
30112822 2130
30112823 2130
30112823 2130
30112823 2130
30112824 2130
30112824 2130
30112824 2130
30112825 2130
30112825 2130
30112825 2130
30112826 2130
30112826 2130
30112826 2130
30112827 2130
30112827 2130
30112827 2130
30112828 2130
30112828 2130
30112828 2130
30112829 2130
30112829 2130
30112829 2130
30112830 2130
30112830 2130
30112830 2130
30112831 2130
30112831 2130
30112831 2130
30112832 2130
30112832 2130
30112832 2130
30112833 2130
30112833 2130
30112833 2130
30112834 2130
30112834 2130
30112834 2130
30112835 2130
30112835 2130
30112835 2130
30112836 2130
30112836 2130
30112836 2130
30112837 2130
30112837 2130
30112837 2130
30112838 2130
30112838 2130
30112838 2130
30112839 2130
30112839 2130
30112839 2130
30112840 2130
30112840 2130
30112840 2130
30112841 2130
30112841 2130
30112841 2130
30112842 2130
30112842 2130
30112842 2130
30112843 2130
30112843 2130
30112843 2130
30112844 2130
30112844 2130
30112844 2130
30112845 2130
30112845 2130
30112845 2224
30112846 2224
30112846 2224
30112846 2224
30112847 2224
30112847 2224
30112847 2224
30112848 2224
30112848 2224
30112848 2224
30112849 2224
30112849 2224
30112849 2224
30112850 2224
30112850 2224
30112850 2224
30112851 2224
30112851 2224
30112851 2224
30112851 2224
30112852 2224
30112852 2224
30112852 2224
30112853 2224
30112853 2224
30112853 2224
30112854 2224
30112854 2224
30112854 2224
30112855 2224
30112855 2224
30112855 2224
30112856 2224
30112856 2224
30112856 2224
30112857 2224
30112857 2224
30112857 2224
30112858 2224
30112858 2224
30112858 2224
30112859 2224
30112859 2224
30112859 2224
30112900 2224
30112900 2224
30112900 2224
30112901 2224
30112901 2224
30112901 2224
30112902 2224
30112902 2224
30112902 2224
30112903 2224
30112903 2224
30112903 2224
30112904 2224
30112904 2224
30112904 2224
30112905 2224
30112905 2224
30112905 2224
30112906 2224
30112906 2224
30112906 2224
30112907 2224
30112907 2224
30112907 2224
30112908 2224
30112908 2224
30112908 2224
30112909 2224
30112909 2224
30112909 2224
30112910 2224
30112910 2224
30112910 2224
30112911 2224
30112911 2224
30112911 2224
30112912 2224
30112912 2224
30112912 2224
30112913 2224
30112913 2224
30112913 2224
30112914 2224
30112914 2224
30112914 2224
30112915 2224
30112915 2224
30112915 2224
30112916 2224
30112916 2224
30112916 2224
30112917 3416
30112917 2322
30112917 2322
30112918 2322
30112918 2322
30112918 2322
30112919 2322
30112919 2322
30112919 2322
30112920 2322
30112920 2322
30112920 2322
30112921 2322
30112921 2322
30112921 2322
30112922 2322
30112922 2322
30112922 2322
30112923 2322
30112923 2322
30112923 2322
30112924 2322
30112924 2322
30112924 2322
30112925 2322
30112925 2322
30112925 2322
30112926 2322
30112926 2322
30112926 2322
30112927 2322
30112927 2322
30112927 2322
30112928 2322
30112928 2322
30112928 2322
30112929 2322
30112929 2322
30112929 2322
30112930 2322
30112930 2322
30112930 2322
30112931 2322
30112931 2322
30112931 2322
30112932 2322
30112932 2322
30112932 2322
30112932 2322
30112933 2322
30112933 2322
30112933 2322
30112934 2322
30112934 2322
30112934 2322
30112935 2322
30112935 2322
30112935 2322
30112936 2322
30112936 2322
30112936 2322
30112937 2322
30112937 2322
30112937 2322
30112938 2322
30112938 2322
30112938 2322
30112939 2322
30112939 2322
30112939 2322
30112940 2322
30112940 2322
30112940 2322
30112941 2322
30112941 2322
30112941 2322
30112942 2322
30112942 2322
30112942 2322
30112943 2322
30112943 2322
30112943 2322
30112944 2322
30112944 2322
30112944 2322
30112945 2322
30112945 2322
30112945 2322
30112946 2322
30112946 2322
30112946 2322
30112947 2322
30112947 2322
30112947 2322
30112948 2322
30112948 2322
30112948 2322
30112949 2322
30112949 2322
30112949 2322
30112950 2322
30112950 2322
30112950 2322
30112951 2322
30112951 2322
30112951 2322
30112952 2322
30112952 2322
30112952 2322
30112953 2322
30112953 2430
30112953 2430
30112954 2430
30112954 2430
30112954 2430
30112955 2430
30112955 2430
30112955 2430
30112956 2430
30112956 2430
30112956 2430
30112957 2430
30112957 2430
30112957 2430
30112958 2430
30112958 2430
30112958 2430
30112959 2430
30112959 2430
30112959 2430
30113000 2430
30113000 2430
30113000 2430
30113001 2430
30113001 2430
30113001 2430
30113002 2430
30113002 2430
30113002 2430
30113003 2430
30113003 2430
30113003 2430
30113004 2430
30113004 2430
30113004 2430
30113005 2430
30113005 2430
30113005 2430
30113006 2430
30113006 2430
30113006 2430
30113007 2430
30113007 2430
30113007 2430
30113008 2430
30113008 2430
30113008 2430
30113009 2430
30113009 2430
30113009 2430
30113010 2430
30113010 2430
30113010 2430
30113011 2430
30113011 2430
30113011 2430
30113011 2430
30113012 2430
30113012 2430
30113012 2430
30113013 2430
30113013 2430
30113013 2430
30113014 2430
30113014 2430
30113014 2430
30113015 2430
30113015 2430
30113015 2430
30113016 2430
30113016 2430
30113016 2430
30113017 2430
30113017 2430
30113017 2430
30113018 2430
30113018 2430
30113018 2430
30113019 2430
30113019 2430
30113019 2430
30113020 2430
30113020 2430
30113020 2430
30113021 2430
30113021 2430
30113021 2430
30113022 2430
30113022 2430
30113022 2430
30113023 2430
30113023 2430
30113023 2430
30113024 2430
30113024 2430
30113024 2430
30113025 2430
30113025 2430
30113025 2430
30113026 2430
30113026 2430
30113026 2430
30113027 2430
30113027 2430
30113027 2430
30113028 2430
30113028 2430
30113028 2430
30113029 2430
30113029 2430
30113029 2430
30113030 2430
30113030 2430
30113030 2430
30113031 2430
30113031 2430
30113031 2430
30113032 2430
30113032 2430
30113032 2430
30113033 2430
30113033 2430
30113033 2546
30113034 2546
30113034 2546
30113034 2546
30113035 2546
30113035 2546
30113035 2546
30113036 2546
30113036 2546
30113036 2546
30113037 2546
30113037 2546
30113037 2546
30113038 2546
30113038 2546
30113038 2546
30113039 2546
30113039 2546
30113039 2546
30113040 2546
30113040 2546
30113040 2546
30113041 2546
30113041 2546
30113041 2546
30113042 2546
30113042 2546
30113042 2546
30113043 2546
30113043 2546
30113043 2546
30113044 2546
30113044 2546
30113044 2546
30113045 2546
30113045 2546
30113045 2546
30113046 2546
30113046 2546
30113046 2546
30113047 2546
30113047 2546
30113047 2546
30113048 2546
30113048 2546
30113048 2546
30113049 2546
30113049 2546
30113049 2546
30113050 2546
30113050 2546
30113050 2546
30113050 2546
30113051 2546
30113051 2546
30113051 2546
30113052 2546
30113052 2546
30113052 2546
30113053 2546
30113053 2546
30113053 2546
30113054 2546
30113054 2546
30113054 2546
30113055 2546
30113055 2546
30113055 2546
30113056 2546
30113056 2546
30113056 2546
30113057 2546
30113057 2546
30113057 2546
30113058 2546
30113058 2546
30113058 2546
30113059 2546
30113059 2546
30113059 2546
30113100 2546
30113100 2546
30113100 2546
30113101 2546
30113101 2546
30113101 2546
30113102 2546
30113102 2546
30113102 2546
30113103 2546
30113103 4084
30113103 2668
30113104 2668
30113104 2668
30113104 2668
30113105 2668
30113105 2668
30113105 2668
30113106 2668
30113106 2668
30113106 2668
30113107 2668
30113107 2668
30113107 2668
30113108 2668
30113108 2668
30113108 2668
30113109 2668
30113109 2668
30113109 2668
30113110 2668
30113110 2668
30113110 2668
30113111 2668
30113111 2668
30113111 2668
30113112 2668
30113112 2668
30113112 2668
30113113 2668
30113113 2668
30113113 2668
30113114 2668
30113114 2668
30113114 2668
30113115 2668
30113115 2668
30113115 2668
30113116 2668
30113116 2668
30113116 2668
30113117 2668
30113117 2668
30113117 2668
30113118 2668
30113118 2668
30113118 2668
30113119 2668
30113119 2668
30113119 2668
30113120 2668
30113120 2668
30113120 2668
30113121 2668
30113121 2668
30113121 2668
30113122 2668
30113122 2668
30113122 2668
30113123 2668
30113123 2668
30113123 2668
30113124 2668
30113124 2668
30113124 2668
30113125 2668
30113125 2668
30113125 2668
30113126 2668
30113126 2668
30113126 2668
30113127 2668
30113127 2668
30113127 2668
30113128 2668
30113128 2668
30113128 2668
30113129 2668
30113129 2668
30113129 2668
30113129 2668
30113130 2668
30113130 2668
30113130 2668
30113131 2668
30113131 2668
30113131 2668
30113132 2668
30113132 2668
30113132 2668
30113133 2668
30113133 2668
30113133 2668
30113134 2668
30113134 2668
30113134 2668
30113135 2668
30113135 2668
30113135 2668
30113136 2668
30113136 2668
30113136 2668
30113137 2800
30113137 2800
30113137 2800
30113138 2800
30113138 2800
30113138 2800
30113139 2800
30113139 2800
30113139 2800
30113140 2800
30113140 2800
30113140 2800
30113141 2800
30113141 2800
30113141 2800
30113142 2800
30113142 2800
30113142 2800
30113143 2800
30113143 2800
30113143 2800
30113144 2800
30113144 2800
30113144 2800
30113145 2800
30113145 2800
30113145 2800
30113146 2800
30113146 2800
30113146 2800
30113147 2800
30113147 2800
30113147 2800
30113148 2800
30113148 2800
30113148 2800
30113149 2800
30113149 2800
30113149 2800
30113150 2800
30113150 2800
30113150 2800
30113151 2800
30113151 2800
30113151 2800
30113152 2800
30113152 2800
30113152 2800
30113153 2800
30113153 2800
30113153 2800
30113154 2800
30113154 2800
30113154 2800
30113155 2800
30113155 2800
30113155 2800
30113156 2800
30113156 2800
30113156 2800
30113157 2800
30113157 2800
30113157 2800
30113158 2800
30113158 2800
30113158 2800
30113159 2800
30113159 2800
30113159 2800
30113200 2800
30113200 2800
30113200 2800
30113201 2800
30113201 2800
30113201 2800
30113202 2800
30113202 2800
30113202 2800
30113203 2800
30113203 2800
30113203 2800
30113204 2800
30113204 2800
30113204 2800
30113205 2800
30113205 2800
30113205 2800
30113206 2800
30113206 2800
30113206 2800
30113207 2800
30113207 2800
30113207 2800
30113208 2800
30113208 2800
30113208 2800
30113209 2800
30113209 2800
30113209 2800
30113209 2800
30113210 2800
30113210 4610
30113210 2940
30113211 2940
30113211 2940
30113211 2940
30113212 2940
30113212 2940
30113212 2940
30113213 2940
30113213 2940
30113213 2940
30113214 2940
30113214 2940
30113214 2940
30113215 2940
30113215 2940
30113215 2940
30113216 2940
30113216 2940
30113216 2940
30113217 2940
30113217 2940
30113217 2940
30113218 2940
30113218 2940
30113218 2940
30113219 2940
30113219 2940
30113219 2940
30113220 2940
30113220 2940
30113220 2940
30113221 2940
30113221 2940
30113221 2940
30113222 2940
30113222 2940
30113222 2940
30113223 2940
30113223 2940
30113223 2940
30113224 2940
30113224 2940
30113224 2940
30113225 2940
30113225 2940
30113225 2940
30113226 2940
30113226 2940
30113226 2940
30113227 2940
30113227 2940
30113227 2940
30113228 2940
30113228 2940
30113228 2940
30113229 2940
30113229 2940
30113229 2940
30113230 2940
30113230 2940
30113230 2940
30113231 2940
30113231 2940
30113231 2940
30113232 2940
30113232 2940
30113232 2940
30113233 2940
30113233 2940
30113233 2940
30113234 2940
30113234 2940
30113234 2940
30113235 2940
30113235 2940
30113235 2940
30113236 2940
30113236 2940
30113236 2940
30113237 2940
30113237 2940
30113237 2940
30113238 2940
30113238 2940
30113238 2940
30113239 2940
30113239 2940
30113239 2940
30113240 2940
30113240 2940
30113240 2940
30113241 2940
30113241 2940
30113241 2940
30113242 2940
30113242 2940
30113242 2940
30113243 2940
30113243 2940
30113243 2940
30113244 2940
30113244 2940
30113244 2940
30113245 2940
30113245 2940
30113245 2940
30113246 2940
30113246 2940
30113246 2940
30113247 2940
30113247 3094
30113247 3094
30113248 3094
30113248 3094
30113248 3094
30113248 3094
30113249 3094
30113249 3094
30113249 3094
30113250 3094
30113250 3094
30113250 3094
30113251 3094
30113251 3094
30113251 3094
30113252 3094
30113252 3094
30113252 3094
30113253 3094
30113253 3094
30113253 3094
30113254 3094
30113254 3094
30113254 3094
30113255 3094
30113255 3094
30113255 3094
30113256 3094
30113256 3094
30113256 3094
30113257 3094
30113257 3094
30113257 3094
30113258 3094
30113258 3094
30113258 3094
30113259 3094
30113259 3094
30113259 3094
30113300 3094
30113300 3094
30113300 3094
30113301 3094
30113301 3094
30113301 3094
30113302 3094
30113302 3094
30113302 3094
30113303 3094
30113303 3094
30113303 3094
30113304 3094
30113304 3094
30113304 3094
30113305 3094
30113305 3094
30113305 3094
30113306 3094
30113306 3094
30113306 3094
30113307 3094
30113307 3094
30113307 3094
30113308 3094
30113308 3094
30113308 3094
30113309 3094
30113309 3094
30113309 3094
30113310 3094
30113310 3094
30113310 3094
30113311 3094
30113311 3094
30113311 3094
30113312 3094
30113312 3094
30113312 3094
30113313 3094
30113313 3094
30113313 3094
30113314 3094
30113314 3094
30113314 3094
30113315 3094
30113315 3094
30113315 3094
30113316 3094
30113316 3094
30113316 3094
30113317 3094
30113317 3094
30113317 3094
30113318 3094
30113318 3094
30113318 3094
30113319 3094
30113319 3094
30113319 3094
30113320 3094
30113320 3094
30113320 3094
30113321 3094
30113321 3094
30113321 3094
30113322 3094
30113322 3094
30113322 3094
30113323 3094
30113323 3094
30113323 3094
30113324 3094
30113324 3094
30113324 3094
30113325 3094
30113325 3094
30113325 3094
30113326 3094
30113326 3094
30113326 3094
30113327 3094
30113327 3094
30113327 3094
30113328 3094
30113328 3254
30113328 3254
30113329 3254
30113329 3254
30113329 3254
30113329 3254
30113330 3254
30113330 3254
30113330 3254
30113331 3254
30113331 3254
30113331 3254
30113332 3254
30113332 3254
30113332 3254
30113333 3254
30113333 3254
30113333 3254
30113334 3254
30113334 3254
30113334 3254
30113335 3254
30113335 3254
30113335 3254
30113336 3254
30113336 3254
30113336 3254
30113337 3254
30113337 3254
30113337 3254
30113338 3254
30113338 3254
30113338 3254
30113339 3254
30113339 3254
30113339 3254
30113340 3254
30113340 3254
30113340 3254
30113341 3254
30113341 3254
30113341 3254
30113342 3254
30113342 3254
30113342 5548
30113343 3426
30113343 3426
30113343 3426
30113344 3426
30113344 3426
30113344 3426
30113345 3426
30113345 3426
30113345 3426
30113346 3426
30113346 3426
30113346 3426
30113347 3426
30113347 3426
30113347 3426
30113348 3426
30113348 3426
30113348 3426
30113349 3426
30113349 3426
30113349 3426
30113350 3426
30113350 3426
30113350 3426
30113351 3426
30113351 3426
30113351 3426
30113352 3426
30113352 3426
30113352 3426
30113353 3426
30113353 3426
30113353 3426
30113354 3426
30113354 3426
30113354 3426
30113355 3426
30113355 3426
30113355 3426
30113356 3426
30113356 3426
30113356 3426
30113357 3426
30113357 3426
30113357 3426
30113358 3426
30113358 3426
30113358 3612
30113359 3612
30113359 3612
30113359 3612
30113400 3612
30113400 3612
30113400 3612
30113401 3612
30113401 3612
30113401 3612
30113402 3612
30113402 3612
30113402 3612
30113403 3612
30113403 3612
30113403 3612
30113404 3612
30113404 3612
30113404 3612
30113405 3612
30113405 3612
30113405 3612
30113406 3612
30113406 3612
30113406 3612
30113407 3612
30113407 3612
30113407 3612
30113408 3612
30113408 3612
30113408 3612
30113409 3612
30113409 3612
30113409 3612
30113409 3612
30113410 3612
30113410 3612
30113410 3612
30113411 3612
30113411 3612
30113411 3612
30113412 3612
30113412 3612
30113412 3612
30113413 3612
30113413 3612
30113413 3612
30113414 3612
30113414 3612
30113414 3808
30113415 3808
30113415 3808
30113415 3808
30113416 3808
30113416 3808
30113416 3808
30113417 3808
30113417 3808
30113417 3808
30113418 3808
30113418 3808
30113418 3808
30113419 3808
30113419 3808
30113419 3808
30113420 3808
30113420 3808
30113420 3808
30113421 3808
30113421 3808
30113421 3808
30113422 3808
30113422 3808
30113422 3808
30113423 3808
30113423 3808
30113423 3808
30113424 3808
30113424 3808
30113424 3808
30113425 3808
30113425 3808
30113425 3808
30113426 3808
30113426 3808
30113426 3808
30113427 3808
30113427 3808
30113427 3808
30113428 3808
30113428 3808
30113428 3808
30113429 3808
30113429 3808
30113429 1344
30113430 1344
30113430 1344
30113430 1344
30113431 1344
30113431 1344
30113431 1344
30113432 1344
30113432 1344
30113432 1344
30113433 1344
30113433 1344
30113433 1344
30113434 1344
30113434 1344
30113434 1344
30113435 1344
30113435 1344
30113435 1344
30113436 1344
30113436 1344
30113436 1344
30113437 1344
30113437 1344
30113437 1344
30113438 1344
30113438 1344
30113438 1344
30113439 1344
30113439 1344
30113439 1344
30113440 1344
30113440 1344
30113440 1344
30113441 1344
30113441 1344
30113441 1344
30113442 1344
30113442 1344
30113442 1358
30113443 1358
30113443 1358
30113443 1358
30113444 1358
30113444 1358
30113444 1358
30113445 1358
30113445 1358
30113445 1358
30113446 1358
30113446 1358
30113446 1358
30113447 1358
30113447 1358
30113447 1358
30113448 1358
30113448 1358
30113448 1358
30113449 1358
30113449 1358
30113449 1358
30113449 1358
30113450 1358
30113450 1358
30113450 1358
30113451 1358
30113451 1358
30113451 1358
30113452 1358
30113452 1358
30113452 1358
30113453 1358
30113453 1358
30113453 1358
30113454 1358
30113454 1358
30113454 1358
30113455 1358
30113455 1358
30113455 1358
30113456 1358
30113456 1358
30113456 1358
30113457 1372
30113457 1372
30113457 1372
30113458 1372
30113458 1372
30113458 1372
30113459 1372
30113459 1372
30113459 1372
30113500 1372
30113500 1372
30113500 1372
30113501 1372
30113501 1372
30113501 1372
30113502 1372
30113502 1372
30113502 1372
30113503 1372
30113503 1372
30113503 1372
30113504 1372
30113504 1372
30113504 1372
30113505 1372
30113505 1372
30113505 1372
30113506 1372
30113506 1372
30113506 1372
30113507 1372
30113507 1372
30113507 1372
30113508 1372
30113508 1372
30113508 1372
30113509 1372
30113509 1372
30113509 1372
30113510 1372
30113510 1372
30113510 1372
30113511 1372
30113511 1372
30113511 1372
30113512 1372
30113512 1372
30113512 1372
30113513 1388
30113513 1388
30113513 1388
30113514 1388
30113514 1388
30113514 1388
30113515 1388
30113515 1388
30113515 1388
30113516 1388
30113516 1388
30113516 1388
30113517 1388
30113517 1388
30113517 1388
30113518 1388
30113518 1388
30113518 1388
30113519 1388
30113519 1388
30113519 1388
30113520 1388
30113520 1388
30113520 1388
30113521 1388
30113521 1388
30113521 1388
30113522 1388
30113522 1388
30113522 1388
30113523 1388
30113523 1388
30113523 1388
30113524 1388
30113524 1672
30113524 1404
30113525 1404
30113525 1404
30113525 1404
30113526 1404
30113526 1404
30113526 1404
30113527 1404
30113527 1404
30113527 1404
30113528 1404
30113528 1404
30113528 1404
30113528 1404
30113529 1404
30113529 1404
30113529 1404
30113530 1404
30113530 1404
30113530 1404
30113531 1404
30113531 1404
30113531 1404
30113532 1404
30113532 1404
30113532 1404
30113533 1404
30113533 1404
30113533 1404
30113534 1404
30113534 1404
30113534 1404
30113535 1404
30113535 1404
30113535 1404
30113536 1404
30113536 1404
30113536 1404
30113537 1420
30113537 1420
30113537 1420
30113538 1420
30113538 1420
30113538 1420
30113539 1420
30113539 1420
30113539 1420
30113540 1420
30113540 1420
30113540 1420
30113541 1420
30113541 1420
30113541 1420
30113542 1420
30113542 1420
30113542 1420
30113543 1420
30113543 1420
30113543 1420
30113544 1420
30113544 1420
30113544 1420
30113545 1420
30113545 1420
30113545 1420
30113546 1420
30113546 1420
30113546 1420
30113547 1420
30113547 1420
30113547 1420
30113548 1420
30113548 1420
30113548 1420
30113549 1420
30113549 1420
30113549 1420
30113550 1420
30113550 1122
30113550 1438
30113551 1438
30113551 1438
30113551 1438
30113552 1438
30113552 1438
30113552 1438
30113553 1438
30113553 1438
30113553 1438
30113554 1438
30113554 1438
30113554 1438
30113555 1438
30113555 1438
30113555 1438
30113556 1438
30113556 1438
30113556 1438
30113557 1438
30113557 1438
30113557 1438
30113558 1438
30113558 1438
30113558 1438
30113559 1438
30113559 1438
30113559 1438
30113600 1438
30113600 1438
30113600 1438
30113601 1438
30113601 1438
30113601 1438
30113602 1438
30113602 1438
30113602 1438
30113603 1438
30113603 1438
30113603 1438
30113604 1438
30113604 1438
30113604 1438
30113605 1438
30113605 1438
30113605 1458
30113606 1458
30113606 1458
30113606 1458
30113606 1458
30113607 1458
30113607 1458
30113607 1458
30113608 1458
30113608 1458
30113608 1458
30113609 1458
30113609 1458
30113609 1458
30113610 1458
30113610 1458
30113610 1458
30113611 1458
30113611 1458
30113611 1458
30113612 1458
30113612 1458
30113612 1458
30113613 1458
30113613 1458
30113613 1458
30113614 1458
30113614 1458
30113614 1458
30113615 1458
30113615 1458
30113615 1458
30113616 1458
30113616 1458
30113616 1458
30113617 1458
30113617 1458
30113617 1458
30113618 1458
30113618 1458
30113618 1458
30113619 1458
30113619 1458
30113619 1458
30113620 1458
30113620 1458
30113620 1458
30113621 1812
30113621 1476
30113621 1476
30113622 1476
30113622 1476
30113622 1476
30113623 1476
30113623 1476
30113623 1476
30113624 1476
30113624 1476
30113624 1476
30113625 1476
30113625 1476
30113625 1476
30113626 1476
30113626 1476
30113626 1476
30113627 1476
30113627 1476
30113627 1476
30113628 1476
30113628 1476
30113628 1476
30113629 1476
30113629 1476
30113629 1476
30113630 1476
30113630 1476
30113630 1476
30113631 1476
30113631 1476
30113631 1476
30113632 1476
30113632 1476
30113632 1476
30113633 1476
30113633 1476
30113633 1476
30113634 1476
30113634 1476
30113634 1476
30113635 1476
30113635 1476
30113635 1476
30113636 1476
30113636 1476
30113636 1476
30113637 1476
30113637 1476
30113637 1476
30113638 1476
30113638 1498
30113638 1498
30113639 1498
30113639 1498
30113639 1498
30113640 1498
30113640 1498
30113640 1498
30113641 1498
30113641 1498
30113641 1498
30113642 1498
30113642 1498
30113642 1498
30113643 1498
30113643 1498
30113643 1498
30113644 1498
30113644 1498
30113644 1498
30113645 1498
30113645 1498
30113645 1498
30113646 1498
30113646 1498
30113646 1498
30113646 1498
30113647 1498
30113647 1498
30113647 1498
30113648 1498
30113648 1498
30113648 1498
30113649 1498
30113649 1498
30113649 1498
30113650 1498
30113650 1498
30113650 1498
30113651 1498
30113651 1498
30113651 1498
30113652 1498
30113652 1498
30113652 1498
30113653 1498
30113653 1498
30113653 1498
30113654 1498
30113654 1498
30113654 1498
30113655 1498
30113655 1498
30113655 1498
30113656 1498
30113656 1498
30113656 1498
30113657 1518
30113657 1518
30113657 1518
30113658 1518
30113658 1518
30113658 1518
30113659 1518
30113659 1518
30113659 1518
30113700 1518
30113700 1518
30113700 1518
30113701 1518
30113701 1518
30113701 1518
30113702 1518
30113702 1518
30113702 1518
30113703 1518
30113703 1518
30113703 1518
30113704 1518
30113704 1518
30113704 1518
30113705 1518
30113705 1518
30113705 1518
30113706 1518
30113706 1518
30113706 1518
30113707 1518
30113707 1518
30113707 1518
30113708 1518
30113708 1518
30113708 1518
30113709 1518
30113709 1518
30113709 1518
30113710 1518
30113710 1518
30113710 1518
30113711 1518
30113711 1518
30113711 1518
30113712 1518
30113712 1518
30113712 1518
30113713 1518
30113713 1518
30113713 1518
30113714 1518
30113714 1518
30113714 1518
30113715 1518
30113715 1518
30113715 1518
30113716 1518
30113716 1518
30113716 1518
30113717 1518
30113717 1518
30113717 1518
30113718 1518
30113718 1542
30113718 1542
30113719 1542
30113719 1542
30113719 1542
30113720 1542
30113720 1542
30113720 1542
30113721 1542
30113721 1542
30113721 1542
30113722 1542
30113722 1542
30113722 1542
30113723 1542
30113723 1542
30113723 1542
30113724 1542
30113724 1542
30113724 1542
30113725 1542
30113725 1542
30113725 1542
30113726 1542
30113726 1542
30113726 1542
30113726 1542
30113727 1542
30113727 1542
30113727 1542
30113728 1542
30113728 1542
30113728 1542
30113729 1542
30113729 1542
30113729 1542
30113730 1542
30113730 1542
30113730 1542
30113731 1542
30113731 1542
30113731 1542
30113732 1542
30113732 1542
30113732 1542
30113733 1542
30113733 1542
30113733 1542
30113734 1542
30113734 1542
30113734 1542
30113735 1542
30113735 1542
30113735 1542
30113736 1542
30113736 1542
30113736 1542
30113737 1542
30113737 1542
30113737 1542
30113738 1542
30113738 1542
30113738 1542
30113739 1542
30113739 1542
30113739 1542
30113740 1542
30113740 1542
30113740 1542
30113741 1542
30113741 1564
30113741 1564
30113742 1564
30113742 1564
30113742 1564
30113743 1564
30113743 1564
30113743 1564
30113744 1564
30113744 1564
30113744 1564
30113745 1564
30113745 1564
30113745 1564
30113746 1564
30113746 1564
30113746 1564
30113747 1564
30113747 1564
30113747 1564
30113748 1564
30113748 1564
30113748 1564
30113749 1564
30113749 1564
30113749 1564
30113750 1564
30113750 1564
30113750 1564
30113751 1564
30113751 1564
30113751 1564
30113752 1564
30113752 1564
30113752 1564
30113753 1564
30113753 1564
30113753 1564
30113754 1564
30113754 1564
30113754 1564
30113755 1564
30113755 1564
30113755 1564
30113756 1564
30113756 1564
30113756 1564
30113757 1564
30113757 1564
30113757 1564
30113758 1564
30113758 1564
30113758 1564
30113759 1564
30113759 1564
30113759 1564
30113800 1564
30113800 1564
30113800 1564
30113801 1564
30113801 1564
30113801 1564
30113802 1564
30113802 1564
30113802 1564
30113803 1564
30113803 1564
30113803 1564
30113804 1564
30113804 1564
30113804 1564
30113805 1564
30113805 1590
30113805 1590
30113806 1590
30113806 1590
30113806 1590
30113806 1590
30113807 1590
30113807 1590
30113807 1590
30113808 1590
30113808 1590
30113808 1590
30113809 1590
30113809 1590
30113809 1590
30113810 1590
30113810 1590
30113810 1590
30113811 1590
30113811 1590
30113811 1590
30113812 1590
30113812 1590
30113812 1590
30113813 1590
30113813 1590
30113813 1590
30113814 1590
30113814 1590
30113814 1590
30113815 1590
30113815 1590
30113815 1590
30113816 1590
30113816 1590
30113816 1590
30113817 1590
30113817 1590
30113817 1590
30113818 1590
30113818 1590
30113818 1590
30113819 1590
30113819 1590
30113819 1590
30113820 1590
30113820 1590
30113820 1590
30113821 1590
30113821 1590
30113821 1590
30113822 1590
30113822 1590
30113822 1590
30113823 1590
30113823 1590
30113823 1590
30113824 1590
30113824 1590
30113824 1590
30113825 1590
30113825 1590
30113825 1590
30113826 1590
30113826 1590
30113826 1590
30113827 1590
30113827 1590
30113827 1590
30113828 1590
30113828 1590
30113828 1590
30113829 1590
30113829 1590
30113829 1590
30113830 1590
30113830 1590
30113830 1590
30113831 1590
30113831 1590
30113831 1590
30113832 1590
30113832 1590
30113832 1590
30113833 1590
30113833 1614
30113833 1614
30113834 1614
30113834 1614
30113834 1614
30113835 1614
30113835 1614
30113835 1614
30113836 1614
30113836 1614
30113836 1614
30113837 1614
30113837 1614
30113837 1614
30113838 1614
30113838 1614
30113838 1614
30113839 1614
30113839 1614
30113839 1614
30113840 1614
30113840 1614
30113840 1614
30113841 1614
30113841 1614
30113841 1614
30113842 1614
30113842 1614
30113842 1614
30113843 1614
30113843 1614
30113843 1614
30113844 1614
30113844 1614
30113844 1614
30113845 1614
30113845 1614
30113845 1614
30113845 1614
30113846 1614
30113846 1614
30113846 1614
30113847 1614
30113847 1614
30113847 1614
30113848 1614
30113848 1614
30113848 1614
30113849 1614
30113849 1614
30113849 1614
30113850 1614
30113850 1614
30113850 1614
30113851 1614
30113851 1614
30113851 1614
30113852 1614
30113852 1614
30113852 1614
30113853 1614
30113853 1614
30113853 1614
30113854 1614
30113854 1614
30113854 1614
30113855 1614
30113855 1614
30113855 1614
30113856 1614
30113856 1614
30113856 1614
30113857 1614
30113857 1614
30113857 1614
30113858 1614
30113858 1614
30113858 1614
30113859 1614
30113859 1614
30113859 1614
30113900 1614
30113900 1614
30113900 1614
30113901 1614
30113901 1614
30113901 1614
30113902 2134
30113902 1640
30113902 1640
30113903 1640
30113903 1640
30113903 1640
30113904 1640
30113904 1640
30113904 1640
30113905 1640
30113905 1640
30113905 1640
30113906 1640
30113906 1640
30113906 1640
30113907 1640
30113907 1640
30113907 1640
30113908 1640
30113908 1640
30113908 1640
30113909 1640
30113909 1640
30113909 1640
30113910 1640
30113910 1640
30113910 1640
30113911 1640
30113911 1640
30113911 1640
30113912 1640
30113912 1640
30113912 1640
30113913 1640
30113913 1640
30113913 1640
30113914 1640
30113914 1640
30113914 1640
30113915 1640
30113915 1640
30113915 1640
30113916 1640
30113916 1640
30113916 1640
30113917 1640
30113917 1640
30113917 1640
30113918 1640
30113918 1640
30113918 1640
30113919 1640
30113919 1640
30113919 1640
30113920 1640
30113920 1640
30113920 1640
30113921 1640
30113921 1640
30113921 1640
30113922 1640
30113922 1640
30113922 1640
30113923 1640
30113923 1640
30113923 1640
30113924 1640
30113924 1640
30113924 1640
30113924 1640
30113925 1640
30113925 1640
30113925 1640
30113926 1640
30113926 1640
30113926 1640
30113927 1640
30113927 1640
30113927 1640
30113928 1640
30113928 1640
30113928 1640
30113929 1640
30113929 1640
30113929 1640
30113930 1640
30113930 1640
30113930 1640
30113931 1640
30113931 1640
30113931 1640
30113932 1640
30113932 1668
30113932 1668
30113933 1668
30113933 1668
30113933 1668
30113934 1668
30113934 1668
30113934 1668
30113935 1668
30113935 1668
30113935 1668
30113936 1668
30113936 1668
30113936 1668
30113937 1668
30113937 1668
30113937 1668
30113938 1668
30113938 1668
30113938 1668
30113939 1668
30113939 1668
30113939 1668
30113940 1668
30113940 1668
30113940 1668
30113941 1668
30113941 1668
30113941 1668
30113942 1668
30113942 1668
30113942 1668
30113943 1668
30113943 1668
30113943 1668
30113944 1668
30113944 1668
30113944 1668
30113945 1668
30113945 1668
30113945 1668
30113946 1668
30113946 1668
30113946 1668
30113947 1668
30113947 1668
30113947 1668
30113948 1668
30113948 1668
30113948 1668
30113949 1668
30113949 1668
30113949 1668
30113950 1668
30113950 1668
30113950 1668
30113951 1668
30113951 1668
30113951 1668
30113952 1668
30113952 1668
30113952 1668
30113953 1668
30113953 1668
30113953 1668
30113954 1668
30113954 1668
30113954 1668
30113955 1668
30113955 1668
30113955 1668
30113956 1668
30113956 1668
30113956 1668
30113957 1668
30113957 1668
30113957 1668
30113958 1668
30113958 1668
30113958 1668
30113959 1668
30113959 1668
30113959 1668
30114000 1668
30114000 1668
30114000 1668
30114001 1668
30114001 1668
30114001 1668
30114002 1668
30114002 1668
30114002 1668
30114003 1668
30114003 1668
30114003 1668
30114004 1668
30114004 1668
30114004 1696
30114005 1696
30114005 1696
30114005 1696
30114005 1696
30114006 1696
30114006 1696
30114006 1696
30114007 1696
30114007 1696
30114007 1696
30114008 1696
30114008 1696
30114008 1696
30114009 1696
30114009 1696
30114009 1696
30114010 1696
30114010 1696
30114010 1696
30114011 1696
30114011 1696
30114011 1696
30114012 1696
30114012 1696
30114012 1696
30114013 1696
30114013 1696
30114013 1696
30114014 1696
30114014 1696
30114014 1696
30114015 1696
30114015 1696
30114015 1696
30114016 1696
30114016 1696
30114016 1696
30114017 1696
30114017 1696
30114017 1696
30114018 1696
30114018 1696
30114018 1696
30114019 1696
30114019 1696
30114019 1696
30114020 1696
30114020 1696
30114020 1696
30114021 1696
30114021 1696
30114021 1696
30114022 1696
30114022 1696
30114022 1696
30114023 1696
30114023 1696
30114023 1696
30114024 1696
30114024 1696
30114024 1696
30114025 1696
30114025 1696
30114025 1696
30114026 1696
30114026 1696
30114026 1696
30114027 1696
30114027 1696
30114027 1696
30114028 1696
30114028 1696
30114028 1696
30114029 1696
30114029 1696
30114029 1696
30114030 1696
30114030 1696
30114030 1696
30114031 1696
30114031 1696
30114031 1696
30114032 1696
30114032 1696
30114032 1696
30114033 1696
30114033 1696
30114033 1696
30114034 1696
30114034 1696
30114034 1696
30114035 1696
30114035 1696
30114035 1696
30114036 1696
30114036 1696
30114036 1696
30114037 1696
30114037 1696
30114037 1696
30114038 1696
30114038 1696
30114038 1696
30114039 1696
30114039 1696
30114039 1726
30114040 1726
30114040 1726
30114040 1726
30114041 1726
30114041 1726
30114041 1726
30114042 1726
30114042 1726
30114042 1726
30114043 1726
30114043 1726
30114043 1726
30114043 1726
30114044 1726
30114044 1726
30114044 1726
30114045 1726
30114045 1726
30114045 1726
30114046 1726
30114046 1726
30114046 1726
30114047 1726
30114047 1726
30114047 1726
30114048 1726
30114048 1726
30114048 1726
30114049 1726
30114049 1726
30114049 1726
30114050 1726
30114050 1726
30114050 1726
30114051 1726
30114051 1726
30114051 1726
30114052 1726
30114052 1726
30114052 1726
30114053 1726
30114053 1726
30114053 1726
30114054 1726
30114054 1726
30114054 1726
30114055 1726
30114055 1726
30114055 1726
30114056 1726
30114056 1726
30114056 1726
30114057 1726
30114057 1726
30114057 1726
30114058 1726
30114058 1726
30114058 1726
30114059 1726
30114059 1726
30114059 1726
30114100 1758
30114100 1758
30114100 1758
30114101 1758
30114101 1758
30114101 1758
30114102 1758
30114102 1758
30114102 1758
30114103 1758
30114103 1758
30114103 1758
30114104 1758
30114104 1758
30114104 1758
30114105 1758
30114105 1758
30114105 1758
30114106 1758
30114106 1758
30114106 1758
30114107 1758
30114107 1758
30114107 1758
30114108 1758
30114108 1758
30114108 1758
30114109 1758
30114109 1758
30114109 1758
30114110 1758
30114110 1758
30114110 1758
30114111 1758
30114111 1758
30114111 1758
30114112 1758
30114112 1758
30114112 1758
30114113 1758
30114113 1758
30114113 1758
30114114 1758
30114114 1758
30114114 1758
30114115 1758
30114115 1758
30114115 1758
30114116 1758
30114116 1758
30114116 1758
30114117 1758
30114117 1758
30114117 1758
30114118 1758
30114118 1758
30114118 1758
30114119 1758
30114119 1758
30114119 1758
30114120 1758
30114120 1758
30114120 1758
30114120 1758
30114121 1790
30114121 1790
30114121 1790
30114122 1790
30114122 1790
30114122 1790
30114123 1790
30114123 1790
30114123 1790
30114124 1790
30114124 1790
30114124 1790
30114125 1790
30114125 1790
30114125 1790
30114126 1790
30114126 1790
30114126 1790
30114127 1790
30114127 1790
30114127 1790
30114128 1790
30114128 1790
30114128 1790
30114129 1790
30114129 1790
30114129 1790
30114130 1790
30114130 1790
30114130 1790
30114131 1790
30114131 1790
30114131 1790
30114132 1790
30114132 1790
30114132 1790
30114133 1790
30114133 1790
30114133 1790
30114134 1790
30114134 1790
30114134 1790
30114135 1790
30114135 1790
30114135 1790
30114136 1790
30114136 1790
30114136 1790
30114137 1790
30114137 1790
30114137 1790
30114138 1790
30114138 1790
30114138 1790
30114139 1790
30114139 1790
30114139 1790
30114140 1790
30114140 1790
30114140 1790
30114141 1790
30114141 1790
30114141 1790
30114142 1790
30114142 1790
30114142 1790
30114143 1790
30114143 1790
30114143 1790
30114144 1790
30114144 1822
30114144 1822
30114145 1822
30114145 1822
30114145 1822
30114146 1822
30114146 1822
30114146 1822
30114147 1822
30114147 1822
30114147 1822
30114148 1822
30114148 1822
30114148 1822
30114149 1822
30114149 1822
30114149 1822
30114150 1822
30114150 1822
30114150 1822
30114151 1822
30114151 1822
30114151 1822
30114152 1822
30114152 1822
30114152 1822
30114153 1822
30114153 1822
30114153 1822
30114154 1822
30114154 1822
30114154 1822
30114155 1822
30114155 1822
30114155 1822
30114156 1822
30114156 1822
30114156 1822
30114157 1822
30114157 1822
30114157 1822
30114158 1822
30114158 1822
30114158 1822
30114158 1822
30114159 1822
30114159 1822
30114159 1822
30114200 1822
30114200 1822
30114200 1822
30114201 1822
30114201 1822
30114201 1822
30114202 1822
30114202 1822
30114202 1822
30114203 1822
30114203 1822
30114203 1822
30114204 1822
30114204 1822
30114204 1822
30114205 1822
30114205 1822
30114205 1822
30114206 1822
30114206 1822
30114206 1822
30114207 1822
30114207 1822
30114207 1822
30114208 1822
30114208 1822
30114208 1858
30114209 1858
30114209 1858
30114209 1858
30114210 1858
30114210 1858
30114210 1858
30114211 1858
30114211 1858
30114211 1858
30114212 1858
30114212 1858
30114212 1858
30114213 1858
30114213 1858
30114213 1858
30114214 1858
30114214 1858
30114214 1858
30114215 1858
30114215 1858
30114215 1858
30114216 1858
30114216 1858
30114216 1858
30114217 1858
30114217 1858
30114217 1858
30114218 1858
30114218 1858
30114218 1858
30114219 1858
30114219 1858
30114219 1858
30114220 1858
30114220 1858
30114220 1858
30114221 1858
30114221 1858
30114221 1858
30114222 1858
30114222 1858
30114222 1858
30114223 1858
30114223 1858
30114223 1858
30114224 1858
30114224 1858
30114224 1858
30114225 1858
30114225 1858
30114225 1858
30114226 1858
30114226 1858
30114226 1858
30114227 1858
30114227 1858
30114227 1858
30114228 1858
30114228 1858
30114228 1858
30114229 1858
30114229 1858
30114229 1858
30114230 1858
30114230 1858
30114230 1858
30114231 1858
30114231 1858
30114231 1858
30114232 1858
30114232 1858
30114232 1858
30114233 1858
30114233 1858
30114233 1896
30114234 1896
30114234 1896
30114234 1896
30114235 1896
30114235 1896
30114235 1896
30114236 1896
30114236 1896
30114236 1896
30114237 1896
30114237 1896
30114237 1896
30114238 1896
30114238 1896
30114238 1896
30114238 1896
30114239 1896
30114239 1896
30114239 1896
30114240 1896
30114240 1896
30114240 1896
30114241 1896
30114241 1896
30114241 1896
30114242 1896
30114242 1896
30114242 1896
30114243 1896
30114243 1896
30114243 1896
30114244 1896
30114244 1896
30114244 1896
30114245 1896
30114245 1896
30114245 1896
30114246 1896
30114246 1896
30114246 1896
30114247 1896
30114247 1896
30114247 1896
30114248 1896
30114248 1896
30114248 1896
30114249 1896
30114249 1896
30114249 1896
30114250 1896
30114250 1896
30114250 1896
30114251 1896
30114251 1896
30114251 1896
30114252 1896
30114252 1896
30114252 1896
30114253 1896
30114253 1896
30114253 1896
30114254 1896
30114254 1896
30114254 1896
30114255 1896
30114255 1896
30114255 1896
30114256 1896
30114256 1896
30114256 1896
30114257 1896
30114257 1896
30114257 1896
30114258 1896
30114258 1896
30114258 1896
30114259 1896
30114259 1932
30114259 1932
30114300 1932
30114300 1932
30114300 1932
30114301 1932
30114301 1932
30114301 1932
30114302 1932
30114302 1932
30114302 1932
30114303 1932
30114303 1932
30114303 1932
30114304 1932
30114304 1932
30114304 1932
30114305 1932
30114305 1932
30114305 1932
30114306 1932
30114306 1932
30114306 1932
30114307 1932
30114307 1932
30114307 1932
30114308 1932
30114308 1932
30114308 1932
30114309 1932
30114309 1932
30114309 1932
30114310 1932
30114310 1932
30114310 1932
30114311 1932
30114311 1932
30114311 1932
30114312 1932
30114312 1932
30114312 1932
30114313 1932
30114313 1932
30114313 1932
30114314 1932
30114314 1932
30114314 1932
30114315 1932
30114315 1932
30114315 1932
30114316 1932
30114316 1932
30114316 1932
30114317 1932
30114317 1932
30114317 1932
30114318 1932
30114318 1932
30114318 1932
30114319 1932
30114319 1932
30114319 1932
30114320 1932
30114320 1932
30114320 1932
30114320 1932
30114321 1932
30114321 1932
30114321 1932
30114322 1932
30114322 1932
30114322 1932
30114323 1932
30114323 1932
30114323 1932
30114324 1932
30114324 1932
30114324 1932
30114325 1932
30114325 1932
30114325 1932
30114326 1932
30114326 1932
30114326 1932
30114327 1972
30114327 1972
30114327 1972
30114328 1972
30114328 1972
30114328 1972
30114329 1972
30114329 1972
30114329 1972
30114330 1972
30114330 1972
30114330 1972
30114331 1972
30114331 1972
30114331 1972
30114332 1972
30114332 1972
30114332 1972
30114333 1972
30114333 1972
30114333 1972
30114334 1972
30114334 1972
30114334 1972
30114335 1972
30114335 1972
30114335 1972
30114336 1972
30114336 1972
30114336 1972
30114337 1972
30114337 1972
30114337 1972
30114338 1972
30114338 1972
30114338 1972
30114339 1972
30114339 1972
30114339 1972
30114340 1972
30114340 1972
30114340 1972
30114341 1972
30114341 1972
30114341 1972
30114342 1972
30114342 1972
30114342 1972
30114343 1972
30114343 1972
30114343 1972
30114344 1972
30114344 1972
30114344 1972
30114345 1972
30114345 1972
30114345 1972
30114346 1972
30114346 1972
30114346 1972
30114347 1972
30114347 1972
30114347 1972
30114348 1972
30114348 1972
30114348 1972
30114349 1972
30114349 1972
30114349 1972
30114350 1972
30114350 1972
30114350 1972
30114351 1972
30114351 1972
30114351 1972
30114352 1972
30114352 1972
30114352 1972
30114353 1972
30114353 1972
30114353 1972
30114354 1972
30114354 1972
30114354 1972
30114355 2014
30114355 2014
30114355 2014
30114356 2014
30114356 2014
30114356 2014
30114357 2014
30114357 2014
30114357 2014
30114358 2014
30114358 2014
30114358 2014
30114359 2014
30114359 2014
30114359 2014
30114400 2014
30114400 2014
30114400 2014
30114401 2014
30114401 2014
30114401 2014
30114402 2014
30114402 2014
30114402 2014
30114402 2014
30114403 2014
30114403 2014
30114403 2014
30114404 2014
30114404 2014
30114404 2014
30114405 2014
30114405 2014
30114405 2014
30114406 2014
30114406 2014
30114406 2014
30114407 2014
30114407 2014
30114407 2014
30114408 2014
30114408 2014
30114408 2014
30114409 2014
30114409 2014
30114409 2014
30114410 2014
30114410 2014
30114410 2014
30114411 2014
30114411 2014
30114411 2014
30114412 2014
30114412 2014
30114412 2014
30114413 2014
30114413 2014
30114413 2014
30114414 2014
30114414 2014
30114414 2014
30114415 2014
30114415 2014
30114415 2014
30114416 2014
30114416 2014
30114416 2014
30114417 2014
30114417 2014
30114417 2014
30114418 2014
30114418 2014
30114418 2014
30114419 2014
30114419 2014
30114419 2014
30114420 2014
30114420 2014
30114420 2014
30114421 2014
30114421 2014
30114421 2014
30114422 2014
30114422 2056
30114422 2056
30114423 2056
30114423 2056
30114423 2056
30114424 2056
30114424 2056
30114424 2056
30114425 2056
30114425 2056
30114425 2056
30114426 2056
30114426 2056
30114426 2056
30114427 2056
30114427 2056
30114427 2056
30114428 2056
30114428 2056
30114428 2056
30114429 2056
30114429 2056
30114429 2056
30114430 2056
30114430 2056
30114430 2056
30114431 2056
30114431 2056
30114431 2056
30114432 2056
30114432 2056
30114432 2056
30114433 2056
30114433 2056
30114433 2056
30114434 2056
30114434 2056
30114434 2056
30114435 2056
30114435 2056
30114435 2056
30114436 2056
30114436 2056
30114436 2056
30114437 2056
30114437 2056
30114437 2056
30114438 2056
30114438 2056
30114438 2056
30114439 2056
30114439 2056
30114439 2056
30114439 2056
30114440 2056
30114440 2056
30114440 2056
30114441 2056
30114441 2056
30114441 2056
30114442 2056
30114442 2056
30114442 2056
30114443 2056
30114443 2056
30114443 2056
30114444 2056
30114444 2056
30114444 2056
30114445 2056
30114445 2056
30114445 2056
30114446 2056
30114446 2056
30114446 2056
30114447 2056
30114447 2056
30114447 2056
30114448 2056
30114448 2056
30114448 2056
30114449 2056
30114449 2056
30114449 2056
30114450 2056
30114450 2056
30114450 2056
30114451 2056
30114451 2100
30114451 2100
30114452 2100
30114452 2100
30114452 2100
30114453 2100
30114453 2100
30114453 2100
30114454 2100
30114454 2100
30114454 2100
30114455 2100
30114455 2100
30114455 2100
30114456 2100
30114456 2100
30114456 2100
30114457 2100
30114457 2100
30114457 2100
30114458 2100
30114458 2100
30114458 2100
30114459 2100
30114459 2100
30114459 2100
30114500 2100
30114500 2100
30114500 2100
30114501 2100
30114501 2100
30114501 2100
30114502 2100
30114502 2100
30114502 2100
30114503 2100
30114503 2100
30114503 2100
30114504 2100
30114504 2100
30114504 2100
30114505 2100
30114505 2100
30114505 2100
30114506 2100
30114506 2100
30114506 2100
30114507 2100
30114507 2100
30114507 2100
30114508 2100
30114508 2100
30114508 2100
30114509 2100
30114509 2100
30114509 2100
30114510 2100
30114510 2100
30114510 2100
30114511 2100
30114511 2100
30114511 2100
30114512 2100
30114512 2100
30114512 2100
30114513 2100
30114513 2100
30114513 2100
30114514 2100
30114514 2100
30114514 2100
30114515 2100
30114515 2100
30114515 2100
30114516 2100
30114516 2100
30114516 2100
30114517 2100
30114517 2100
30114517 2100
30114517 2100
30114518 2100
30114518 2100
30114518 2100
30114519 2100
30114519 2100
30114519 2100
30114520 2100
30114520 2100
30114520 2100
30114521 2100
30114521 2144
30114521 2144
30114522 2144
30114522 2144
30114522 2144
30114523 2144
30114523 2144
30114523 2144
30114524 2144
30114524 2144
30114524 2144
30114525 2144
30114525 2144
30114525 2144
30114526 2144
30114526 2144
30114526 2192
30114527 2192
30114527 2192
30114527 2192
30114528 2192
30114528 2192
30114528 2192
30114529 2192
30114529 2192
30114529 2192
30114530 2192
30114530 2192
30114530 2192
30114531 2192
30114531 2192
30114531 2192
30114532 2192
30114532 2242
30114532 2242
30114533 2242
30114533 2242
30114533 2242
30114534 2242
30114534 2242
30114534 2242
30114535 2242
30114535 2242
30114535 2242
30114536 2242
30114536 2242
30114536 2242
30114537 2242
30114537 2242
30114537 2242
30114538 2242
30114538 3416
30114538 2294
30114539 2294
30114539 2294
30114539 2294
30114540 2294
30114540 2294
30114540 2294
30114541 2294
30114541 2294
30114541 2294
30114542 2294
30114542 2294
30114542 2294
30114543 2294
30114543 2294
30114543 2294
30114544 2294
30114544 2294
30114544 2294
30114545 2346
30114545 2346
30114545 2346
30114546 2346
30114546 2346
30114546 2346
30114547 2346
30114547 2346
30114547 2346
30114548 2346
30114548 2346
30114548 2346
30114549 2346
30114549 2346
30114549 2346
30114550 2346
30114550 2346
30114550 2346
30114551 2346
30114551 2346
30114551 2346
30114552 2400
30114552 2400
30114552 2400
30114553 2400
30114553 2400
30114553 2400
30114554 2400
30114554 2400
30114554 2400
30114555 2400
30114555 2400
30114555 2400
30114556 2400
30114556 2400
30114556 2400
30114557 2400
30114557 2400
30114557 2400
30114558 2400
30114558 2400
30114558 2400
30114558 2400
30114559 3738
30114559 2458
30114559 2458
30114600 2458
30114600 2458
30114600 2458
30114601 2458
30114601 2458
30114601 2458
30114602 2458
30114602 2458
30114602 2458
30114603 2458
30114603 2458
30114603 2458
30114604 2458
30114604 2458
30114604 2458
30114605 2458
30114605 2458
30114605 2458
30114606 2458
30114606 2458
30114606 2458
30114607 1182
30114607 1182
30114607 1182
30114608 1182
30114608 1182
30114608 1182
30114609 1182
30114609 1182
30114609 1182
30114610 1182
30114610 1182
30114610 1182
30114611 1182
30114611 1182
30114611 1182
30114612 1182
30114612 1182
30114612 1182
30114613 1182
30114613 1182
30114613 1182
30114614 1182
30114614 1182
30114614 1184
30114615 1184
30114615 1184
30114615 1184
30114616 1184
30114616 1184
30114616 1184
30114617 1184
30114617 1184
30114617 1184
30114618 1184
30114618 1184
30114618 1184
30114619 1184
30114619 1184
30114619 1184
30114620 1184
30114620 1184
30114620 1184
30114621 1184
30114621 1184
30114621 1184
30114622 1184
30114622 1184
30114622 1186
30114623 1186
30114623 1186
30114623 1186
30114624 1186
30114624 1186
30114624 1186
30114625 1186
30114625 1186
30114625 1186
30114626 1186
30114626 1186
30114626 1186
30114627 1186
30114627 1186
30114627 1186
30114628 1186
30114628 1186
30114628 1186
30114629 1186
30114629 1186
30114629 1186
30114630 1186
30114630 1186
30114630 1186
30114631 1186
30114631 1188
30114631 1188
30114632 1188
30114632 1188
30114632 1188
30114633 1188
30114633 1188
30114633 1188
30114634 1188
30114634 1188
30114634 1188
30114635 1188
30114635 1188
30114635 1188
30114636 1188
30114636 1188
30114636 1188
30114637 1188
30114637 1188
30114637 1188
30114637 1188
30114638 1188
30114638 1188
30114638 1188
30114639 1188
30114639 1188
30114639 1188
30114640 1190
30114640 1190
30114640 1190
30114641 1190
30114641 1190
30114641 1190
30114642 1190
30114642 1190
30114642 1190
30114643 1190
30114643 1190
30114643 1190
30114644 1190
30114644 1190
30114644 1190
30114645 1190
30114645 1190
30114645 1190
30114646 1190
30114646 1190
30114646 1190
30114647 1190
30114647 1190
30114647 1190
30114648 1190
30114648 1190
30114648 1190
30114649 1190
30114649 1190
30114649 1192
30114650 1192
30114650 1192
30114650 1192
30114651 1192
30114651 1192
30114651 1192
30114652 1192
30114652 1192
30114652 1192
30114653 1192
30114653 1192
30114653 1192
30114654 1192
30114654 1192
30114654 1192
30114655 1192
30114655 1192
30114655 1192
30114656 1192
30114656 1192
30114656 1192
30114657 1192
30114657 1192
30114657 1192
30114658 1192
30114658 1192
30114658 1192
30114659 1192
30114659 1192
30114659 1192
30114700 1192
30114700 1194
30114700 1194
30114701 1194
30114701 1194
30114701 1194
30114702 1194
30114702 1194
30114702 1194
30114703 1194
30114703 1194
30114703 1194
30114704 1194
30114704 1194
30114704 1194
30114705 1194
30114705 1194
30114705 1194
30114706 1194
30114706 1194
30114706 1194
30114707 1194
30114707 1194
30114707 1194
30114708 1194
30114708 1194
30114708 1194
30114709 1196
30114709 1196
30114709 1196
30114710 1196
30114710 1196
30114710 1196
30114711 1196
30114711 1196
30114711 1196
30114712 1196
30114712 1196
30114712 1196
30114713 1196
30114713 1196
30114713 1196
30114714 1196
30114714 1196
30114714 1196
30114715 1196
30114715 1196
30114715 1196
30114716 1196
30114716 1196
30114716 1196
30114717 1196
30114717 1196
30114717 1196
30114718 1200
30114718 1200
30114718 1200
30114719 1200
30114719 1200
30114719 1200
30114720 1200
30114720 1200
30114720 1200
30114720 1200
30114721 1200
30114721 1200
30114721 1200
30114722 1200
30114722 1200
30114722 1200
30114723 1200
30114723 1200
30114723 1200
30114724 1200
30114724 1200
30114724 1200
30114725 1200
30114725 1200
30114725 1200
30114726 1200
30114726 1200
30114726 1200
30114727 1202
30114727 1202
30114727 1202
30114728 1202
30114728 1202
30114728 1202
30114729 1202
30114729 1202
30114729 1202
30114730 1202
30114730 1202
30114730 1202
30114731 1202
30114731 1202
30114731 1202
30114732 1202
30114732 1202
30114732 1202
30114733 1202
30114733 1202
30114733 1202
30114734 1202
30114734 1202
30114734 1202
30114735 1202
30114735 1202
30114735 1202
30114736 1202
30114736 1202
30114736 1202
30114737 1204
30114737 1204
30114737 1204
30114738 1204
30114738 1204
30114738 1204
30114739 1204
30114739 1204
30114739 1204
30114740 1204
30114740 1204
30114740 1204
30114741 1204
30114741 1204
30114741 1204
30114742 1204
30114742 1204
30114742 1204
30114743 1204
30114743 1204
30114743 1204
30114744 1204
30114744 1204
30114744 1204
30114745 1204
30114745 1204
30114745 1204
30114746 1204
30114746 1204
30114746 1204
30114747 1206
30114747 1206
30114747 1206
30114748 1206
30114748 1206
30114748 1206
30114749 1206
30114749 1206
30114749 1206
30114750 1206
30114750 1206
30114750 1206
30114751 1206
30114751 1206
30114751 1206
30114752 1206
30114752 1206
30114752 1206
30114753 1206
30114753 1206
30114753 1206
30114754 1206
30114754 1206
30114754 1206
30114755 1206
30114755 1206
30114755 1206
30114756 1206
30114756 1206
30114756 1206
30114757 1206
30114757 1206
30114757 1206
30114758 1210
30114758 1210
30114758 1210
30114759 1210
30114759 1210
30114759 1210
30114800 1210
30114800 1210
30114800 1210
30114801 1210
30114801 1210
30114801 1210
30114802 1210
30114802 1210
30114802 1210
30114803 1210
30114803 1210
30114803 1210
30114803 1210
30114804 1210
30114804 1210
30114804 1210
30114805 1210
30114805 1210
30114805 1210
30114806 1210
30114806 1210
30114806 1210
30114807 1210
30114807 1210
30114807 1210
30114808 1210
30114808 1210
30114808 1210
30114809 1210
30114809 1212
30114809 1212
30114810 1212
30114810 1212
30114810 1212
30114811 1212
30114811 1212
30114811 1212
30114812 1212
30114812 1212
30114812 1212
30114813 1212
30114813 1212
30114813 1212
30114814 1212
30114814 1212
30114814 1212
30114815 1212
30114815 1212
30114815 1212
30114816 1212
30114816 1212
30114816 1212
30114817 1212
30114817 1212
30114817 1212
30114818 1212
30114818 1216
30114818 1216
30114819 1216
30114819 1216
30114819 1216
30114820 1216
30114820 1216
30114820 1216
30114821 1216
30114821 1216
30114821 1216
30114822 1216
30114822 1216
30114822 1216
30114823 1216
30114823 1216
30114823 1216
30114824 1216
30114824 1216
30114824 1216
30114825 1216
30114825 1216
30114825 1216
30114826 1216
30114826 1216
30114826 1216
30114827 1216
30114827 1216
30114827 1218
30114828 1218
30114828 1218
30114828 1218
30114829 1218
30114829 1218
30114829 1218
30114830 1218
30114830 1218
30114830 1218
30114831 1218
30114831 1218
30114831 1218
30114832 1218
30114832 1218
30114832 1218
30114833 1218
30114833 1218
30114833 1218
30114834 1218
30114834 1218
30114834 1218
30114835 1218
30114835 1218
30114835 1218
30114836 1218
30114836 1218
30114836 1218
30114837 1218
30114837 1218
30114837 1218
30114838 1220
30114838 1220
30114838 1220
30114839 1220
30114839 1220
30114839 1220
30114840 1220
30114840 1220
30114840 1220
30114841 1220
30114841 1220
30114841 1220
30114842 1220
30114842 1220
30114842 1220
30114843 1220
30114843 1220
30114843 1220
30114843 1220
30114844 1220
30114844 1220
30114844 1220
30114845 1220
30114845 1220
30114845 1220
30114846 1220
30114846 1220
30114846 1220
30114847 1220
30114847 1220
30114847 1220
30114848 1220
30114848 1224
30114848 1224
30114849 1224
30114849 1224
30114849 1224
30114850 1224
30114850 1224
30114850 1224
30114851 1224
30114851 1224
30114851 1224
30114852 1224
30114852 1224
30114852 1224
30114853 1224
30114853 1224
30114853 1224
30114854 1224
30114854 1224
30114854 1224
30114855 1224
30114855 1224
30114855 1224
30114856 1224
30114856 1224
30114856 1224
30114857 1224
30114857 1224
30114857 1224
30114858 1224
30114858 1224
30114858 1224
30114859 1228
30114859 1228
30114859 1228
30114900 1228
30114900 1228
30114900 1228
30114901 1228
30114901 1228
30114901 1228
30114902 1228
30114902 1228
30114902 1228
30114903 1228
30114903 1228
30114903 1228
30114904 1228
30114904 1228
30114904 1228
30114905 1228
30114905 1228
30114905 1228
30114906 1228
30114906 1228
30114906 1228
30114907 1228
30114907 1228
30114907 1228
30114908 1228
30114908 1228
30114908 1228
30114909 1228
30114909 1228
30114909 1228
30114910 1228
30114910 1230
30114910 1230
30114911 1230
30114911 1230
30114911 1230
30114912 1230
30114912 1230
30114912 1230
30114913 1230
30114913 1230
30114913 1230
30114914 1230
30114914 1230
30114914 1230
30114915 1230
30114915 1230
30114915 1230
30114916 1230
30114916 1234
30114916 1234
30114917 1234
30114917 1234
30114917 1234
30114918 1234
30114918 1234
30114918 1234
30114919 1234
30114919 1234
30114919 1234
30114920 1234
30114920 1234
30114920 1234
30114921 1234
30114921 1234
30114921 1234
30114922 1234
30114922 1234
30114922 1236
30114923 1236
30114923 1236
30114923 1236
30114924 1236
30114924 1236
30114924 1236
30114925 1236
30114925 1236
30114925 1236
30114925 1236
30114926 1236
30114926 1236
30114926 1236
30114927 1236
30114927 1236
30114927 1236
30114928 1236
30114928 1240
30114928 1240
30114929 1240
30114929 1240
30114929 1240
30114930 1240
30114930 1240
30114930 1240
30114931 1240
30114931 1240
30114931 1240
30114932 1240
30114932 1240
30114932 1240
30114933 1240
30114933 1240
30114933 1240
30114934 1240
30114934 1240
30114934 1240
30114935 1244
30114935 1244
30114935 1244
30114936 1244
30114936 1244
30114936 1244
30114937 1244
30114937 1244
30114937 1244
30114938 1244
30114938 1244
30114938 1244
30114939 1244
30114939 1244
30114939 1244
30114940 1244
30114940 1244
30114940 1244
30114941 1244
30114941 1244
30114941 1246
30114942 1246
30114942 1246
30114942 1246
30114943 1246
30114943 1246
30114943 1246
30114944 1246
30114944 1246
30114944 1246
30114945 1246
30114945 1246
30114945 1246
30114946 1246
30114946 1246
30114946 1246
30114947 1246
30114947 1246
30114947 1246
30114948 1246
30114948 1246
30114948 1246
30114949 1250
30114949 1250
30114949 1250
30114950 1250
30114950 1250
30114950 1250
30114951 1250
30114951 1250
30114951 1250
30114952 1250
30114952 1250
30114952 1250
30114953 1250
30114953 1250
30114953 1250
30114954 1250
30114954 1250
30114954 1250
30114955 1250
30114955 1250
30114955 1250
30114956 1250
30114956 1254
30114956 1254
30114957 1254
30114957 1254
30114957 1254
30114958 1254
30114958 1254
30114958 1254
30114959 1254
30114959 1254
30114959 1254
30115000 1254
30115000 1254
30115000 1254
30115001 1254
30115001 1254
30115001 1254
30115002 1254
30115002 1254
30115002 1254
30115003 1254
30115003 1254
30115003 1254
30115004 1258
30115004 1258
30115004 1258
30115005 1258
30115005 1258
30115005 1258
30115005 1258
30115006 1258
30115006 1258
30115006 1258
30115007 1258
30115007 1258
30115007 1258
30115008 1258
30115008 1258
30115008 1258
30115009 1258
30115009 1258
30115009 1258
30115010 1258
30115010 1258
30115010 1258
30115011 1258
30115011 1262
30115011 1262
30115012 1262
30115012 1262
30115012 1262
30115013 1262
30115013 1262
30115013 1262
30115014 1262
30115014 1262
30115014 1262
30115015 1262
30115015 1262
30115015 1262
30115016 1262
30115016 1262
30115016 1262
30115017 1262
30115017 1262
30115017 1262
30115018 1262
30115018 1262
30115018 1262
30115019 1262
30115019 1262
30115019 1262
30115020 1262
30115020 1266
30115020 1266
30115021 1266
30115021 1266
30115021 1266
30115022 1266
30115022 1266
30115022 1266
30115023 1266
30115023 1266
30115023 1266
30115024 1266
30115024 1266
30115024 1266
30115025 1266
30115025 1266
30115025 1266
30115026 1266
30115026 1266
30115026 1266
30115027 1266
30115027 1266
30115027 1266
30115028 1266
30115028 1266
30115028 1266
30115029 1266
30115029 1272
30115029 1272
30115030 1272
30115030 1272
30115030 1272
30115031 1272
30115031 1272
30115031 1272
30115032 1272
30115032 1272
30115032 1272
30115033 1272
30115033 1272
30115033 1272
30115034 1272
30115034 1272
30115034 1272
30115035 1272
30115035 1272
30115035 1272
30115036 1272
30115036 1272
30115036 1272
30115037 1272
30115037 1272
30115037 1276
30115038 1276
30115038 1276
30115038 1276
30115039 1276
30115039 1276
30115039 1276
30115040 1276
30115040 1276
30115040 1276
30115041 1276
30115041 1276
30115041 1276
30115042 1276
30115042 1276
30115042 1276
30115043 1276
30115043 1276
30115043 1276
30115044 1276
30115044 1276
30115044 1276
30115045 1276
30115045 1276
30115045 1276
30115045 1276
30115046 1276
30115046 1276
30115046 1276
30115047 1280
30115047 1280
30115047 1280
30115048 1280
30115048 1280
30115048 1280
30115049 1280
30115049 1280
30115049 1280
30115050 1280
30115050 1280
30115050 1280
30115051 1280
30115051 1280
30115051 1280
30115052 1280
30115052 1280
30115052 1280
30115053 1280
30115053 1280
30115053 1280
30115054 1280
30115054 1280
30115054 1280
30115055 1280
30115055 1280
30115055 1280
30115056 1280
30115056 1284
30115056 1284
30115057 1284
30115057 1284
30115057 1284
30115058 1284
30115058 1284
30115058 1284
30115059 1284
30115059 1284
30115059 1284
30115100 1284
30115100 1284
30115100 1284
30115101 1284
30115101 1284
30115101 1284
30115102 1284
30115102 1284
30115102 1284
30115103 1284
30115103 1284
30115103 1284
30115104 1284
30115104 1284
30115104 1284
30115105 1284
30115105 1284
30115105 1284
30115106 1284
30115106 1284
30115106 1288
30115107 1288
30115107 1288
30115107 1288
30115108 1288
30115108 1288
30115108 1288
30115109 1288
30115109 1288
30115109 1288
30115110 1288
30115110 1288
30115110 1288
30115111 1288
30115111 1288
30115111 1288
30115112 1288
30115112 1288
30115112 1288
30115113 1288
30115113 1288
30115113 1288
30115114 1288
30115114 1288
30115114 1288
30115115 1288
30115115 1288
30115115 1288
30115116 1288
30115116 1288
30115116 1288
30115117 1288
30115117 1292
30115117 1292
30115118 1292
30115118 1292
30115118 1292
30115119 1292
30115119 1292
30115119 1292
30115120 1292
30115120 1292
30115120 1292
30115121 1292
30115121 1292
30115121 1292
30115122 1292
30115122 1292
30115122 1292
30115123 1292
30115123 1292
30115123 1292
30115124 1292
30115124 1292
30115124 1292
30115124 1292
30115125 1292
30115125 1292
30115125 1292
30115126 1292
30115126 1292
30115126 1292
30115127 1292
30115127 1302
30115127 1302
30115128 1302
30115128 1302
30115128 1302
30115129 1302
30115129 1302
30115129 1302
30115130 1302
30115130 1302
30115130 1302
30115131 1302
30115131 1302
30115131 1302
30115132 1302
30115132 1302
30115132 1302
30115133 1302
30115133 1302
30115133 1302
30115134 1302
30115134 1302
30115134 1302
30115135 1302
30115135 1302
30115135 1302
30115136 1302
30115136 1302
30115136 1302
30115137 1302
30115137 1302
30115137 1302
30115138 1302
30115138 1302
30115138 1302
30115139 1310
30115139 1310
30115139 1310
30115140 1310
30115140 1310
30115140 1310
30115141 1310
30115141 1310
30115141 1310
30115142 1310
30115142 1310
30115142 1310
30115143 1310
30115143 1310
30115143 1310
30115144 1310
30115144 1310
30115144 1310
30115145 1310
30115145 1310
30115145 1310
30115146 1310
30115146 1310
30115146 1310
30115147 1310
30115147 1310
30115147 1310
30115148 1310
30115148 1310
30115148 1310
30115149 1310
30115149 1310
30115149 1310
30115150 1310
30115150 1310
30115150 1310
30115151 1310
30115151 1310
30115151 1320
30115152 1320
30115152 1320
30115152 1320
30115153 1320
30115153 1320
30115153 1320
30115154 1320
30115154 1320
30115154 1320
30115155 1320
30115155 1320
30115155 1320
30115156 1320
30115156 1320
30115156 1320
30115157 1320
30115157 1320
30115157 1320
30115158 1320
30115158 1320
30115158 1320
30115159 1320
30115159 1320
30115159 1320
30115200 1320
30115200 1320
30115200 1320
30115201 1320
30115201 1320
30115201 1320
30115202 1320
30115202 1320
30115202 1320
30115202 1320
30115203 1320
30115203 1320
30115203 1320
30115204 1320
30115204 1320
30115204 1320
30115205 1320
30115205 1320
30115205 1320
30115206 1320
30115206 1320
30115206 1320
30115207 1330
30115207 1330
30115207 1330
30115208 1330
30115208 1330
30115208 1330
30115209 1330
30115209 1330
30115209 1330
30115210 1330
30115210 1330
30115210 1330
30115211 1330
30115211 1330
30115211 1330
30115212 1330
30115212 1330
30115212 1330
30115213 1330
30115213 1330
30115213 1330
30115214 1330
30115214 1330
30115214 1330
30115215 1330
30115215 1330
30115215 1330
30115216 1330
30115216 1330
30115216 1330
30115217 1330
30115217 1330
30115217 1330
30115218 1330
30115218 1330
30115218 1330
30115219 1330
30115219 1330
30115219 1330
30115220 1330
30115220 1330
30115220 1330
30115221 1330
30115221 1330
30115221 1330
30115222 1330
30115222 1342
30115222 1342
30115223 1342
30115223 1342
30115223 1342
30115224 1342
30115224 1342
30115224 1342
30115225 1342
30115225 1342
30115225 1342
30115226 1342
30115226 1342
30115226 1342
30115227 1342
30115227 1342
30115227 1342
30115228 1342
30115228 1342
30115228 1342
30115229 1342
30115229 1342
30115229 1342
30115230 1342
30115230 1342
30115230 1342
30115231 1342
30115231 1342
30115231 1342
30115232 1342
30115232 1342
30115232 1342
30115233 1342
30115233 1342
30115233 1342
30115234 1342
30115234 1342
30115234 1342
30115235 1342
30115235 1342
30115235 1342
30115236 1342
30115236 1342
30115236 1342
30115237 1342
30115237 1342
30115237 1342
30115238 1342
30115238 1342
30115238 1342
30115239 1358
30115239 1358
30115239 1358
30115239 1358
30115240 1358
30115240 1358
30115240 1358
30115241 1358
30115241 1358
30115241 1358
30115242 1358
30115242 1358
30115242 1358
30115243 1358
30115243 1358
30115243 1358
30115244 1358
30115244 1358
30115244 1358
30115245 1358
30115245 1358
30115245 1358
30115246 1358
30115246 1358
30115246 1358
30115247 1358
30115247 1358
30115247 1358
30115248 1358
30115248 1358
30115248 1358
30115249 1358
30115249 1358
30115249 1358
30115250 1358
30115250 1358
30115250 1358
30115251 1358
30115251 1358
30115251 1358
30115252 1358
30115252 1358
30115252 1358
30115253 1358
30115253 1358
30115253 1358
30115254 1358
30115254 1358
30115254 1358
30115255 1358
30115255 1358
30115255 1358
30115256 1358
30115256 1358
30115256 1358
30115257 1358
30115257 1358
30115257 1358
30115258 1358
30115258 1358
30115258 1378
30115259 1378
30115259 1378
30115259 1378
30115300 1378
30115300 1378
30115300 1378
30115301 1378
30115301 1378
30115301 1378
30115302 1378
30115302 1378
30115302 1378
30115303 1378
30115303 1378
30115303 1378
30115304 1378
30115304 1378
30115304 1378
30115305 1378
30115305 1378
30115305 1378
30115306 1378
30115306 1378
30115306 1378
30115307 1378
30115307 1378
30115307 1378
30115308 1378
30115308 1378
30115308 1378
30115309 1378
30115309 1378
30115309 1378
30115310 1378
30115310 1378
30115310 1378
30115311 1378
30115311 1378
30115311 1378
30115312 1378
30115312 1378
30115312 1378
30115313 1378
30115313 1378
30115313 1378
30115314 1378
30115314 1378
30115314 1378
30115315 1378
30115315 1378
30115315 1378
30115316 1378
30115316 1378
30115316 1378
30115317 1378
30115317 1378
30115317 1378
30115318 1378
30115318 1378
30115318 1378
30115318 1378
30115319 1378
30115319 1378
30115319 1378
30115320 1378
30115320 1378
30115320 1378
30115321 1378
30115321 1378
30115321 1378
30115322 1378
30115322 1378
30115322 1378
30115323 1384
30115323 1384
30115323 1384
30115324 1384
30115324 1384
30115324 1384
30115325 1384
30115325 1384
30115325 1384
30115326 1384
30115326 1384
30115326 1384
30115327 1384
30115327 1384
30115327 1384
30115328 1384
30115328 1384
30115328 1384
30115329 1384
30115329 1384
30115329 1384
30115330 1384
30115330 1384
30115330 1384
30115331 1384
30115331 1384
30115331 1384
30115332 1384
30115332 1384
30115332 1384
30115333 1384
30115333 1384
30115333 1384
30115334 1384
30115334 1384
30115334 1384
30115335 1384
30115335 1384
30115335 1384
30115336 1384
30115336 1384
30115336 1384
30115337 1384
30115337 1384
30115337 1384
30115338 1384
30115338 1384
30115338 1384
30115339 1384
30115339 1384
30115339 1384
30115340 1384
30115340 1384
30115340 1384
30115341 1384
30115341 1384
30115341 1384
30115342 1384
30115342 1384
30115342 1384
30115343 1384
30115343 1384
30115343 1384
30115344 1384
30115344 1384
30115344 1384
30115345 1384
30115345 1384
30115345 1384
30115346 1384
30115346 1384
30115346 1384
30115347 1384
30115347 1384
30115347 1384
30115348 1384
30115348 1384
30115348 1384
30115349 1384
30115349 1384
30115349 1384
30115350 1384
30115350 1384
30115350 1384
30115351 1402
30115351 1402
30115351 1402
30115352 1402
30115352 1402
30115352 1402
30115353 1402
30115353 1402
30115353 1402
30115354 1402
30115354 1402
30115354 1402
30115355 1402
30115355 1402
30115355 1402
30115355 1402
30115356 1402
30115356 1402
30115356 1402
30115357 1402
30115357 1402
30115357 1402
30115358 1402
30115358 1402
30115358 1402
30115359 1402
30115359 1402
30115359 1402
30115400 1402
30115400 1402
30115400 1402
30115401 1402
30115401 1402
30115401 1402
30115402 1402
30115402 1402
30115402 1402
30115403 1402
30115403 1402
30115403 1402
30115404 1402
30115404 1402
30115404 1402
30115405 1402
30115405 1402
30115405 1402
30115406 1402
30115406 1402
30115406 1402
30115407 1402
30115407 1402
30115407 1402
30115408 1402
30115408 1402
30115408 1402
30115409 1402
30115409 1402
30115409 1402
30115410 1402
30115410 1402
30115410 1402
30115411 1402
30115411 1402
30115411 1402
30115412 1402
30115412 1402
30115412 1402
30115413 1402
30115413 1402
30115413 1402
30115414 1402
30115414 1402
30115414 1402
30115415 1402
30115415 1402
30115415 1402
30115416 1402
30115416 1402
30115416 1402
30115417 1402
30115417 1402
30115417 1402
30115418 1402
30115418 1402
30115418 1402
30115419 1402
30115419 1402
30115419 1402
30115420 1422
30115420 1422
30115420 1422
30115421 1422
30115421 1422
30115421 1422
30115422 1422
30115422 1422
30115422 1422
30115423 1422
30115423 1422
30115423 1422
30115424 1422
30115424 1422
30115424 1422
30115425 1422
30115425 1422
30115425 1422
30115426 1422
30115426 1422
30115426 1422
30115427 1422
30115427 1422
30115427 1422
30115428 1422
30115428 1422
30115428 1422
30115429 1422
30115429 1422
30115429 1422
30115430 1422
30115430 1422
30115430 1422
30115431 1422
30115431 1422
30115431 1422
30115432 1422
30115432 1422
30115432 1422
30115433 1422
30115433 1422
30115433 1422
30115433 1422
30115434 1422
30115434 1422
30115434 1422
30115435 1422
30115435 1422
30115435 1422
30115436 1422
30115436 1422
30115436 1422
30115437 1422
30115437 1422
30115437 1422
30115438 1422
30115438 1422
30115438 1422
30115439 1422
30115439 1422
30115439 1422
30115440 1422
30115440 1422
30115440 1422
30115441 1422
30115441 1422
30115441 1422
30115442 1422
30115442 1422
30115442 1422
30115443 1422
30115443 1422
30115443 1422
30115444 1422
30115444 1422
30115444 1422
30115445 1422
30115445 1422
30115445 1422
30115446 1422
30115446 1422
30115446 1422
30115447 1422
30115447 1422
30115447 1422
30115448 1422
30115448 1422
30115448 1422
30115449 1422
30115449 1422
30115449 1422
30115450 1422
30115450 1422
30115450 1422
30115451 1422
30115451 1422
30115451 1422
30115452 1422
30115452 1422
30115452 1422
30115453 1422
30115453 1422
30115453 1422
30115454 1422
30115454 1422
30115454 1422
30115455 1422
30115455 1422
30115455 1422
30115456 1422
30115456 1422
30115456 1422
30115457 1422
30115457 1422
30115457 1422
30115458 1422
30115458 1422
30115458 1422
30115459 1422
30115459 1422
30115459 1422
30115500 1442
30115500 1442
30115500 1442
30115501 1442
30115501 1442
30115501 1442
30115502 1442
30115502 1442
30115502 1442
30115503 1442
30115503 1442
30115503 1442
30115504 1442
30115504 1442
30115504 1442
30115505 1442
30115505 1442
30115505 1442
30115506 1442
30115506 1442
30115506 1442
30115507 1442
30115507 1442
30115507 1442
30115508 1442
30115508 1442
30115508 1442
30115509 1442
30115509 1442
30115509 1442
30115510 1442
30115510 1442
30115510 1442
30115511 1442
30115511 1442
30115511 1442
30115512 1442
30115512 1442
30115512 1442
30115513 1442
30115513 1442
30115513 1442
30115514 1442
30115514 1442
30115514 1442
30115514 1442
30115515 1442
30115515 1442
30115515 1442
30115516 1442
30115516 1442
30115516 1442
30115517 1442
30115517 1442
30115517 1442
30115518 1442
30115518 1442
30115518 1442
30115519 1442
30115519 1442
30115519 1442
30115520 1442
30115520 1442
30115520 1442
30115521 1442
30115521 1442
30115521 1442
30115522 1442
30115522 1442
30115522 1442
30115523 1442
30115523 1442
30115523 1442
30115524 1442
30115524 1442
30115524 1442
30115525 1442
30115525 1442
30115525 1442
30115526 1442
30115526 1442
30115526 1442
30115527 1442
30115527 1442
30115527 1442
30115528 1442
30115528 1442
30115528 1442
30115529 1442
30115529 1442
30115529 1442
30115530 1442
30115530 1442
30115530 1442
30115531 1442
30115531 1442
30115531 1442
30115532 1442
30115532 1442
30115532 1442
30115533 1442
30115533 1442
30115533 1442
30115534 1442
30115534 1442
30115534 1442
30115535 1442
30115535 1442
30115535 1442
30115536 1442
30115536 1442
30115536 1442
30115537 1464
30115537 1464
30115537 1464
30115538 1464
30115538 1464
30115538 1464
30115539 1464
30115539 1464
30115539 1464
30115540 1464
30115540 1464
30115540 1464
30115541 1464
30115541 1464
30115541 1464
30115542 1464
30115542 1464
30115542 1464
30115543 1464
30115543 1464
30115543 1464
30115544 1464
30115544 1464
30115544 1464
30115545 1464
30115545 1464
30115545 1464
30115546 1464
30115546 1464
30115546 1464
30115547 1464
30115547 1464
30115547 1464
30115548 1464
30115548 1464
30115548 1464
30115549 1464
30115549 1464
30115549 1464
30115550 1464
30115550 1464
30115550 1464
30115551 1464
30115551 1464
30115551 1464
30115552 1464
30115552 1464
30115552 1464
30115553 1464
30115553 1464
30115553 1464
30115553 1464
30115554 1464
30115554 1464
30115554 1464
30115555 1464
30115555 1464
30115555 1464
30115556 1464
30115556 1464
30115556 1464
30115557 1464
30115557 1464
30115557 1464
30115558 1464
30115558 1464
30115558 1464
30115559 1464
30115559 1464
30115559 1464
30115600 1464
30115600 1464
30115600 1464
30115601 1464
30115601 1464
30115601 1464
30115602 1464
30115602 1464
30115602 1464
30115603 1464
30115603 1464
30115603 1464
30115604 1464
30115604 1464
30115604 1464
30115605 1464
30115605 1464
30115605 1464
30115606 1464
30115606 1464
30115606 1464
30115607 1464
30115607 1464
30115607 1464
30115608 1464
30115608 1464
30115608 1464
30115609 1464
30115609 1464
30115609 1464
30115610 1464
30115610 1464
30115610 1464
30115611 1464
30115611 1464
30115611 1464
30115612 1464
30115612 1464
30115612 1464
30115613 1464
30115613 1464
30115613 1464
30115614 1464
30115614 1464
30115614 1464
30115615 1464
30115615 1464
30115615 1464
30115616 1464
30115616 1464
30115616 1464
30115617 1464
30115617 1464
30115617 1464
30115618 1464
30115618 1464
30115618 1464
30115619 1464
30115619 1464
30115619 1464
30115620 1464
30115620 1464
30115620 1464
30115621 1464
30115621 1464
30115621 1488
30115622 1488
30115622 1488
30115622 1488
30115623 1488
30115623 1488
30115623 1488
30115624 1488
30115624 1488
30115624 1488
30115625 1488
30115625 1488
30115625 1488
30115626 1488
30115626 1488
30115626 1488
30115627 1488
30115627 1488
30115627 1488
30115628 1488
30115628 1488
30115628 1488
30115629 1488
30115629 1488
30115629 1488
30115630 1488
30115630 1488
30115630 1488
30115631 1488
30115631 1488
30115631 1488
30115632 1488
30115632 1488
30115632 1488
30115632 1488
30115633 1488
30115633 1488
30115633 1488
30115634 1488
30115634 1488
30115634 1488
30115635 1488
30115635 1488
30115635 1488
30115636 1488
30115636 1488
30115636 1488
30115637 1488
30115637 1488
30115637 1488
30115638 1488
30115638 1488
30115638 1488
30115639 1488
30115639 1488
30115639 1488
30115640 1488
30115640 1488
30115640 1488
30115641 1488
30115641 1488
30115641 1488
30115642 1488
30115642 1488
30115642 1488
30115643 1488
30115643 1488
30115643 1488
30115644 1488
30115644 1488
30115644 1488
30115645 1488
30115645 1488
30115645 1488
30115646 1488
30115646 1488
30115646 1488
30115647 1488
30115647 1488
30115647 1488
30115648 1488
30115648 1488
30115648 1488
30115649 1488
30115649 1488
30115649 1488
30115650 1488
30115650 1488
30115650 1488
30115651 1488
30115651 1488
30115651 1488
30115652 1488
30115652 1488
30115652 1488
30115653 1488
30115653 1488
30115653 1488
30115654 1488
30115654 1488
30115654 1488
30115655 1488
30115655 1488
30115655 1488
30115656 1488
30115656 1488
30115656 1488
30115657 1488
30115657 1488
30115657 1488
30115658 1488
30115658 1488
30115658 1488
30115659 1488
30115659 1488
30115659 1488
30115700 1488
30115700 1488
30115700 1488
30115701 1488
30115701 1488
30115701 1488
30115702 1488
30115702 1488
30115702 1488
30115703 1488
30115703 1488
30115703 1488
30115704 1488
30115704 1488
30115704 1488
30115705 1488
30115705 1488
30115705 1488
30115706 1488
30115706 1488
30115706 1488
30115707 1488
30115707 1488
30115707 1488
30115708 1488
30115708 1488
30115708 1488
30115709 1488
30115709 1488
30115709 1488
30115710 1488
30115710 1488
30115710 1488
30115711 1900
30115711 1514
30115711 1514
30115712 1514
30115712 1514
30115712 1514
30115713 1514
30115713 1514
30115713 1514
30115714 1514
30115714 1514
30115714 1514
30115714 1514
30115715 1514
30115715 1514
30115715 1514
30115716 1514
30115716 1514
30115716 1514
30115717 1514
30115717 1514
30115717 1514
30115718 1514
30115718 1514
30115718 1514
30115719 1514
30115719 1514
30115719 1514
30115720 1514
30115720 1514
30115720 1514
30115721 1514
30115721 1514
30115721 1514
30115722 1514
30115722 1514
30115722 1514
30115723 1514
30115723 1514
30115723 1514
30115724 1514
30115724 1514
30115724 1514
30115725 1514
30115725 1514
30115725 1514
30115726 1514
30115726 1514
30115726 1514
30115727 1514
30115727 1514
30115727 1514
30115728 1514
30115728 1514
30115728 1514
30115729 1514
30115729 1514
30115729 1514
30115730 1514
30115730 1514
30115730 1514
30115731 1514
30115731 1514
30115731 1514
30115732 1514
30115732 1514
30115732 1514
30115733 1514
30115733 1514
30115733 1514
30115734 1514
30115734 1514
30115734 1514
30115735 1514
30115735 1514
30115735 1514
30115736 1514
30115736 1514
30115736 1514
30115737 1514
30115737 1514
30115737 1514
30115738 1514
30115738 1514
30115738 1514
30115739 1514
30115739 1514
30115739 1514
30115740 1514
30115740 1514
30115740 1514
30115741 1514
30115741 1514
30115741 1514
30115742 1514
30115742 1514
30115742 1514
30115743 1514
30115743 1514
30115743 1514
30115744 1514
30115744 1514
30115744 1514
30115745 1514
30115745 1514
30115745 1514
30115746 1514
30115746 1514
30115746 1514
30115747 1514
30115747 1514
30115747 1514
30115748 1514
30115748 1514
30115748 1514
30115749 1514
30115749 1514
30115749 1514
30115750 1514
30115750 1514
30115750 1514
30115751 1514
30115751 1514
30115751 1514
30115752 1514
30115752 1514
30115752 1514
30115752 1514
30115753 1514
30115753 1514
30115753 1514
30115754 1514
30115754 1514
30115754 1514
30115755 1514
30115755 1514
30115755 1514
30115756 1514
30115756 1514
30115756 1514
30115757 1514
30115757 1514
30115757 1514
30115758 1514
30115758 1514
30115758 1514
30115759 1514
30115759 1514
30115759 1514
30115800 1514
30115800 1514
30115800 1514
30115801 1514
30115801 1514
30115801 1514
30115802 1514
30115802 1514
30115802 1514
30115803 1514
30115803 1514
30115803 1514
30115804 1514
30115804 1514
30115804 1514
30115805 1514
30115805 1514
30115805 1514
30115806 1514
30115806 1514
30115806 1514
30115807 1514
30115807 1514
30115807 1514
30115808 1514
30115808 1514
30115808 1514
30115809 1514
30115809 1514
30115809 1514
30115810 1514
30115810 1514
30115810 1514
30115811 1514
30115811 1514
30115811 1514
30115812 1514
30115812 1514
30115812 1514
30115813 1514
30115813 1514
30115813 1514
30115814 1514
30115814 1514
30115814 1514
30115815 1514
30115815 1514
30115815 1514
30115816 1514
30115816 1514
30115816 1514
30115817 1514
30115817 1514
30115817 1514
30115818 1514
30115818 1514
30115818 1514
30115819 1514
30115819 1514
30115819 1514
30115820 1514
30115820 1514
30115820 1514
30115821 1514
30115821 1514
30115821 1538
30115822 1538
30115822 1538
30115822 1538
30115823 1538
30115823 1538
30115823 1538
30115824 1538
30115824 1538
30115824 1538
30115825 1538
30115825 1566
30115825 1566
30115826 1566
30115826 1566
30115826 1566
30115827 1566
30115827 1566
30115827 1566
30115828 1566
30115828 1566
30115828 1566
30115829 1566
30115829 1566
30115829 1602
30115830 1602
30115830 1602
30115830 1602
30115831 1602
30115831 1602
30115831 1602
30115832 1602
30115832 1602
30115832 1602
30115833 1602
30115833 1602
30115833 1602
30115834 1602
30115834 1602
30115834 1644
30115834 1644
30115835 1644
30115835 1644
30115835 1644
30115836 1644
30115836 1644
30115836 1644
30115837 1644
30115837 1644
30115837 1644
30115838 1644
30115838 1644
30115838 1644
30115839 1644
30115839 1644
30115839 1644
30115840 1644
30115840 1644
30115840 1686
30115841 1686
30115841 1686
30115841 1686
30115842 1686
30115842 1686
30115842 1686
30115843 1686
30115843 1686
30115843 1686
30115844 1686
30115844 1686
30115844 1686
30115845 1686
30115845 1686
30115845 1686
30115846 1686
30115846 1686
30115846 1686
30115847 1686
30115847 1686
30115847 1734
30115848 1734
30115848 1734
30115848 1734
30115849 1734
30115849 1734
30115849 1734
30115850 1734
30115850 1734
30115850 1734
30115851 1734
30115851 1734
30115851 1734
30115852 1734
30115852 1734
30115852 1734
30115853 1734
30115853 1734
30115853 1734
30115854 1734
30115854 1734
30115854 1734
30115855 1734
30115855 1734
30115855 1120
30115856 1784
30115856 1784
30115856 1784
30115857 1784
30115857 1784
30115857 1784
30115858 1784
30115858 1784
30115858 1784
30115859 1784
30115859 1784
30115859 1784
30115900 1784
30115900 1784
30115900 1784
30115901 1784
30115901 1784
30115901 1784
30115902 1784
30115902 1784
30115902 1784
30115903 1784
30115903 1784
30115903 1784
30115904 1784
30115904 1784
30115904 1784
30115905 1784
30115905 1784
30115905 1784
30115906 1808
30115906 1834
30115906 1834
30115907 1834
30115907 1834
30115907 1834
30115908 1834
30115908 1834
30115908 1834
30115909 1834
30115909 1834
30115909 1834
30115910 1834
30115910 1834
30115910 1834
30115911 1834
30115911 1834
30115911 1834
30115912 1834
30115912 1834
30115912 1834
30115913 1834
30115913 1834
30115913 1834
30115913 1834
30115914 1834
30115914 1834
30115914 1834
30115915 1834
30115915 1834
30115915 1834
30115916 1834
30115916 1834
30115916 1834
30115917 1834
30115917 1834
30115917 1872
30115918 1886
30115918 1886
30115918 1886
30115919 1886
30115919 1886
30115919 1886
30115920 1886
30115920 1886
30115920 1886
30115921 1886
30115921 1886
30115921 1886
30115922 1886
30115922 1886
30115922 1886
30115923 1886
30115923 1886
30115923 1886
30115924 1886
30115924 1886
30115924 1886
30115925 1886
30115925 1886
30115925 1886
30115926 1886
30115926 1886
30115926 1886
30115927 1886
30115927 1886
30115927 1886
30115928 1886
30115928 1886
30115928 1886
30115929 1886
30115929 1886
30115929 1886
30115930 1886
30115930 1886
30115930 1886
30115931 1886
30115931 1916
30115931 1916
30115932 1916
30115932 1916
30115932 1916
30115933 1916
30115933 1916
30115933 1916
30115934 1916
30115934 1916
30115934 1916
30115935 1916
30115935 1916
30115935 1916
30115936 1916
30115936 1916
30115936 1916
30115937 1916
30115937 1916
30115937 1916
30115938 1916
30115938 1916
30115938 1916
30115939 1916
30115939 1916
30115939 1916
30115940 1916
30115940 1916
30115940 1916
30115941 1916
30115941 1916
30115941 1916
30115942 1916
30115942 1916
30115942 1916
30115943 1152
30115943 1944
30115943 1944
30115944 1944
30115944 1944
30115944 1944
30115945 1944
30115945 1944
30115945 1944
30115946 1944
30115946 1944
30115946 1944
30115947 1944
30115947 1944
30115947 1944
30115948 1944
30115948 1944
30115948 1944
30115949 1944
30115949 1944
30115949 1944
30115950 1944
30115950 1944
30115950 1944
30115951 1944
30115951 1944
30115951 1944
30115952 1944
30115952 1944
30115952 1944
30115953 1944
30115953 1944
30115953 1944
30115954 1944
30115954 1944
30115954 1944
30115955 1944
30115955 1944
30115955 2812
30115956 2004
30115956 2004
30115956 2004
30115956 2004
30115957 2004
30115957 2004
30115957 2004
30115958 2004
30115958 2004
30115958 2004
30115959 2004
30115959 2004
30115959 2004
30120000 2004
30120000 2004
30120000 2004
30120001 2004
30120001 2004
30120001 2004
30120002 2004
30120002 2004
30120002 2004
30120003 2004
30120003 2004
30120003 2004
30120004 2004
30120004 2004
30120004 2004
30120005 2004
30120005 2004
30120005 2004
30120006 2004
30120006 2004
30120006 2004
30120007 2004
30120007 2004
30120007 2004
30120008 2004
30120008 2004
30120008 2004
30120009 2004
30120009 2004
30120009 2964
30120010 2068
30120010 2068
30120010 2068
30120011 2068
30120011 2068
30120011 2068
30120012 2068
30120012 2068
30120012 2068
30120013 2068
30120013 2068
30120013 2068
30120014 2068
30120014 2068
30120014 2068
30120015 2068
30120015 2068
30120015 2068
30120016 2068
30120016 2068
30120016 2068
30120017 2068
30120017 2068
30120017 2068
30120018 2068
30120018 2068
30120018 2068
30120019 2068
30120019 2068
30120019 2068
30120020 2068
30120020 2068
30120020 2068
30120021 2068
30120021 2068
30120021 2068
30120022 2068
30120022 2068
30120022 2068
30120023 2068
30120023 2068
30120023 2068
30120024 2068
30120024 2068
30120024 2068
30120025 2068
30120025 2068
30120025 2068
30120026 2068
30120026 2068
30120026 2068
30120027 3096
30120027 2150
30120027 2150
30120028 2150
30120028 2150
30120028 2150
30120029 2150
30120029 2150
30120029 2150
30120030 2150
30120030 2150
30120030 2150
30120031 2150
30120031 2150
30120031 2150
30120032 2150
30120032 2150
30120032 2150
30120033 2150
30120033 2150
30120033 2150
30120034 2150
30120034 2150
30120034 2150
30120035 2150
30120035 2150
30120035 2150
30120036 2150
30120036 2150
30120036 2150
30120037 2150
30120037 2150
30120037 2150
30120038 2150
30120038 2150
30120038 2150
30120039 2150
30120039 2150
30120039 2150
30120039 2150
30120040 2150
30120040 2150
30120040 2150
30120041 2150
30120041 2150
30120041 2150
30120042 2150
30120042 2150
30120042 2150
30120043 2150
30120043 2150
30120043 2150
30120044 2150
30120044 2150
30120044 2150
30120045 2150
30120045 2150
30120045 2150
30120046 2150
30120046 2150
30120046 2150
30120047 1138
30120047 1138
30120047 1138
30120048 1138
30120048 1138
30120048 1138
30120049 1138
30120049 1138
30120049 1138
30120050 1138
30120050 1138
30120050 1138
30120051 1138
30120051 1138
30120051 1138
30120052 1138
30120052 1138
30120052 1138
30120053 1138
30120053 1138
30120053 1138
30120054 1138
30120054 1138
30120054 1138
30120055 1138
30120055 1138
30120055 1138
30120056 1138
30120056 1138
30120056 1138
30120057 1138
30120057 1138
30120057 1138
30120058 1138
30120058 1138
30120058 1138
30120059 1138
30120059 1138
30120059 1138
30120100 1138
30120100 1138
30120100 1138
30120101 1138
30120101 1138
30120101 1138
30120102 1140
30120102 1140
30120102 1140
30120103 1140
30120103 1140
30120103 1140
30120104 1140
30120104 1140
30120104 1140
30120105 1140
30120105 1140
30120105 1140
30120106 1140
30120106 1140
30120106 1140
30120107 1140
30120107 1140
30120107 1140
30120108 1140
30120108 1140
30120108 1140
30120109 1140
30120109 1140
30120109 1140
30120110 1140
30120110 1140
30120110 1140
30120111 1140
30120111 1140
30120111 1140
30120112 1140
30120112 1140
30120112 1140
30120113 1140
30120113 1140
30120113 1140
30120114 1140
30120114 1140
30120114 1140
30120115 1142
30120115 1142
30120115 1142
30120116 1142
30120116 1142
30120116 1142
30120117 1142
30120117 1142
30120117 1142
30120118 1142
30120118 1142
30120118 1142
30120118 1142
30120119 1142
30120119 1142
30120119 1142
30120120 1142
30120120 1142
30120120 1142
30120121 1142
30120121 1142
30120121 1142
30120122 1142
30120122 1142
30120122 1142
30120123 1142
30120123 1142
30120123 1142
30120124 1142
30120124 1142
30120124 1142
30120125 1142
30120125 1142
30120125 1142
30120126 1142
30120126 1142
30120126 1142
30120127 1142
30120127 1142
30120127 1142
30120128 1142
30120128 1142
30120128 1142
30120129 1142
30120129 1142
30120129 1142
30120130 1142
30120130 1142
30120130 1142
30120131 1142
30120131 1142
30120131 1142
30120132 1142
30120132 1142
30120132 1142
30120133 1142
30120133 1142
30120133 1142
30120134 1142
30120134 1142
30120134 1142
30120135 1142
30120135 1142
30120135 1142
30120136 1142
30120136 1142
30120136 1142
30120137 1142
30120137 1142
30120137 1142
30120138 1144
30120138 1144
30120138 1144
30120139 1144
30120139 1144
30120139 1144
30120140 1144
30120140 1144
30120140 1144
30120141 1144
30120141 1144
30120141 1144
30120142 1144
30120142 1144
30120142 1144
30120143 1144
30120143 1144
30120143 1144
30120144 1144
30120144 1144
30120144 1144
30120145 1144
30120145 1144
30120145 1144
30120146 1144
30120146 1144
30120146 1144
30120147 1144
30120147 1144
30120147 1144
30120148 1144
30120148 1144
30120148 1144
30120149 1144
30120149 1144
30120149 1144
30120150 1144
30120150 1144
30120150 1144
30120151 1144
30120151 1144
30120151 1144
30120152 1144
30120152 1144
30120152 1144
30120153 1144
30120153 1144
30120153 1144
30120154 1144
30120154 1144
30120154 1144
30120155 1146
30120155 1146
30120155 1146
30120156 1146
30120156 1146
30120156 1146
30120157 1146
30120157 1146
30120157 1146
30120157 1146
30120158 1146
30120158 1146
30120158 1146
30120159 1146
30120159 1146
30120159 1146
30120200 1146
30120200 1146
30120200 1146
30120201 1146
30120201 1146
30120201 1146
30120202 1146
30120202 1146
30120202 1146
30120203 1146
30120203 1146
30120203 1146
30120204 1146
30120204 1146
30120204 1146
30120205 1146
30120205 1146
30120205 1146
30120206 1146
30120206 1146
30120206 1146
30120207 1146
30120207 1146
30120207 1146
30120208 1146
30120208 1146
30120208 1146
30120209 1146
30120209 1146
30120209 1146
30120210 1146
30120210 1146
30120210 1146
30120211 1146
30120211 1146
30120211 1146
30120212 1146
30120212 1146
30120212 1146
30120213 1146
30120213 1146
30120213 1146
30120214 1146
30120214 1146
30120214 1146
30120215 1146
30120215 1146
30120215 1148
30120216 1148
30120216 1148
30120216 1148
30120217 1148
30120217 1148
30120217 1148
30120218 1148
30120218 1148
30120218 1148
30120219 1148
30120219 1148
30120219 1148
30120220 1148
30120220 1148
30120220 1148
30120221 1148
30120221 1148
30120221 1148
30120222 1148
30120222 1148
30120222 1148
30120223 1148
30120223 1148
30120223 1148
30120224 1148
30120224 1148
30120224 1148
30120225 1148
30120225 1148
30120225 1148
30120226 1148
30120226 1148
30120226 1148
30120227 1148
30120227 1148
30120227 1148
30120228 1148
30120228 1148
30120228 1150
30120229 1150
30120229 1150
30120229 1150
30120230 1150
30120230 1150
30120230 1150
30120231 1150
30120231 1150
30120231 1150
30120232 1150
30120232 1150
30120232 1150
30120233 1150
30120233 1150
30120233 1150
30120234 1150
30120234 1150
30120234 1150
30120235 1150
30120235 1150
30120235 1150
30120236 1150
30120236 1150
30120236 1150
30120236 1150
30120237 1150
30120237 1150
30120237 1150
30120238 1150
30120238 1150
30120238 1150
30120239 1150
30120239 1150
30120239 1150
30120240 1150
30120240 1150
30120240 1150
30120241 1150
30120241 1150
30120241 1150
30120242 1150
30120242 1150
30120242 1150
30120243 1150
30120243 1150
30120243 1152
30120244 1152
30120244 1152
30120244 1152
30120245 1152
30120245 1152
30120245 1152
30120246 1152
30120246 1152
30120246 1152
30120247 1152
30120247 1152
30120247 1152
30120248 1152
30120248 1152
30120248 1152
30120249 1152
30120249 1152
30120249 1152
30120250 1152
30120250 1152
30120250 1152
30120251 1152
30120251 1152
30120251 1152
30120252 1152
30120252 1152
30120252 1152
30120253 1152
30120253 1152
30120253 1152
30120254 1152
30120254 1152
30120254 1152
30120255 1152
30120255 1152
30120255 1152
30120256 1152
30120256 1152
30120256 1152
30120257 1152
30120257 1152
30120257 1152
30120258 1152
30120258 1152
30120258 1152
30120259 1152
30120259 1152
30120259 1152
30120300 1152
30120300 1152
30120300 1152
30120301 1152
30120301 1152
30120301 1152
30120302 1152
30120302 1152
30120302 1152
30120303 1152
30120303 1152
30120303 1152
30120304 1152
30120304 1152
30120304 1152
30120305 1152
30120305 1152
30120305 1152
30120306 1152
30120306 1152
30120306 1152
30120307 1152
30120307 1152
30120307 1152
30120308 1152
30120308 1152
30120308 1152
30120309 1152
30120309 1152
30120309 1152
30120310 1152
30120310 1152
30120310 1152
30120311 1152
30120311 1152
30120311 1152
30120312 1152
30120312 1152
30120312 1152
30120313 1152
30120313 1152
30120313 1152
30120313 1152
30120314 1152
30120314 1152
30120314 1152
30120315 1152
30120315 1152
30120315 1152
30120316 1152
30120316 1152
30120316 1152
30120317 1152
30120317 1152
30120317 1152
30120318 1154
30120318 1154
30120318 1154
30120319 1154
30120319 1154
30120319 1154
30120320 1154
30120320 1154
30120320 1154
30120321 1154
30120321 1154
30120321 1154
30120322 1154
30120322 1154
30120322 1154
30120323 1154
30120323 1154
30120323 1154
30120324 1154
30120324 1154
30120324 1154
30120325 1154
30120325 1154
30120325 1154
30120326 1154
30120326 1154
30120326 1154
30120327 1154
30120327 1154
30120327 1154
30120328 1154
30120328 1154
30120328 1154
30120329 1154
30120329 1154
30120329 1154
30120330 1154
30120330 1154
30120330 1154
30120331 1154
30120331 1154
30120331 1154
30120332 1154
30120332 1154
30120332 1154
30120333 1154
30120333 1154
30120333 1154
30120334 1154
30120334 1154
30120334 1154
30120335 1154
30120335 1154
30120335 1154
30120336 1154
30120336 1154
30120336 1154
30120337 1154
30120337 1154
30120337 1154
30120338 1154
30120338 1156
30120338 1156
30120339 1156
30120339 1156
30120339 1156
30120340 1156
30120340 1156
30120340 1156
30120341 1156
30120341 1156
30120341 1156
30120342 1156
30120342 1156
30120342 1156
30120343 1156
30120343 1156
30120343 1156
30120344 1156
30120344 1156
30120344 1156
30120345 1156
30120345 1156
30120345 1156
30120346 1156
30120346 1156
30120346 1156
30120347 1156
30120347 1156
30120347 1156
30120348 1156
30120348 1156
30120348 1156
30120349 1156
30120349 1156
30120349 1156
30120350 1156
30120350 1156
30120350 1156
30120351 1156
30120351 1156
30120351 1156
30120352 1156
30120352 1156
30120352 1156
30120352 1156
30120353 1156
30120353 1156
30120353 1156
30120354 1156
30120354 1156
30120354 1156
30120355 1156
30120355 1156
30120355 1156
30120356 1156
30120356 1156
30120356 1156
30120357 1156
30120357 1156
30120357 1156
30120358 1156
30120358 1156
30120358 1156
30120359 1156
30120359 1156
30120359 1156
30120400 1156
30120400 1156
30120400 1156
30120401 1156
30120401 1156
30120401 1156
30120402 1158
30120402 1158
30120402 1158
30120403 1158
30120403 1158
30120403 1158
30120404 1158
30120404 1158
30120404 1158
30120405 1158
30120405 1158
30120405 1158
30120406 1158
30120406 1158
30120406 1158
30120407 1158
30120407 1158
30120407 1158
30120408 1158
30120408 1158
30120408 1158
30120409 1158
30120409 1158
30120409 1158
30120410 1158
30120410 1158
30120410 1158
30120411 1158
30120411 1158
30120411 1158
30120412 1158
30120412 1158
30120412 1158
30120413 1158
30120413 1158
30120413 1158
30120414 1158
30120414 1158
30120414 1158
30120415 1158
30120415 1158
30120415 1158
30120416 1158
30120416 1158
30120416 1158
30120417 1158
30120417 1158
30120417 1158
30120418 1158
30120418 1158
30120418 1158
30120419 1158
30120419 1158
30120419 1158
30120420 1158
30120420 1158
30120420 1158
30120421 1158
30120421 1158
30120421 1158
30120422 1158
30120422 1158
30120422 1158
30120423 1158
30120423 1158
30120423 1158
30120424 1158
30120424 1158
30120424 1158
30120425 1158
30120425 1158
30120425 1158
30120426 1158
30120426 1158
30120426 1158
30120427 1158
30120427 1160
30120427 1160
30120428 1160
30120428 1160
30120428 1160
30120429 1160
30120429 1160
30120429 1160
30120430 1160
30120430 1160
30120430 1160
30120431 1160
30120431 1160
30120431 1160
30120431 1160
30120432 1160
30120432 1160
30120432 1160
30120433 1160
30120433 1160
30120433 1160
30120434 1160
30120434 1160
30120434 1160
30120435 1160
30120435 1160
30120435 1160
30120436 1160
30120436 1160
30120436 1160
30120437 1160
30120437 1160
30120437 1160
30120438 1160
30120438 1160
30120438 1160
30120439 1160
30120439 1160
30120439 1160
30120440 1160
30120440 1160
30120440 1160
30120441 1160
30120441 1160
30120441 1160
30120442 1160
30120442 1160
30120442 1160
30120443 1160
30120443 1160
30120443 1160
30120444 1160
30120444 1160
30120444 1160
30120445 1160
30120445 1160
30120445 1160
30120446 1160
30120446 1160
30120446 1160
30120447 1160
30120447 1160
30120447 1160
30120448 1160
30120448 1160
30120448 1160
30120449 1160
30120449 1160
30120449 1160
30120450 1160
30120450 1160
30120450 1160
30120451 1160
30120451 1160
30120451 1160
30120452 1160
30120452 1160
30120452 1160
30120453 1160
30120453 1160
30120453 1160
30120454 1160
30120454 1162
30120454 1162
30120455 1162
30120455 1162
30120455 1162
30120456 1162
30120456 1164
30120456 1166
30120457 1166
30120457 1212
30120457 1168
30120458 1168
30120458 1170
30120458 0
