30081803 0
30081803 1348
30081804 1348
30081804 1348
30081804 1348
30081805 1348
30081805 1348
30081805 1348
30081806 1348
30081806 1348
30081806 1348
30081807 1348
30081807 1348
30081807 1348
30081808 1348
30081808 1374
30081808 1374
30081809 1374
30081809 1374
30081809 1374
30081810 1374
30081810 1374
30081810 1374
30081811 1374
30081811 1374
30081811 1374
30081812 1374
30081812 1374
30081812 1374
30081813 1374
30081813 1402
30081813 1402
30081814 1402
30081814 1402
30081814 1402
30081815 1402
30081815 1402
30081815 1402
30081816 1402
30081816 1402
30081816 1402
30081817 1402
30081817 1402
30081817 1402
30081818 1402
30081818 1434
30081818 1434
30081819 1434
30081819 1434
30081819 1434
30081820 1434
30081820 1434
30081820 1434
30081821 1434
30081821 1434
30081821 1434
30081822 1434
30081822 1434
30081822 1434
30081823 1434
30081823 1434
30081823 1434
30081824 1470
30081824 1470
30081824 1470
30081825 1470
30081825 1470
30081825 1470
30081826 1470
30081826 1470
30081826 1470
30081827 1470
30081827 1470
30081827 1470
30081828 1470
30081828 1470
30081828 1470
30081829 1470
30081829 1470
30081829 1508
30081830 1508
30081830 1508
30081830 1508
30081831 1508
30081831 1508
30081831 1508
30081832 1508
30081832 1508
30081832 1508
30081832 1508
30081833 1508
30081833 1508
30081833 1508
30081834 1508
30081834 1508
30081834 1508
30081835 1548
30081835 1548
30081835 1548
30081836 1548
30081836 1548
30081836 1548
30081837 1548
30081837 1548
30081837 1548
30081838 1548
30081838 1548
30081838 1548
30081839 1548
30081839 1548
30081839 1548
30081840 1548
30081840 1548
30081840 1594
30081841 1594
30081841 1594
30081841 1594
30081842 1594
30081842 1594
30081842 1594
30081843 1594
30081843 1594
30081843 1594
30081844 1594
30081844 1594
30081844 1594
30081845 1594
30081845 1594
30081845 1594
30081846 1594
30081846 1594
30081846 1646
30081847 1646
30081847 1646
30081847 1646
30081848 1646
30081848 1646
30081848 1646
30081849 1646
30081849 1646
30081849 1646
30081850 1646
30081850 1646
30081850 1646
30081851 1646
30081851 1646
30081851 1646
30081852 1646
30081852 1646
30081852 1646
30081853 1646
30081853 1700
30081853 1700
30081854 1700
30081854 1700
30081854 1700
30081855 1700
30081855 1700
30081855 1700
30081856 1700
30081856 1700
30081856 1700
30081857 1700
30081857 1700
30081857 1700
30081858 1700
30081858 1700
30081858 1700
30081859 1700
30081859 1700
30081859 1700
30081900 1700
30081900 1700
30081900 1760
30081901 1760
30081901 1760
30081901 1760
30081902 1760
30081902 1760
30081902 1760
30081903 1760
30081903 1760
30081903 1760
30081903 1760
30081904 1760
30081904 1760
30081904 1760
30081905 1760
30081905 1760
30081905 1760
30081906 1760
30081906 1760
30081906 1760
30081907 1760
30081907 1822
30081907 1822
30081908 1822
30081908 1822
30081908 1822
30081909 1822
30081909 1822
30081909 1822
30081910 1822
30081910 1822
30081910 1822
30081911 1822
30081911 1822
30081911 1822
30081912 1822
30081912 1822
30081912 1822
30081913 1822
30081913 1822
30081913 1822
30081914 1822
30081914 1134
30081914 1890
30081915 1890
30081915 1890
30081915 1890
30081916 1890
30081916 1890
30081916 1890
30081917 1890
30081917 1890
30081917 1890
30081918 1890
30081918 1890
30081918 1890
30081919 1890
30081919 1890
30081919 1890
30081920 1890
30081920 1890
30081920 1890
30081921 1890
30081921 1890
30081921 1890
30081922 1812
30081922 1962
30081922 1962
30081923 1962
30081923 1962
30081923 1962
30081924 1962
30081924 1962
30081924 1962
30081925 1962
30081925 1962
30081925 1962
30081926 1962
30081926 1962
30081926 1962
30081927 1962
30081927 1962
30081927 1962
30081928 1962
30081928 1962
30081928 1962
30081929 2044
30081929 2044
30081929 2044
30081930 2044
30081930 2044
30081930 2044
30081931 2044
30081931 2044
30081931 2044
30081932 2044
30081932 2044
30081932 2044
30081933 2044
30081933 2044
30081933 2044
30081934 2044
30081934 2044
30081934 2044
30081935 2044
30081935 2044
30081935 2044
30081936 2044
30081936 2044
30081936 2130
30081937 2130
30081937 2130
30081937 2130
30081938 2130
30081938 2130
30081938 2130
30081938 2130
30081939 2130
30081939 2130
30081939 2130
30081940 2130
30081940 2130
30081940 2130
30081941 2130
30081941 2130
30081941 2130
30081942 2130
30081942 2130
30081942 2130
30081943 2130
30081943 2130
30081943 2130
30081944 2130
30081944 2224
30081944 2224
30081945 2224
30081945 2224
30081945 2224
30081946 2224
30081946 2224
30081946 2224
30081947 2224
30081947 2224
30081947 2224
30081948 2224
30081948 2224
30081948 2224
30081949 2224
30081949 2224
30081949 2224
30081950 2224
30081950 2224
30081950 2224
30081951 2224
30081951 2224
30081951 2224
30081952 2224
30081952 2224
30081952 2224
30081953 2322
30081953 2322
30081953 2322
30081954 2322
30081954 2322
30081954 2322
30081955 2322
30081955 2322
30081955 2322
30081956 2322
30081956 2322
30081956 2322
30081957 2322
30081957 2322
30081957 2322
30081958 2322
30081958 2322
30081958 2322
30081959 2322
30081959 2322
30081959 2322
30082000 2322
30082000 2322
30082000 2322
30082001 2322
30082001 2322
30082001 2322
30082002 2322
30082002 2322
30082002 2430
30082003 2430
30082003 2430
30082003 2430
30082004 2430
30082004 2430
30082004 2430
30082005 2430
30082005 2430
30082005 2430
30082006 2430
30082006 2430
30082006 2430
30082007 2430
30082007 2430
30082007 2430
30082008 2430
30082008 2430
30082008 2430
30082009 2430
30082009 2430
30082009 2430
30082010 2430
30082010 2430
30082010 2430
30082010 2430
30082011 2430
30082011 2430
30082011 2430
30082012 2430
30082012 2430
30082012 2546
30082013 2546
30082013 2546
30082013 2546
30082014 2546
30082014 2546
30082014 2546
30082015 2546
30082015 2546
30082015 2546
30082016 2546
30082016 2546
30082016 2546
30082017 2546
30082017 2546
30082017 2546
30082018 2546
30082018 2546
30082018 2546
30082019 2546
30082019 2546
30082019 2546
30082020 2546
30082020 2546
30082020 2546
30082021 2546
30082021 2546
30082021 2546
30082022 2546
30082022 2546
30082022 2546
30082023 4084
30082023 2668
30082023 2668
30082024 2668
30082024 2668
30082024 2668
30082025 2668
30082025 2668
30082025 2668
30082026 2668
30082026 2668
30082026 2668
30082027 2668
30082027 2668
30082027 2668
30082028 2668
30082028 2668
30082028 2668
30082029 2668
30082029 2668
30082029 2668
30082030 2668
30082030 2668
30082030 2668
30082031 2668
30082031 2668
30082031 2668
30082032 2668
30082032 2668
30082032 2668
30082033 2668
30082033 2668
30082033 2668
30082034 2668
30082034 2668
30082034 2800
30082035 2800
30082035 2800
30082035 2800
30082036 2800
30082036 2800
30082036 2800
30082037 2800
30082037 2800
30082037 2800
30082038 2800
30082038 2800
30082038 2800
30082039 2800
30082039 2800
30082039 2800
30082040 2800
30082040 2800
30082040 2800
30082041 2800
30082041 2800
30082041 2800
30082042 2800
30082042 2800
30082042 2800
30082043 2800
30082043 2800
30082043 2800
30082044 2800
30082044 2800
30082044 2940
30082044 2940
30082045 2940
30082045 2940
30082045 2940
30082046 2940
30082046 2940
30082046 2940
30082047 2940
30082047 2940
30082047 2940
30082048 2940
30082048 2940
30082048 2940
30082049 2940
30082049 2940
30082049 2940
30082050 2940
30082050 2940
30082050 2940
30082051 2940
30082051 3094
30082051 3094
30082052 3094
30082052 3094
30082052 3094
30082053 3094
30082053 3094
30082053 3094
30082054 3094
30082054 3094
30082054 3094
30082055 3094
30082055 3094
30082055 3094
30082056 3094
30082056 3094
30082056 3094
30082057 3094
30082057 3094
30082057 3094
30082058 3094
30082058 3094
30082058 3094
30082059 3254
30082059 3254
30082059 3254
30082100 3254
30082100 3254
30082100 3254
30082101 3254
30082101 3254
30082101 3254
30082102 3254
30082102 3254
30082102 3254
30082103 3254
30082103 3254
30082103 3254
30082104 3254
30082104 3254
30082104 3254
30082105 3254
30082105 3254
30082105 3254
30082106 3254
30082106 3254
30082106 3254
30082107 3254
30082107 3254
30082107 3426
30082108 3426
30082108 3426
30082108 3426
30082109 3426
30082109 3426
30082109 3426
30082110 3426
30082110 3426
30082110 3426
30082111 3426
30082111 3426
30082111 3426
30082112 3426
30082112 3426
30082112 3426
30082113 3426
30082113 3426
30082113 3426
30082114 3426
30082114 3426
30082114 3426
30082115 3426
30082115 3426
30082115 3426
30082116 3426
30082116 3426
30082116 3426
30082117 3612
30082117 3612
30082117 3612
30082118 3612
30082118 3612
30082118 3612
30082118 3612
30082119 3612
30082119 3612
30082119 3612
30082120 3612
30082120 3612
30082120 3612
30082121 3612
30082121 3612
30082121 3612
30082122 3612
30082122 3612
30082122 3612
30082123 3612
30082123 3612
30082123 3612
30082124 3612
30082124 3612
30082124 3612
30082125 3612
30082125 3612
30082125 3612
30082126 3612
30082126 3612
30082126 3612
30082127 3808
30082127 3808
30082127 3808
30082128 3808
30082128 3808
30082128 3808
30082129 3808
30082129 3808
30082129 3808
30082130 3808
30082130 3808
30082130 3808
30082131 3808
30082131 3808
30082131 3808
30082132 3808
30082132 3808
30082132 3808
30082133 3808
30082133 3808
30082133 3808
30082134 3808
30082134 3808
30082134 3808
30082135 3808
30082135 3808
30082135 3808
30082136 3808
30082136 3808
30082136 3808
30082137 3808
30082137 3808
30082137 3808
30082138 4016
30082138 4016
30082138 4016
30082139 4016
30082139 4016
30082139 4016
30082140 4016
30082140 4016
30082140 4016
30082141 4016
30082141 4016
30082141 4016
30082142 4016
30082142 4016
30082142 4016
30082143 4016
30082143 4016
30082143 4016
30082144 4016
30082144 4016
30082144 4016
30082145 4016
30082145 4016
30082145 4016
30082146 4016
30082146 4016
30082146 4016
30082147 4016
30082147 4016
30082147 4016
30082148 4016
30082148 4016
30082148 4016
30082149 4016
30082149 4016
30082149 4016
30082150 4238
30082150 4238
30082150 4238
30082151 4238
30082151 4238
30082151 4238
30082151 4238
30082152 4238
30082152 4238
30082152 4238
30082153 4238
30082153 4238
30082153 4238
30082154 4238
30082154 4238
30082154 4238
30082155 4238
30082155 4238
30082155 4238
30082156 4238
30082156 4238
30082156 4238
30082157 4238
30082157 4238
30082157 4238
30082158 4238
30082158 4238
30082158 4238
30082159 4238
30082159 4238
30082159 4238
30082200 4238
30082200 4238
30082200 4238
30082201 4238
30082201 4238
30082201 4238
30082202 4238
30082202 7576
30082202 4474
30082203 4474
30082203 4474
30082203 4474
30082204 4474
30082204 4474
30082204 4474
30082205 4474
30082205 4474
30082205 4474
30082206 4474
30082206 4474
30082206 4474
30082207 4474
30082207 4474
30082207 4474
30082208 4474
30082208 4474
30082208 4474
30082209 4474
30082209 4474
30082209 4474
30082210 4474
30082210 4474
30082210 4474
30082211 4474
30082211 4474
30082211 4474
30082212 4474
30082212 4474
30082212 4474
30082213 4474
30082213 4474
30082213 4474
30082214 4474
30082214 4474
30082214 4474
30082215 4474
30082215 4474
30082215 4474
30082216 4474
30082216 4726
30082216 4726
30082217 4726
30082217 4726
30082217 4726
30082218 4726
30082218 4726
30082218 4726
30082219 4726
30082219 4726
30082219 4726
30082220 4726
30082220 4726
30082220 4726
30082221 4726
30082221 4726
30082221 4726
30082222 4726
30082222 4726
30082222 4726
30082223 4726
30082223 4726
30082223 4726
30082224 4726
30082224 4726
30082224 4726
30082224 4726
30082225 4726
30082225 4726
30082225 4726
30082226 4726
30082226 4726
30082226 4726
30082227 4726
30082227 4726
30082227 4726
30082228 4726
30082228 4726
30082228 4726
30082229 4726
30082229 4726
30082229 4726
30082230 4726
30082230 4726
30082230 8580
30082231 4992
30082231 4992
30082231 4992
30082232 4992
30082232 4992
30082232 4992
30082233 4992
30082233 4992
30082233 4992
30082234 4992
30082234 4992
30082234 4992
30082235 4992
30082235 4992
30082235 4992
30082236 4992
30082236 4992
30082236 4992
30082237 4992
30082237 4992
30082237 4992
30082238 4992
30082238 4992
30082238 4992
30082239 4992
30082239 4992
30082239 4992
30082240 4992
30082240 4992
30082240 4992
30082241 4992
30082241 4992
30082241 4992
30082242 4992
30082242 4992
30082242 4992
30082243 4992
30082243 4992
30082243 4992
30082244 4992
30082244 4992
30082244 4992
30082245 4992
30082245 4992
30082245 4992
30082246 4992
30082246 4992
30082246 4992
30082247 5274
30082247 5274
30082247 5274
30082248 5274
30082248 5274
30082248 5274
30082249 5274
30082249 5274
30082249 5274
30082250 5274
30082250 5274
30082250 5274
30082251 5274
30082251 5274
30082251 5274
30082252 5274
30082252 5274
30082252 5274
30082253 5274
30082253 5274
30082253 5274
30082254 5274
30082254 5274
30082254 5274
30082255 5274
30082255 5274
30082255 5274
30082256 5274
30082256 5274
30082256 5274
30082257 5274
30082257 5274
30082257 5274
30082257 5274
30082258 5274
30082258 9710
30082258 5574
30082259 5574
30082259 5574
30082259 5574
30082300 5574
30082300 5574
30082300 5574
30082301 5574
30082301 5574
30082301 5574
30082302 5574
30082302 5574
30082302 5574
30082303 5574
30082303 5574
30082303 5574
30082304 5574
30082304 5574
30082304 5574
30082305 5574
30082305 5574
30082305 5574
30082306 5574
30082306 5574
30082306 5574
30082307 5574
30082307 5574
30082307 5574
30082308 5574
30082308 5574
30082308 5574
30082309 5574
30082309 5574
30082309 5574
30082310 5574
30082310 5574
30082310 5574
30082311 1458
30082311 1458
30082311 1458
30082312 1458
30082312 1458
30082312 1458
30082313 1458
30082313 1458
30082313 1458
30082314 1458
30082314 1458
30082314 1458
30082315 1458
30082315 1458
30082315 1458
30082316 1458
30082316 1458
30082316 1458
30082317 1458
30082317 1458
30082317 1458
30082318 1458
30082318 1458
30082318 1458
30082319 1476
30082319 1476
30082319 1476
30082320 1476
30082320 1476
30082320 1476
30082321 1476
30082321 1476
30082321 1476
30082322 1476
30082322 1476
30082322 1476
30082323 1476
30082323 1476
30082323 1476
30082324 1476
30082324 1476
30082324 1476
30082325 1476
30082325 1476
30082325 1476
30082326 1476
30082326 1476
30082326 1476
30082327 1476
30082327 1498
30082327 1498
30082328 1498
30082328 1498
30082328 1498
30082329 1498
30082329 1498
30082329 1498
30082329 1498
30082330 1498
30082330 1498
30082330 1498
30082331 1498
30082331 1498
30082331 1498
30082332 1498
30082332 1498
30082332 1498
30082333 1498
30082333 1498
30082333 1498
30082334 1498
30082334 1498
30082334 1498
30082335 1498
30082335 1498
30082335 1498
30082336 1498
30082336 1518
30082336 1518
30082337 1518
30082337 1518
30082337 1518
30082338 1518
30082338 1518
30082338 1518
30082339 1518
30082339 1518
30082339 1518
30082340 1518
30082340 1518
30082340 1518
30082341 1518
30082341 1518
30082341 1518
30082342 1518
30082342 1518
30082342 1518
30082343 1518
30082343 1518
30082343 1518
30082344 1518
30082344 1518
30082344 1518
30082345 1518
30082345 1518
30082345 1518
30082346 1518
30082346 1542
30082346 1542
30082347 1542
30082347 1542
30082347 1542
30082348 1542
30082348 1542
30082348 1542
30082349 1542
30082349 1542
30082349 1542
30082350 1542
30082350 1542
30082350 1542
30082351 1542
30082351 1542
30082351 1542
30082352 1542
30082352 1542
30082352 1542
30082353 1542
30082353 1542
30082353 1542
30082354 1542
30082354 1542
30082354 1542
30082355 1542
30082355 1542
30082355 1542
30082356 1542
30082356 1542
30082356 1564
30082357 1564
30082357 1564
30082357 1564
30082358 1564
30082358 1564
30082358 1564
30082359 1564
30082359 1564
30082359 1564
30082400 1564
30082400 1564
30082400 1564
30082401 1564
30082401 1564
30082401 1564
30082401 1564
30082402 1564
30082402 1564
30082402 1564
30082403 1564
30082403 1564
30082403 1564
30082404 1564
30082404 1564
30082404 1564
30082405 1564
30082405 1564
30082405 1564
30082406 1564
30082406 1564
30082406 1564
30082407 1564
30082407 1564
30082407 1590
30082408 1590
30082408 1590
30082408 1590
30082409 1590
30082409 1590
30082409 1590
30082410 1590
30082410 1590
30082410 1590
30082411 1590
30082411 1590
30082411 1590
30082412 1590
30082412 1590
30082412 1590
30082413 1590
30082413 1590
30082413 1590
30082414 1590
30082414 1590
30082414 1590
30082415 1590
30082415 1590
30082415 1590
30082416 1590
30082416 1590
30082416 1590
30082417 1590
30082417 1590
30082417 1590
30082418 1590
30082418 1590
30082418 1590
30082419 1590
30082419 1590
30082419 1614
30082420 1614
30082420 1614
30082420 1614
30082421 1614
30082421 1614
30082421 1614
30082422 1614
30082422 1614
30082422 1614
30082423 1614
30082423 1614
30082423 1614
30082424 1614
30082424 1614
30082424 1614
30082425 1614
30082425 1614
30082425 1614
30082426 1614
30082426 1614
30082426 1614
30082427 1614
30082427 1614
30082427 1614
30082428 1614
30082428 1614
30082428 1614
30082429 1614
30082429 1614
30082429 1614
30082430 1614
30082430 1614
30082430 1614
30082431 1614
30082431 1614
30082431 1614
30082431 1614
30082432 1640
30082432 1640
30082432 1640
30082433 1640
30082433 1640
30082433 1640
30082434 1640
30082434 1640
30082434 1640
30082435 1640
30082435 1640
30082435 1640
30082436 1640
30082436 1640
30082436 1640
30082437 1640
30082437 1640
30082437 1640
30082438 1640
30082438 1640
30082438 1640
30082439 1640
30082439 1640
30082439 1640
30082440 1640
30082440 1640
30082440 1640
30082441 1640
30082441 1640
30082441 1640
30082442 1640
30082442 1640
30082442 1640
30082443 1640
30082443 1640
30082443 1640
30082444 1640
30082444 1640
30082444 1640
30082445 1640
30082445 1668
30082445 1668
30082446 1668
30082446 1668
30082446 1668
30082447 1668
30082447 1668
30082447 1668
30082448 1668
30082448 1668
30082448 1668
30082449 1668
30082449 1668
30082449 1668
30082450 1668
30082450 1668
30082450 1668
30082451 1668
30082451 1668
30082451 1668
30082452 1668
30082452 1668
30082452 1668
30082453 1668
30082453 1668
30082453 1668
30082454 1668
30082454 1668
30082454 1668
30082455 1668
30082455 1668
30082455 1668
30082456 1668
30082456 1668
30082456 1668
30082457 1668
30082457 1668
30082457 1668
30082458 1668
30082458 1668
30082458 1668
30082459 1668
30082459 1668
30082459 1668
30082500 1696
30082500 1696
30082500 1696
30082501 1696
30082501 1696
30082501 1696
30082501 1696
30082502 1696
30082502 1696
30082502 1696
30082503 1696
30082503 1696
30082503 1696
30082504 1696
30082504 1696
30082504 1696
30082505 1696
30082505 1696
30082505 1696
30082506 1696
30082506 1696
30082506 1696
30082507 1696
30082507 1696
30082507 1696
30082508 1696
30082508 1696
30082508 1696
30082509 1696
30082509 1696
30082509 1696
30082510 1696
30082510 1696
30082510 1696
30082511 1696
30082511 1696
30082511 1696
30082512 1696
30082512 1696
30082512 1696
30082513 1696
30082513 1696
30082513 1696
30082514 1696
30082514 1696
30082514 1696
30082515 1726
30082515 1726
30082515 1726
30082516 1726
30082516 1726
30082516 1726
30082517 1726
30082517 1726
30082517 1726
30082518 1726
30082518 1726
30082518 1726
30082519 1726
30082519 1726
30082519 1726
30082520 1726
30082520 1726
30082520 1726
30082521 1726
30082521 1726
30082521 1726
30082522 1726
30082522 1726
30082522 1726
30082523 1726
30082523 1726
30082523 1726
30082524 1726
30082524 1726
30082524 1726
30082525 1726
30082525 1726
30082525 1726
30082526 1726
30082526 1726
30082526 1726
30082527 1726
30082527 1726
30082527 1726
30082528 1726
30082528 1726
30082528 1726
30082529 1726
30082529 1726
30082529 1726
30082530 1726
30082530 1726
30082530 1726
30082531 1726
30082531 1726
30082531 1758
30082532 1758
30082532 1758
30082532 1758
30082533 1758
30082533 1758
30082533 1758
30082533 1758
30082534 1758
30082534 1758
30082534 1758
30082535 1758
30082535 1758
30082535 1758
30082536 1758
30082536 1758
30082536 1758
30082537 1758
30082537 1758
30082537 1758
30082538 1758
30082538 1758
30082538 1758
30082539 1758
30082539 1758
30082539 1758
30082540 1758
30082540 1758
30082540 1758
30082541 1758
30082541 1758
30082541 1758
30082542 1758
30082542 1758
30082542 1758
30082543 1758
30082543 1758
30082543 1758
30082544 1758
30082544 1758
30082544 1758
30082545 1758
30082545 1758
30082545 1758
30082546 1758
30082546 1758
30082546 1758
30082547 1758
30082547 1758
30082547 1758
30082548 1758
30082548 1758
30082548 1790
30082549 1790
30082549 1790
30082549 1790
30082550 1790
30082550 1790
30082550 1790
30082551 1790
30082551 1790
30082551 1790
30082552 1790
30082552 1790
30082552 1790
30082553 1790
30082553 1790
30082553 1790
30082554 1790
30082554 1790
30082554 1790
30082555 1790
30082555 1790
30082555 1790
30082556 1790
30082556 1790
30082556 1790
30082557 1790
30082557 1790
30082557 1790
30082558 1790
30082558 1790
30082558 1790
30082559 1790
30082559 1790
30082559 1790
30082600 1790
30082600 1790
30082600 1790
30082601 1790
30082601 1790
30082601 1790
30082602 1790
30082602 1790
30082602 1790
30082603 1790
30082603 1790
30082603 1790
30082604 1790
30082604 1790
30082604 1790
30082605 1790
30082605 1790
30082605 1790
30082605 1790
30082606 1790
30082606 1790
30082606 1822
30082607 1822
30082607 1822
30082607 1822
30082608 1822
30082608 1822
30082608 1822
30082609 1822
30082609 1822
30082609 1822
30082610 1822
30082610 1822
30082610 1822
30082611 1822
30082611 1822
30082611 1822
30082612 1822
30082612 1822
30082612 1822
30082613 1822
30082613 1822
30082613 1822
30082614 1822
30082614 1822
30082614 1822
30082615 1822
30082615 1822
30082615 1822
30082616 1822
30082616 1822
30082616 1822
30082617 1822
30082617 1822
30082617 1822
30082618 1822
30082618 1822
30082618 1822
30082619 1822
30082619 1822
30082619 1822
30082620 1822
30082620 1822
30082620 1822
30082621 1822
30082621 1822
30082621 1822
30082622 1822
30082622 1822
30082622 1822
30082623 1822
30082623 1822
30082623 1822
30082624 1822
30082624 1822
30082624 1822
30082625 1822
30082625 1822
30082625 1858
30082626 1858
30082626 1858
30082626 1858
30082627 1858
30082627 1858
30082627 1858
30082628 1858
30082628 1858
30082628 1858
30082629 1858
30082629 1858
30082629 1858
30082630 1858
30082630 1858
30082630 1858
30082631 1858
30082631 1858
30082631 1858
30082632 1858
30082632 1858
30082632 1858
30082633 1858
30082633 1858
30082633 1858
30082634 1858
30082634 1858
30082634 1858
30082635 1858
30082635 1858
30082635 1858
30082635 1858
30082636 1858
30082636 1858
30082636 1858
30082637 1858
30082637 1858
30082637 1858
30082638 1858
30082638 1858
30082638 1858
30082639 1858
30082639 1858
30082639 1858
30082640 1858
30082640 1858
30082640 1858
30082641 1858
30082641 1858
30082641 1858
30082642 1858
30082642 1858
30082642 1858
30082643 1858
30082643 1858
30082643 1858
30082644 1858
30082644 1858
30082644 1858
30082645 1896
30082645 1896
30082645 1896
30082646 1896
30082646 1896
30082646 1896
30082647 1896
30082647 1896
30082647 1896
30082648 1896
30082648 1896
30082648 1896
30082649 1896
30082649 1896
30082649 1896
30082650 1896
30082650 1896
30082650 1896
30082651 1896
30082651 1896
30082651 1896
30082652 1896
30082652 1896
30082652 1896
30082653 1896
30082653 1896
30082653 1896
30082654 1896
30082654 1896
30082654 1896
30082655 1896
30082655 1896
30082655 1896
30082656 1896
30082656 1896
30082656 1896
30082657 1896
30082657 1896
30082657 1896
30082658 1896
30082658 1896
30082658 1896
30082659 1896
30082659 1896
30082659 1896
30082700 1896
30082700 1896
30082700 1896
30082701 1896
30082701 1896
30082701 1896
30082702 1896
30082702 1896
30082702 1896
30082703 1896
30082703 1896
30082703 1896
30082704 1896
30082704 1896
30082704 1896
30082705 1896
30082705 1932
30082705 1932
30082706 1932
30082706 1932
30082706 1932
30082706 1932
30082707 1932
30082707 1932
30082707 1932
30082708 1932
30082708 1932
30082708 1932
30082709 1932
30082709 1932
30082709 1932
30082710 1932
30082710 1932
30082710 1932
30082711 1932
30082711 1932
30082711 1932
30082712 1932
30082712 1932
30082712 1932
30082713 1932
30082713 1932
30082713 1932
30082714 1932
30082714 1932
30082714 1932
30082715 1932
30082715 1932
30082715 1932
30082716 1932
30082716 1932
30082716 1932
30082717 1932
30082717 1932
30082717 1932
30082718 1932
30082718 1932
30082718 1932
30082719 1932
30082719 1932
30082719 1932
30082720 1932
30082720 1932
30082720 1932
30082721 1932
30082721 1932
30082721 1932
30082722 1932
30082722 1932
30082722 1932
30082723 1932
30082723 1932
30082723 1932
30082724 1932
30082724 1932
30082724 1932
30082725 1932
30082725 1932
30082725 1932
30082726 1972
30082726 1972
30082726 1972
30082727 1972
30082727 1972
30082727 1972
30082728 1972
30082728 1972
30082728 1972
30082729 1972
30082729 1972
30082729 1972
30082730 1972
30082730 1972
30082730 1972
30082731 1972
30082731 1972
30082731 1972
30082732 1972
30082732 1972
30082732 1972
30082733 1972
30082733 1972
30082733 1972
30082734 1972
30082734 1972
30082734 1972
30082735 1972
30082735 1972
30082735 1972
30082735 1972
30082736 1972
30082736 1972
30082736 1972
30082737 1972
30082737 1972
30082737 1972
30082738 1972
30082738 1972
30082738 1972
30082739 1972
30082739 1972
30082739 1972
30082740 1972
30082740 1972
30082740 1972
30082741 1972
30082741 1972
30082741 1972
30082742 1972
30082742 1972
30082742 1972
30082743 1972
30082743 1972
30082743 1972
30082744 1972
30082744 1972
30082744 1972
30082745 1972
30082745 1972
30082745 1972
30082746 1972
30082746 1972
30082746 1972
30082747 1972
30082747 1972
30082747 1972
30082748 1972
30082748 2014
30082748 2014
30082749 2014
30082749 2014
30082749 2014
30082750 2014
30082750 2014
30082750 2014
30082751 2014
30082751 2014
30082751 2014
30082752 2014
30082752 2014
30082752 2014
30082753 2014
30082753 2014
30082753 2014
30082754 2014
30082754 2014
30082754 2014
30082755 2014
30082755 2014
30082755 2014
30082756 2014
30082756 2014
30082756 2014
30082757 2014
30082757 2014
30082757 2014
30082758 2014
30082758 2014
30082758 2014
30082759 2014
30082759 2014
30082759 2014
30082800 2014
30082800 2014
30082800 2014
30082801 2014
30082801 2014
30082801 2014
30082802 2014
30082802 2014
30082802 2014
30082803 2014
30082803 2014
30082803 2014
30082804 2014
30082804 2014
30082804 2014
30082805 2014
30082805 2014
30082805 2014
30082805 2014
30082806 2014
30082806 2014
30082806 2014
30082807 2014
30082807 2014
30082807 2014
30082808 2014
30082808 2014
30082808 2014
30082809 2014
30082809 2014
30082809 2014
30082810 2014
30082810 2014
30082810 2014
30082811 2014
30082811 2056
30082811 2056
30082812 2056
30082812 2056
30082812 2056
30082813 2056
30082813 2056
30082813 2056
30082814 2056
30082814 2056
30082814 2056
30082815 2056
30082815 2056
30082815 2056
30082816 2056
30082816 2056
30082816 2056
30082817 2056
30082817 2056
30082817 2056
30082818 2056
30082818 2056
30082818 2056
30082819 2056
30082819 2056
30082819 2056
30082820 2056
30082820 2056
30082820 2056
30082821 2056
30082821 2056
30082821 2056
30082822 2056
30082822 2056
30082822 2056
30082823 2056
30082823 2056
30082823 2056
30082824 2056
30082824 2056
30082824 2056
30082825 2056
30082825 2056
30082825 2056
30082826 2056
30082826 2056
30082826 2056
30082827 2056
30082827 2056
30082827 2056
30082828 2056
30082828 2056
30082828 2056
30082829 2056
30082829 2056
30082829 2056
30082830 2056
30082830 2056
30082830 2056
30082831 2056
30082831 2056
30082831 2056
30082832 2056
30082832 2056
30082832 2056
30082833 2056
30082833 2056
30082833 2056
30082834 2056
30082834 2056
30082834 2056
30082834 2056
30082835 2056
30082835 2056
30082835 2056
30082836 2100
30082836 2100
30082836 2100
30082837 2100
30082837 2100
30082837 2100
30082838 2100
30082838 2100
30082838 2100
30082839 2100
30082839 2100
30082839 2100
30082840 2100
30082840 2100
30082840 2100
30082841 2100
30082841 2100
30082841 2100
30082842 2100
30082842 2100
30082842 2100
30082843 2100
30082843 2100
30082843 2100
30082844 2100
30082844 2100
30082844 2100
30082845 2100
30082845 2100
30082845 2100
30082846 2100
30082846 2100
30082846 2100
30082847 2100
30082847 2100
30082847 2100
30082848 2100
30082848 2100
30082848 2100
30082849 2100
30082849 2100
30082849 2100
30082850 2100
30082850 2100
30082850 2100
30082851 2100
30082851 2100
30082851 2100
30082852 2100
30082852 2100
30082852 2100
30082853 2100
30082853 2100
30082853 2100
30082854 2100
30082854 2100
30082854 2100
30082855 2100
30082855 2100
30082855 2100
30082856 2100
30082856 2100
30082856 2100
30082857 2100
30082857 2100
30082857 2100
30082858 2100
30082858 2100
30082858 2100
30082859 2100
30082859 2100
30082859 2100
30082900 2100
30082900 2100
30082900 2100
30082901 2100
30082901 2100
30082901 2100
30082902 2100
30082902 2100
30082902 2144
30082903 2144
30082903 2144
30082903 2144
30082903 2144
30082904 2144
30082904 2144
30082904 2144
30082905 2144
30082905 2144
30082905 2144
30082906 2144
30082906 2144
30082906 2144
30082907 2144
30082907 2144
30082907 2144
30082908 2144
30082908 2144
30082908 2144
30082909 2144
30082909 2144
30082909 2144
30082910 2144
30082910 2144
30082910 2144
30082911 2144
30082911 2144
30082911 2144
30082912 2144
30082912 2144
30082912 2144
30082913 2144
30082913 2144
30082913 2144
30082914 2144
30082914 2144
30082914 2144
30082915 2144
30082915 2144
30082915 2144
30082916 2144
30082916 2144
30082916 2144
30082917 2144
30082917 2144
30082917 2144
30082918 2144
30082918 2144
30082918 2144
30082919 2144
30082919 2144
30082919 2144
30082920 2144
30082920 2144
30082920 2144
30082921 2144
30082921 2144
30082921 2144
30082922 2144
30082922 2144
30082922 2144
30082923 2144
30082923 2144
30082923 2144
30082924 2144
30082924 2144
30082924 2144
30082925 2144
30082925 2144
30082925 2144
30082926 2144
30082926 2144
30082926 2144
30082927 2144
30082927 2144
30082927 2144
30082928 2144
30082928 2144
30082928 2144
30082929 2144
30082929 2144
30082929 2144
30082930 2144
30082930 2144
30082930 2192
30082931 2192
30082931 2192
30082931 2192
30082931 2192
30082932 2192
30082932 2192
30082932 2192
30082933 2192
30082933 2192
30082933 2192
30082934 2192
30082934 2192
30082934 2192
30082935 2192
30082935 2192
30082935 2192
30082936 2192
30082936 2192
30082936 2192
30082937 2192
30082937 2192
30082937 2192
30082938 2192
30082938 2192
30082938 2192
30082939 2192
30082939 2192
30082939 2192
30082940 2192
30082940 2192
30082940 2192
30082941 2192
30082941 2192
30082941 2192
30082942 2192
30082942 2192
30082942 2192
30082943 2192
30082943 2192
30082943 2192
30082944 2192
30082944 2192
30082944 2192
30082945 2192
30082945 2192
30082945 2192
30082946 2192
30082946 2192
30082946 2192
30082947 2192
30082947 2192
30082947 2192
30082948 2192
30082948 2192
30082948 2192
30082949 2192
30082949 2192
30082949 2192
30082950 2192
30082950 2192
30082950 2192
30082951 2192
30082951 2192
30082951 2192
30082952 2192
30082952 2192
30082952 2192
30082953 2192
30082953 2192
30082953 2192
30082954 2192
30082954 2192
30082954 2192
30082955 2192
30082955 2192
30082955 2192
30082956 2192
30082956 2192
30082956 2192
30082957 2192
30082957 2192
30082957 2192
30082958 2192
30082958 2192
30082958 2192
30082959 2192
30082959 2192
30082959 2192
30083000 2192
30083000 2192
30083000 2242
30083000 2242
30083001 2242
30083001 2242
30083001 2242
30083002 2242
30083002 2242
30083002 2242
30083003 2242
30083003 2242
30083003 2242
30083004 2242
30083004 2242
30083004 2242
30083005 2242
30083005 2242
30083005 2242
30083006 2242
30083006 2242
30083006 2242
30083007 2242
30083007 2242
30083007 2242
30083008 2242
30083008 2242
30083008 2242
30083009 2242
30083009 2242
30083009 2242
30083010 2242
30083010 2242
30083010 2242
30083011 2242
30083011 2242
30083011 2242
30083012 2242
30083012 2242
30083012 2242
30083013 2242
30083013 2242
30083013 2242
30083014 2242
30083014 2242
30083014 2242
30083015 2242
30083015 2242
30083015 2242
30083016 2242
30083016 2242
30083016 2242
30083017 2242
30083017 2242
30083017 2242
30083018 2242
30083018 2242
30083018 2242
30083019 2242
30083019 2242
30083019 2242
30083020 2242
30083020 2242
30083020 2242
30083021 2242
30083021 2242
30083021 2242
30083022 2242
30083022 2242
30083022 2242
30083023 2242
30083023 2242
30083023 2242
30083024 2242
30083024 2242
30083024 2242
30083025 2242
30083025 2242
30083025 2242
30083026 2242
30083026 2242
30083026 2242
30083027 2242
30083027 2242
30083027 2242
30083028 2242
30083028 2242
30083028 2242
30083029 2242
30083029 2242
30083029 2242
30083030 2242
30083030 2242
30083030 2242
30083030 2242
30083031 2242
30083031 2242
30083031 2242
30083032 2242
30083032 2242
30083032 2242
30083033 2294
30083033 2294
30083033 2294
30083034 2294
30083034 2294
30083034 2294
30083035 2294
30083035 2294
30083035 2294
30083036 2294
30083036 2294
30083036 2294
30083037 2294
30083037 2294
30083037 2294
30083038 2294
30083038 2294
30083038 2294
30083039 2294
30083039 2294
30083039 2294
30083040 2294
30083040 2294
30083040 2294
30083041 2294
30083041 2294
30083041 2294
30083042 2294
30083042 2294
30083042 2294
30083043 2294
30083043 2294
30083043 2294
30083044 2294
30083044 2294
30083044 2294
30083045 2294
30083045 2294
30083045 2294
30083046 2294
30083046 2294
30083046 2294
30083047 2294
30083047 2294
30083047 2294
30083048 2294
30083048 2294
30083048 2294
30083049 2294
30083049 2294
30083049 2294
30083050 2294
30083050 2294
30083050 2294
30083051 2294
30083051 2294
30083051 2294
30083052 2294
30083052 2294
30083052 2294
30083053 2294
30083053 2294
30083053 2294
30083054 2294
30083054 2294
30083054 2294
30083055 2294
30083055 2294
30083055 2294
30083056 2294
30083056 2294
30083056 2294
30083057 2294
30083057 2294
30083057 2294
30083058 2294
30083058 2294
30083058 2294
30083059 2294
30083059 2294
30083059 2294
30083100 2294
30083100 2294
30083100 2294
30083101 2294
30083101 2294
30083101 2294
30083101 2294
30083102 2294
30083102 2294
30083102 2294
30083103 2294
30083103 2294
30083103 2294
30083104 2294
30083104 2294
30083104 2294
30083105 2294
30083105 2294
30083105 2294
30083106 2294
30083106 2294
30083106 2294
30083107 2294
30083107 2294
30083107 2294
30083108 2346
30083108 2346
30083108 2346
30083109 2346
30083109 2346
30083109 2346
30083110 2346
30083110 2346
30083110 2346
30083111 2346
30083111 2346
30083111 2346
30083112 2346
30083112 2346
30083112 2346
30083113 2346
30083113 2346
30083113 2346
30083114 2346
30083114 2346
30083114 2346
30083115 2346
30083115 2346
30083115 2346
30083116 2346
30083116 2346
30083116 2346
30083117 2346
30083117 2346
30083117 2346
30083118 2346
30083118 2346
30083118 2346
30083119 2346
30083119 2346
30083119 2346
30083120 2346
30083120 2346
30083120 2346
30083121 2346
30083121 2346
30083121 2346
30083122 2346
30083122 2346
30083122 2346
30083123 2346
30083123 2346
30083123 2346
30083124 2346
30083124 2346
30083124 2346
30083125 2346
30083125 2346
30083125 2346
30083126 2346
30083126 2346
30083126 2346
30083127 2346
30083127 2346
30083127 2346
30083128 2346
30083128 2346
30083128 2346
30083129 2346
30083129 2346
30083129 2346
30083130 2346
30083130 2346
30083130 2346
30083131 2346
30083131 2346
30083131 2346
30083131 2346
30083132 2346
30083132 2346
30083132 2346
30083133 2346
30083133 2346
30083133 2346
30083134 2346
30083134 2346
30083134 2346
30083135 2346
30083135 2346
30083135 2346
30083136 2346
30083136 2346
30083136 2346
30083137 2346
30083137 2346
30083137 2346
30083138 2346
30083138 2346
30083138 2346
30083139 2346
30083139 2346
30083139 2346
30083140 2346
30083140 2346
30083140 2346
30083141 2346
30083141 2346
30083141 2346
30083142 2346
30083142 2346
30083142 2346
30083143 2346
30083143 2346
30083143 2346
30083144 2346
30083144 2346
30083144 2346
30083145 2346
30083145 2400
30083145 2400
30083146 2400
30083146 2400
30083146 2400
30083147 2400
30083147 2400
30083147 2400
30083148 2400
30083148 2400
30083148 2400
30083149 2400
30083149 2400
30083149 2400
30083150 2400
30083150 2400
30083150 2400
30083151 2400
30083151 2400
30083151 2400
30083152 2400
30083152 2400
30083152 2400
30083153 2400
30083153 2400
30083153 2400
30083154 2400
30083154 2400
30083154 2400
30083155 2400
30083155 2400
30083155 2400
30083156 2400
30083156 2400
30083156 2400
30083157 2400
30083157 2400
30083157 2400
30083158 2400
30083158 2400
30083158 2400
30083159 2400
30083159 2400
30083159 2400
30083200 2400
30083200 2400
30083200 2400
30083201 2400
30083201 2400
30083201 2400
30083202 2400
30083202 2400
30083202 2400
30083203 2400
30083203 2400
30083203 2400
30083203 2400
30083204 2400
30083204 2400
30083204 2400
30083205 2400
30083205 2400
30083205 2400
30083206 2400
30083206 2400
30083206 2400
30083207 2400
30083207 2400
30083207 2400
30083208 2400
30083208 2400
30083208 2400
30083209 2400
30083209 2400
30083209 2400
30083210 2400
30083210 2400
30083210 2400
30083211 2400
30083211 2400
30083211 2400
30083212 2400
30083212 2400
30083212 2400
30083213 2400
30083213 2400
30083213 2400
30083214 2400
30083214 2400
30083214 2400
30083215 2400
30083215 2400
30083215 2400
30083216 2400
30083216 2400
30083216 2400
30083217 2400
30083217 2400
30083217 2400
30083218 2400
30083218 2400
30083218 2400
30083219 2400
30083219 2400
30083219 2400
30083220 2400
30083220 2400
30083220 2400
30083221 2400
30083221 2400
30083221 2400
30083222 2400
30083222 2400
30083222 2400
30083223 2400
30083223 2400
30083223 2400
30083224 2400
30083224 2400
30083224 2400
30083225 2400
30083225 2400
30083225 2458
30083226 2458
30083226 2458
30083226 2458
30083227 2458
30083227 2458
30083227 2458
30083228 2458
30083228 2458
30083228 2458
30083229 2458
30083229 2458
30083229 2458
30083230 2458
30083230 2458
30083230 2458
30083231 2458
30083231 2458
30083231 2458
30083232 2458
30083232 2458
30083232 2458
30083233 2458
30083233 2458
30083233 2458
30083234 2458
30083234 2458
30083234 2458
30083235 2458
30083235 2458
30083235 2458
30083235 2458
30083236 2458
30083236 2458
30083236 2458
30083237 2458
30083237 2458
30083237 2458
30083238 2458
30083238 2458
30083238 2458
30083239 2458
30083239 2458
30083239 2458
30083240 2458
30083240 2458
30083240 2458
30083241 2458
30083241 2458
30083241 2458
30083242 2458
30083242 2458
30083242 2458
30083243 2458
30083243 2458
30083243 2458
30083244 2458
30083244 2458
30083244 2458
30083245 2458
30083245 2458
30083245 2458
30083246 2458
30083246 2458
30083246 2458
30083247 2458
30083247 2458
30083247 2458
30083248 2458
30083248 2458
30083248 2458
30083249 2458
30083249 2458
30083249 2458
30083250 2458
30083250 2458
30083250 2458
30083251 2458
30083251 2458
30083251 2458
30083252 2458
30083252 2458
30083252 2458
30083253 2458
30083253 2458
30083253 2458
30083254 2458
30083254 2458
30083254 2458
30083255 2458
30083255 2458
30083255 2458
30083256 2458
30083256 2458
30083256 2458
30083257 2458
30083257 2458
30083257 2458
30083258 2458
30083258 2458
30083258 2458
30083259 2458
30083259 2458
30083259 2458
30083300 2458
30083300 2458
30083300 2458
30083301 2458
30083301 2458
30083301 2458
30083302 2458
30083302 2458
30083302 2458
30083303 2458
30083303 2458
30083303 2458
30083304 2458
30083304 2458
30083304 2458
30083305 2458
30083305 2458
30083305 2458
30083305 2458
30083306 2458
30083306 2458
30083306 2458
30083307 2458
30083307 2458
30083307 2458
30083308 2518
30083308 2518
30083308 2518
30083309 2518
30083309 2518
30083309 2518
30083310 2518
30083310 2518
30083310 2518
30083311 2518
30083311 2518
30083311 2518
30083312 2518
30083312 2518
30083312 2518
30083313 2518
30083313 2518
30083313 2518
30083314 2518
30083314 2518
30083314 2518
30083315 2518
30083315 2518
30083315 2518
30083316 2518
30083316 2518
30083316 2518
30083317 2518
30083317 2518
30083317 2518
30083318 2518
30083318 2518
30083318 2518
30083319 2518
30083319 2518
30083319 2518
30083320 2518
30083320 2518
30083320 2518
30083321 2518
30083321 2518
30083321 2518
30083322 2518
30083322 2518
30083322 2518
30083323 2518
30083323 2518
30083323 2518
30083324 2518
30083324 2518
30083324 2518
30083325 2518
30083325 2518
30083325 2518
30083326 2518
30083326 2518
30083326 2518
30083327 2518
30083327 2518
30083327 2518
30083328 2518
30083328 2518
30083328 2518
30083329 2518
30083329 2518
30083329 2518
30083330 2518
30083330 2518
30083330 2518
30083331 2518
30083331 2518
30083331 2518
30083332 2518
30083332 2518
30083332 2518
30083333 2518
30083333 2518
30083333 2518
30083334 2518
30083334 2518
30083334 2518
30083335 2518
30083335 2518
30083335 2518
30083335 2518
30083336 2518
30083336 2518
30083336 2518
30083337 2518
30083337 2518
30083337 2518
30083338 2518
30083338 2518
30083338 2518
30083339 2518
30083339 2518
30083339 2518
30083340 2518
30083340 2518
30083340 2518
30083341 2518
30083341 2518
30083341 2518
30083342 2518
30083342 2518
30083342 2518
30083343 2518
30083343 2518
30083343 2518
30083344 2518
30083344 2518
30083344 2518
30083345 2518
30083345 2518
30083345 2518
30083346 2518
30083346 2518
30083346 2518
30083347 2518
30083347 2518
30083347 2518
30083348 2518
30083348 2518
30083348 2518
30083349 2518
30083349 2518
30083349 2518
30083350 2518
30083350 2518
30083350 2518
30083351 2518
30083351 2518
30083351 2518
30083352 2518
30083352 2518
30083352 2518
30083353 2518
30083353 2518
30083353 2578
30083354 2578
30083354 2578
30083354 2578
30083355 2578
30083355 2578
30083355 2578
30083356 2578
30083356 2578
30083356 2578
30083357 2578
30083357 2578
30083357 2578
30083358 2578
30083358 2578
30083358 2578
30083359 2578
30083359 2578
30083359 2578
30083400 2578
30083400 2578
30083400 2578
30083401 2578
30083401 2578
30083401 2578
30083402 2578
30083402 2578
30083402 2578
30083403 2578
30083403 2578
30083403 2578
30083404 2578
30083404 2578
30083404 2578
30083405 2578
30083405 2578
30083405 2578
30083406 2578
30083406 2578
30083406 2578
30083407 2578
30083407 2578
30083407 2578
30083407 2578
30083408 2578
30083408 2578
30083408 2578
30083409 2578
30083409 2578
30083409 2578
30083410 2578
30083410 2578
30083410 2578
30083411 2578
30083411 2578
30083411 2578
30083412 2578
30083412 2578
30083412 2578
30083413 2578
30083413 2578
30083413 2578
30083414 2578
30083414 2578
30083414 2578
30083415 2578
30083415 2578
30083415 2578
30083416 2578
30083416 2578
30083416 2578
30083417 2578
30083417 2578
30083417 2578
30083418 2578
30083418 2578
30083418 2578
30083419 2578
30083419 2578
30083419 2578
30083420 2578
30083420 2578
30083420 2578
30083421 2578
30083421 2578
30083421 2578
30083422 2578
30083422 2578
30083422 2578
30083423 2578
30083423 2578
30083423 2578
30083424 2578
30083424 2578
30083424 2578
30083425 2578
30083425 2578
30083425 2578
30083426 2578
30083426 2578
30083426 2578
30083427 2578
30083427 2578
30083427 2578
30083428 2578
30083428 2578
30083428 2578
30083429 2578
30083429 2578
30083429 2578
30083430 2578
30083430 2578
30083430 2578
30083431 2578
30083431 2578
30083431 2578
30083432 2578
30083432 2578
30083432 2578
30083433 2578
30083433 2578
30083433 2578
30083434 2578
30083434 2578
30083434 2578
30083435 2578
30083435 2578
30083435 2578
30083436 2578
30083436 2578
30083436 2578
30083437 2578
30083437 2578
30083437 2578
30083438 2578
30083438 2578
30083438 2578
30083439 2578
30083439 2578
30083439 2578
30083439 2578
30083440 2578
30083440 2578
30083440 2578
30083441 2578
30083441 2578
30083441 2578
30083442 4096
30083442 2640
30083442 2640
30083443 2640
30083443 2640
30083443 2640
30083444 2640
30083444 2640
30083444 2640
30083445 2640
30083445 2640
30083445 2640
30083446 2640
30083446 2640
30083446 2640
30083447 2640
30083447 2640
30083447 2640
30083448 2640
30083448 2640
30083448 2640
30083449 2640
30083449 2640
30083449 2640
30083450 2640
30083450 2640
30083450 2640
30083451 2640
30083451 2640
30083451 2640
30083452 2640
30083452 2640
30083452 2640
30083453 2640
30083453 2640
30083453 2640
30083454 2640
30083454 2640
30083454 2640
30083455 2640
30083455 2640
30083455 2640
30083456 2640
30083456 2640
30083456 2640
30083457 2640
30083457 2640
30083457 2640
30083458 2640
30083458 2640
30083458 2640
30083459 2640
30083459 2640
30083459 2640
30083500 2640
30083500 2640
30083500 2640
30083501 2640
30083501 2640
30083501 2640
30083502 2640
30083502 2640
30083502 2640
30083503 2640
30083503 2640
30083503 2640
30083504 2640
30083504 2640
30083504 2640
30083505 2640
30083505 2640
30083505 2640
30083506 2640
30083506 2640
30083506 2640
30083507 2640
30083507 2640
30083507 2640
30083508 2640
30083508 2640
30083508 2640
30083509 2640
30083509 2640
30083509 2640
30083510 2640
30083510 2640
30083510 2640
30083511 2640
30083511 2640
30083511 2640
30083512 2640
30083512 2640
30083512 2640
30083513 2640
30083513 2640
30083513 2640
30083513 2640
30083514 2640
30083514 2640
30083514 2640
30083515 2640
30083515 2640
30083515 2640
30083516 2640
30083516 2640
30083516 2640
30083517 2640
30083517 2640
30083517 2640
30083518 2640
30083518 2640
30083518 2640
30083519 2640
30083519 2640
30083519 2640
30083520 2640
30083520 2640
30083520 2640
30083521 2640
30083521 2640
30083521 2640
30083522 2640
30083522 2640
30083522 2640
30083523 2640
30083523 2640
30083523 2640
30083524 2640
30083524 2640
30083524 2640
30083525 2640
30083525 2640
30083525 2640
30083526 2640
30083526 2640
30083526 2640
30083527 2640
30083527 2640
30083527 2640
30083528 2640
30083528 2640
30083528 2640
30083529 2640
30083529 2640
30083529 2640
30083530 2640
30083530 2640
30083530 2640
30083531 2640
30083531 2640
30083531 2640
30083532 2640
30083532 2640
30083532 2640
30083533 2640
30083533 2640
30083533 2640
30083534 2640
30083534 2706
30083534 2706
30083535 2706
30083535 2706
30083535 2706
30083536 2706
30083536 2706
30083536 2706
30083537 2706
30083537 2706
30083537 2706
30083538 2706
30083538 2706
30083538 2706
30083539 2706
30083539 2706
30083539 2706
30083540 2706
30083540 2706
30083540 2706
30083541 2706
30083541 2706
30083541 2706
30083542 2706
30083542 2706
30083542 2706
30083543 2706
30083543 2706
30083543 2706
30083544 2706
30083544 2706
30083544 2706
30083545 2706
30083545 2706
30083545 2706
30083546 2706
30083546 2706
30083546 2706
30083546 2706
30083547 2706
30083547 2706
30083547 2706
30083548 2706
30083548 2706
30083548 2706
30083549 2706
30083549 2706
30083549 2706
30083550 2706
30083550 2706
30083550 2706
30083551 2706
30083551 2706
30083551 2706
30083552 2706
30083552 2706
30083552 2706
30083553 2706
30083553 2706
30083553 2706
30083554 2706
30083554 2706
30083554 2706
30083555 2706
30083555 2706
30083555 2706
30083556 2706
30083556 2706
30083556 2706
30083557 2706
30083557 2706
30083557 2706
30083558 2706
30083558 2706
30083558 2706
30083559 2706
30083559 2706
30083559 2706
30083600 2706
30083600 2706
30083600 2706
30083601 2706
30083601 2706
30083601 2706
30083602 2706
30083602 2706
30083602 2706
30083603 2706
30083603 2706
30083603 2706
30083604 2706
30083604 2706
30083604 2706
30083605 2706
30083605 2706
30083605 2706
30083606 2706
30083606 2706
30083606 2706
30083607 2706
30083607 2706
30083607 2706
30083608 2706
30083608 2706
30083608 2706
30083609 2706
30083609 2706
30083609 2706
30083610 2706
30083610 2706
30083610 2706
30083611 2706
30083611 2706
30083611 2706
30083612 2706
30083612 2706
30083612 2706
30083613 2706
30083613 2706
30083613 2706
30083614 2706
30083614 2706
30083614 2706
30083615 2706
30083615 2706
30083615 2706
30083616 2706
30083616 2706
30083616 2706
30083617 2706
30083617 2706
30083617 2706
30083618 2706
30083618 2706
30083618 2706
30083619 2706
30083619 2706
30083619 2706
30083619 2706
30083620 2706
30083620 2706
30083620 2706
30083621 2706
30083621 2706
30083621 2706
30083622 2706
30083622 2706
30083622 2706
30083623 2706
30083623 2706
30083623 2706
30083624 2706
30083624 2706
30083624 2706
30083625 2706
30083625 2706
30083625 2706
30083626 2706
30083626 2706
30083626 2706
30083627 2706
30083627 2706
30083627 2706
30083628 2706
30083628 2706
30083628 2706
30083629 2706
30083629 1120
30083629 2772
30083630 2772
30083630 2772
30083630 2772
30083631 2772
30083631 2772
30083631 2772
30083632 2772
30083632 2772
30083632 2772
30083633 2772
30083633 2772
30083633 2772
30083634 2772
30083634 2772
30083634 2772
30083635 2772
30083635 2772
30083635 2772
30083636 2772
30083636 2772
30083636 2772
30083637 2772
30083637 2772
30083637 2772
30083638 2772
30083638 2772
30083638 2772
30083639 2772
30083639 2772
30083639 2772
30083640 2772
30083640 2772
30083640 2772
30083641 2772
30083641 2772
30083641 2772
30083642 2772
30083642 2772
30083642 2772
30083643 2772
30083643 2772
30083643 2772
30083644 2772
30083644 2772
30083644 2772
30083645 2772
30083645 2772
30083645 2772
30083646 2772
30083646 2772
30083646 2772
30083647 2772
30083647 2772
30083647 2772
30083648 2772
30083648 2772
30083648 2772
30083649 2772
30083649 2772
30083649 2772
30083650 2772
30083650 2772
30083650 2772
30083651 2772
30083651 2772
30083651 2772
30083651 2772
30083652 2772
30083652 2772
30083652 2772
30083653 2772
30083653 2772
30083653 2772
30083654 2772
30083654 2772
30083654 2772
30083655 2772
30083655 2772
30083655 2772
30083656 2772
30083656 2772
30083656 2772
30083657 2772
30083657 2772
30083657 2772
30083658 2772
30083658 2772
30083658 2772
30083659 2772
30083659 2772
30083659 2772
30083700 2772
30083700 2772
30083700 2772
30083701 2772
30083701 2772
30083701 2772
30083702 2772
30083702 2772
30083702 2772
30083703 2772
30083703 2772
30083703 2772
30083704 2772
30083704 2772
30083704 2772
30083705 2772
30083705 2772
30083705 2772
30083706 2772
30083706 2772
30083706 2772
30083707 2772
30083707 2772
30083707 2772
30083708 2772
30083708 2772
30083708 2772
30083709 2772
30083709 2772
30083709 2772
30083710 2772
30083710 2772
30083710 2772
30083711 2772
30083711 2772
30083711 2772
30083712 2772
30083712 2772
30083712 2772
30083713 2772
30083713 2772
30083713 2772
30083714 2772
30083714 2772
30083714 2772
30083715 2772
30083715 2772
30083715 2772
30083716 2772
30083716 2772
30083716 2772
30083717 2772
30083717 2772
30083717 2772
30083718 2772
30083718 2772
30083718 2772
30083719 2772
30083719 2772
30083719 2772
30083720 2772
30083720 2772
30083720 2772
30083721 2772
30083721 2772
30083721 2772
30083722 2772
30083722 2772
30083722 2772
30083722 2772
30083723 2772
30083723 2772
30083723 2772
30083724 2772
30083724 2772
30083724 2772
30083725 2772
30083725 2772
30083725 2772
30083726 2772
30083726 2772
30083726 2772
30083727 2772
30083727 2772
30083727 4492
30083728 2842
30083728 2842
30083728 2842
30083729 2842
30083729 2842
30083729 2842
30083730 2842
30083730 2842
30083730 2842
30083731 2842
30083731 2842
30083731 2842
30083732 2842
30083732 2842
30083732 2842
30083733 2842
30083733 2842
30083733 2842
30083734 2842
30083734 2842
30083734 2842
30083735 2842
30083735 2842
30083735 2842
30083736 2842
30083736 2842
30083736 2842
30083737 2842
30083737 2842
30083737 2842
30083738 2842
30083738 2842
30083738 2842
30083739 2842
30083739 2842
30083739 2842
30083740 2842
30083740 2842
30083740 2842
30083741 2842
30083741 2842
30083741 2842
30083742 2842
30083742 2842
30083742 2842
30083743 2842
30083743 2842
30083743 2842
30083744 2842
30083744 2842
30083744 2842
30083745 2842
30083745 2842
30083745 2842
30083746 2842
30083746 2842
30083746 2842
30083747 2842
30083747 2842
30083747 2842
30083748 2842
30083748 2842
30083748 2842
30083749 2842
30083749 2842
30083749 2842
30083750 2842
30083750 2842
30083750 2842
30083751 2842
30083751 2842
30083751 2842
30083752 2842
30083752 2842
30083752 2842
30083753 2842
30083753 2842
30083753 2842
30083754 2842
30083754 2842
30083754 2842
30083755 2842
30083755 2842
30083755 2842
30083756 2842
30083756 2842
30083756 2842
30083756 2842
30083757 2842
30083757 2842
30083757 2842
30083758 2842
30083758 2842
30083758 2842
30083759 2842
30083759 2842
30083759 2842
30083800 2842
30083800 2842
30083800 2842
30083801 2842
30083801 2842
30083801 2842
30083802 2842
30083802 2842
30083802 2842
30083803 2842
30083803 2842
30083803 2842
30083804 2842
30083804 2842
30083804 2842
30083805 2842
30083805 2842
30083805 2842
30083806 2842
30083806 2842
30083806 2842
30083807 2842
30083807 2842
30083807 2842
30083808 2842
30083808 2842
30083808 2842
30083809 2842
30083809 2842
30083809 2842
30083810 2842
30083810 2842
30083810 2842
30083811 2842
30083811 2842
30083811 2842
30083812 2842
30083812 2842
30083812 2842
30083813 2842
30083813 2842
30083813 2842
30083814 2842
30083814 2842
30083814 2842
30083815 2842
30083815 2842
30083815 2842
30083816 2842
30083816 2842
30083816 2842
30083817 2842
30083817 2842
30083817 2842
30083818 2842
30083818 2842
30083818 2842
30083819 2842
30083819 2842
30083819 2842
30083820 2842
30083820 2842
30083820 2842
30083821 2842
30083821 2842
30083821 2842
30083822 2842
30083822 2842
30083822 2842
30083823 2842
30083823 2842
30083823 2842
30083824 2842
30083824 2842
30083824 2842
30083825 2842
30083825 2842
30083825 2842
30083826 2842
30083826 2842
30083826 2842
30083827 2842
30083827 2842
30083827 2842
30083828 2842
30083828 2842
30083828 2842
30083829 2842
30083829 2842
30083829 2842
30083830 2842
30083830 2912
30083830 2912
30083830 2912
30083831 2912
30083831 2912
30083831 2912
30083832 2912
30083832 2912
30083832 2912
30083833 2912
30083833 2912
30083833 2912
30083834 2912
30083834 2912
30083834 2912
30083835 2912
30083835 2912
30083835 2912
30083836 2912
30083836 2912
30083836 2912
30083837 2912
30083837 2912
30083837 2912
30083838 2912
30083838 2912
30083838 2912
30083839 2912
30083839 2912
30083839 2912
30083840 2912
30083840 2912
30083840 2912
30083841 2912
30083841 2912
30083841 2912
30083842 2912
30083842 2912
30083842 2912
30083843 2912
30083843 2912
30083843 2912
30083844 2912
30083844 2912
30083844 2912
30083845 2912
30083845 2912
30083845 2912
30083846 2912
30083846 2912
30083846 2912
30083847 2912
30083847 2912
30083847 2912
30083848 2912
30083848 2912
30083848 2912
30083849 2912
30083849 2912
30083849 2912
30083850 2912
30083850 2912
30083850 2912
30083851 2912
30083851 2912
30083851 2912
30083852 2912
30083852 2912
30083852 2912
30083853 2912
30083853 2912
30083853 2912
30083854 2912
30083854 2912
30083854 2912
30083855 2912
30083855 2912
30083855 2912
30083856 2912
30083856 2912
30083856 2912
30083857 2912
30083857 2912
30083857 2912
30083858 2912
30083858 2912
30083858 2912
30083859 2912
30083859 2912
30083859 2912
30083900 2912
30083900 2912
30083900 2912
30083901 2912
30083901 2912
30083901 2912
30083902 2912
30083902 2912
30083902 2912
30083902 2912
30083903 2912
30083903 2912
30083903 2912
30083904 2912
30083904 2912
30083904 2912
30083905 2912
30083905 2912
30083905 2912
30083906 2912
30083906 2912
30083906 2912
30083907 2912
30083907 2912
30083907 2912
30083908 2912
30083908 2912
30083908 2912
30083909 2912
30083909 2912
30083909 2912
30083910 2912
30083910 2912
30083910 2912
30083911 2912
30083911 2912
30083911 2912
30083912 2912
30083912 2912
30083912 2912
30083913 2912
30083913 2912
30083913 2912
30083914 2912
30083914 2912
30083914 2912
30083915 2912
30083915 2912
30083915 2912
30083916 2912
30083916 2912
30083916 2912
30083917 2912
30083917 2912
30083917 2912
30083918 2912
30083918 2912
30083918 2912
30083919 2912
30083919 2912
30083919 2912
30083920 2912
30083920 2912
30083920 2912
30083921 2912
30083921 2912
30083921 2912
30083922 2912
30083922 2912
30083922 2912
30083923 2912
30083923 2912
30083923 2912
30083924 2912
30083924 2912
30083924 2912
30083925 2912
30083925 2912
30083925 2912
30083926 2912
30083926 2912
30083926 2912
30083927 2912
30083927 2912
30083927 2912
30083928 2912
30083928 2912
30083928 2912
30083929 2912
30083929 2912
30083929 2912
30083930 2912
30083930 2912
30083930 2912
30083931 2912
30083931 2912
30083931 2912
30083932 2912
30083932 2912
30083932 2912
30083933 2912
30083933 2912
30083933 2912
30083934 2912
30083934 2912
30083934 2912
30083935 2986
30083935 2986
30083935 2986
30083935 2986
30083936 2986
30083936 2986
30083936 2986
30083937 2986
30083937 2986
30083937 2986
30083938 2986
30083938 2986
30083938 2986
30083939 2986
30083939 2986
30083939 2986
30083940 2986
30083940 2986
30083940 2986
30083941 2986
30083941 2986
30083941 2986
30083942 2986
30083942 2986
30083942 2986
30083943 2986
30083943 2986
30083943 2986
30083944 2986
30083944 2986
30083944 2986
30083945 2986
30083945 2986
30083945 2986
30083946 2986
30083946 2986
30083946 2986
30083947 2986
30083947 2986
30083947 2986
30083948 2986
30083948 2986
30083948 2986
30083949 2986
30083949 2986
30083949 2986
30083950 2986
30083950 2986
30083950 2986
30083951 2986
30083951 2986
30083951 2986
30083952 2986
30083952 2986
30083952 2986
30083953 2986
30083953 2986
30083953 2986
30083954 2986
30083954 2986
30083954 2986
30083955 2986
30083955 2986
30083955 2986
30083956 2986
30083956 2986
30083956 2986
30083957 2986
30083957 2986
30083957 2986
30083958 2986
30083958 2986
30083958 2986
30083959 2986
30083959 2986
30083959 2986
30084000 2986
30084000 2986
30084000 2986
30084001 2986
30084001 2986
30084001 2986
30084002 2986
30084002 2986
30084002 2986
30084003 2986
30084003 2986
30084003 2986
30084004 2986
30084004 2986
30084004 2986
30084005 2986
30084005 2986
30084005 2986
30084006 2986
30084006 2986
30084006 2986
30084006 2986
30084007 2986
30084007 2986
30084007 2986
30084008 2986
30084008 2986
30084008 2986
30084009 2986
30084009 2986
30084009 2986
30084010 2986
30084010 2986
30084010 2986
30084011 2986
30084011 2986
30084011 2986
30084012 2986
30084012 2986
30084012 2986
30084013 2986
30084013 2986
30084013 2986
30084014 2986
30084014 2986
30084014 2986
30084015 2986
30084015 2986
30084015 2986
30084016 2986
30084016 2986
30084016 2986
30084017 2986
30084017 2986
30084017 2986
30084018 2986
30084018 2986
30084018 2986
30084019 2986
30084019 2986
30084019 2986
30084020 2986
30084020 2986
30084020 2986
30084021 2986
30084021 2986
30084021 2986
30084022 2986
30084022 2986
30084022 2986
30084023 2986
30084023 2986
30084023 2986
30084024 2986
30084024 2986
30084024 2986
30084025 2986
30084025 2986
30084025 2986
30084026 2986
30084026 2986
30084026 2986
30084027 2986
30084027 2986
30084027 2986
30084028 2986
30084028 2986
30084028 2986
30084029 2986
30084029 2986
30084029 2986
30084030 2986
30084030 2986
30084030 2986
30084031 2986
30084031 2986
30084031 2986
30084032 2986
30084032 2986
30084032 2986
30084033 2986
30084033 2986
30084033 2986
30084034 2986
30084034 2986
30084034 2986
30084035 2986
30084035 2986
30084035 2986
30084036 2986
30084036 2986
30084036 2986
30084037 2986
30084037 2986
30084037 2986
30084038 2986
30084038 2986
30084038 2986
30084039 2986
30084039 2986
30084039 2986
30084040 2986
30084040 2986
30084040 2986
30084041 2986
30084041 2986
30084041 2986
30084041 2986
30084042 2986
30084042 2986
30084042 2986
30084043 2986
30084043 2986
30084043 2986
30084044 3064
30084044 3064
30084044 3064
30084045 3064
30084045 3064
30084045 3064
30084046 3064
30084046 3064
30084046 3064
30084047 3064
30084047 3064
30084047 3064
30084048 3064
30084048 3064
30084048 3064
30084049 3064
30084049 3064
30084049 3064
30084050 3064
30084050 3064
30084050 3064
30084051 3064
30084051 3064
30084051 3064
30084052 3064
30084052 3064
30084052 3064
30084053 3064
30084053 3064
30084053 3064
30084054 3064
30084054 3064
30084054 3064
30084055 3064
30084055 3064
30084055 3064
30084056 3064
30084056 3064
30084056 3064
30084057 3064
30084057 3064
30084057 3064
30084058 3064
30084058 3064
30084058 3064
30084059 3064
30084059 3064
30084059 3064
30084100 3064
30084100 3064
30084100 3064
30084101 3064
30084101 3064
30084101 3064
30084102 3064
30084102 3064
30084102 3064
30084103 3064
30084103 3064
30084103 3064
30084104 3064
30084104 3064
30084104 3064
30084105 3064
30084105 3064
30084105 3064
30084106 3064
30084106 3064
30084106 3064
30084107 3064
30084107 3064
30084107 3064
30084108 3064
30084108 3064
30084108 3064
30084109 3064
30084109 3064
30084109 3064
30084110 3064
30084110 3064
30084110 3064
30084111 3064
30084111 3064
30084111 3064
30084112 3064
30084112 3064
30084112 3064
30084113 3064
30084113 3064
30084113 3064
30084114 3064
30084114 3064
30084114 3064
30084114 3064
30084115 3064
30084115 3064
30084115 3064
30084116 3064
30084116 3064
30084116 3064
30084117 3064
30084117 3064
30084117 3064
30084118 3064
30084118 3064
30084118 3064
30084119 3064
30084119 3064
30084119 3064
30084120 3064
30084120 3064
30084120 3064
30084121 3064
30084121 3064
30084121 3064
30084122 3064
30084122 3064
30084122 3064
30084123 3064
30084123 3064
30084123 3064
30084124 3064
30084124 3064
30084124 3064
30084125 3064
30084125 3064
30084125 3064
30084126 3064
30084126 3064
30084126 3064
30084127 3064
30084127 3064
30084127 3064
30084128 3064
30084128 3064
30084128 3064
30084129 3064
30084129 3064
30084129 3064
30084130 3064
30084130 3064
30084130 3064
30084131 3064
30084131 3064
30084131 3064
30084132 3064
30084132 3064
30084132 3064
30084133 3064
30084133 3064
30084133 3064
30084134 3064
30084134 3064
30084134 3064
30084135 3064
30084135 3064
30084135 3064
30084136 3064
30084136 3064
30084136 3064
30084137 3064
30084137 3064
30084137 3064
30084138 3064
30084138 3064
30084138 3064
30084139 3064
30084139 3064
30084139 3064
30084140 3064
30084140 3064
30084140 3064
30084141 3064
30084141 3064
30084141 3064
30084142 3064
30084142 3064
30084142 3064
30084143 3064
30084143 3064
30084143 3064
30084144 3064
30084144 3064
30084144 3064
30084145 3064
30084145 3064
30084145 3064
30084146 3064
30084146 3064
30084146 3064
30084146 3064
30084147 3064
30084147 3064
30084147 3064
30084148 3064
30084148 3064
30084148 3064
30084149 3064
30084149 3064
30084149 3064
30084150 3064
30084150 3064
30084150 3064
30084151 3064
30084151 3064
30084151 3064
30084152 3064
30084152 3064
30084152 3064
30084153 3064
30084153 3064
30084153 3064
30084154 3064
30084154 3064
30084154 3064
30084155 3064
30084155 3064
30084155 3064
30084156 3064
30084156 3064
30084156 3064
30084157 3142
30084157 3142
30084157 3142
30084158 3142
30084158 3142
30084158 3142
30084159 3142
30084159 3142
30084159 3142
30084200 3142
30084200 3142
30084200 3142
30084201 3142
30084201 3142
30084201 3142
30084202 3142
30084202 3142
30084202 3142
30084203 3142
30084203 3142
30084203 3142
30084204 3142
30084204 3142
30084204 3142
30084205 3142
30084205 3142
30084205 3142
30084206 3142
30084206 3142
30084206 3142
30084207 3142
30084207 3142
30084207 3142
30084208 3142
30084208 3142
30084208 3142
30084209 3142
30084209 3142
30084209 3142
30084210 3142
30084210 3142
30084210 3142
30084211 3142
30084211 3142
30084211 3142
30084212 3142
30084212 3142
30084212 3142
30084213 3142
30084213 3142
30084213 3142
30084214 3142
30084214 3142
30084214 3142
30084215 3142
30084215 3142
30084215 3142
30084216 3142
30084216 3142
30084216 3142
30084217 3142
30084217 3142
30084217 3142
30084218 3142
30084218 3142
30084218 3142
30084218 3142
30084219 3142
30084219 3142
30084219 3142
30084220 3142
30084220 3142
30084220 3142
30084221 3142
30084221 3142
30084221 3142
30084222 3142
30084222 3142
30084222 3142
30084223 3142
30084223 3142
30084223 3142
30084224 3142
30084224 3142
30084224 3142
30084225 3142
30084225 3142
30084225 3142
30084226 3142
30084226 3142
30084226 3142
30084227 3142
30084227 3142
30084227 3142
30084228 3142
30084228 3142
30084228 3142
30084229 3142
30084229 3142
30084229 3142
30084230 3142
30084230 3142
30084230 3142
30084231 3142
30084231 3142
30084231 3142
30084232 3142
30084232 3142
30084232 3142
30084233 3142
30084233 3142
30084233 3142
30084234 3142
30084234 3142
30084234 3142
30084235 3142
30084235 3142
30084235 3142
30084236 3142
30084236 3142
30084236 3142
30084237 3142
30084237 3142
30084237 3142
30084238 3142
30084238 3142
30084238 3142
30084239 3142
30084239 3142
30084239 3142
30084240 3142
30084240 3142
30084240 3142
30084241 3142
30084241 3142
30084241 3142
30084242 3142
30084242 3142
30084242 3142
30084243 3142
30084243 3142
30084243 3142
30084244 3142
30084244 3142
30084244 3142
30084245 3142
30084245 3142
30084245 3142
30084246 3142
30084246 3142
30084246 3142
30084247 3142
30084247 3142
30084247 3142
30084248 3142
30084248 3142
30084248 3142
30084249 3142
30084249 3142
30084249 3142
30084250 3142
30084250 3142
30084250 3142
30084251 3142
30084251 3142
30084251 3142
30084252 3142
30084252 3142
30084252 3142
30084253 3142
30084253 3142
30084253 3142
30084253 3142
30084254 3142
30084254 3142
30084254 3142
30084255 3142
30084255 3142
30084255 3142
30084256 3142
30084256 3142
30084256 3142
30084257 3142
30084257 3142
30084257 3142
30084258 3142
30084258 3142
30084258 3142
30084259 3142
30084259 3142
30084259 3142
30084300 3142
30084300 3142
30084300 3142
30084301 3142
30084301 3142
30084301 3142
30084302 3142
30084302 3142
30084302 3142
30084303 3142
30084303 3142
30084303 3142
30084304 3142
30084304 3142
30084304 3142
30084305 3142
30084305 3142
30084305 3142
30084306 3142
30084306 3142
30084306 3142
30084307 3142
30084307 3142
30084307 3142
30084308 3142
30084308 3142
30084308 3142
30084309 3142
30084309 3142
30084309 3142
30084310 3142
30084310 3142
30084310 3142
30084311 3142
30084311 3142
30084311 3142
30084312 3142
30084312 3142
30084312 3142
30084313 3142
30084313 3142
30084313 3224
30084314 3224
30084314 3224
30084314 3224
30084315 3224
30084315 3224
30084315 3224
30084316 3224
30084316 3224
30084316 3224
30084317 3224
30084317 3224
30084317 3224
30084318 3224
30084318 3224
30084318 3224
30084319 3224
30084319 3224
30084319 3224
30084320 3224
30084320 3224
30084320 3224
30084321 3224
30084321 3224
30084321 3224
30084322 3224
30084322 3224
30084322 3224
30084323 3224
30084323 3224
30084323 3224
30084324 3224
30084324 3224
30084324 3224
30084325 3224
30084325 3224
30084325 3224
30084326 3224
30084326 3224
30084326 3224
30084327 3224
30084327 3224
30084327 3224
30084327 3224
30084328 3224
30084328 3224
30084328 3224
30084329 3224
30084329 3224
30084329 3224
30084330 3224
30084330 3224
30084330 3224
30084331 3224
30084331 3224
30084331 3224
30084332 3224
30084332 3224
30084332 3224
30084333 3224
30084333 3224
30084333 3224
30084334 3224
30084334 3224
30084334 3224
30084335 3224
30084335 3224
30084335 3224
30084336 3224
30084336 3224
30084336 3224
30084337 3224
30084337 3224
30084337 3224
30084338 3224
30084338 3224
30084338 3224
30084339 3224
30084339 3224
30084339 3224
30084340 3224
30084340 3224
30084340 3224
30084341 3224
30084341 3224
30084341 3224
30084342 3224
30084342 3224
30084342 3224
30084343 3224
30084343 3224
30084343 3224
30084344 3224
30084344 3224
30084344 3224
30084345 3224
30084345 3224
30084345 3224
30084346 3224
30084346 3224
30084346 3224
30084347 3224
30084347 3224
30084347 3224
30084348 3224
30084348 3224
30084348 3224
30084349 3224
30084349 3224
30084349 3224
30084350 3224
30084350 3224
30084350 3224
30084351 3224
30084351 3224
30084351 3224
30084352 3224
30084352 3224
30084352 3224
30084353 3224
30084353 3224
30084353 3224
30084354 3224
30084354 3224
30084354 3224
30084355 3224
30084355 3224
30084355 3224
30084356 3224
30084356 3224
30084356 3224
30084357 3224
30084357 3224
30084357 3224
30084358 3224
30084358 3224
30084358 3224
30084359 3224
30084359 3224
30084359 3224
30084400 3224
30084400 3224
30084400 3224
30084400 3224
30084401 3224
30084401 3224
30084401 3224
30084402 3224
30084402 3224
30084402 3224
30084403 3224
30084403 3224
30084403 3224
30084404 3224
30084404 3224
30084404 3224
30084405 3224
30084405 3224
30084405 3224
30084406 3224
30084406 3224
30084406 3224
30084407 3224
30084407 3224
30084407 3224
30084408 3224
30084408 3224
30084408 3224
30084409 3224
30084409 3224
30084409 3224
30084410 3224
30084410 3224
30084410 3224
30084411 3224
30084411 3224
30084411 3224
30084412 3224
30084412 3224
30084412 3224
30084413 3224
30084413 3224
30084413 3224
30084414 3224
30084414 3224
30084414 3224
30084415 3224
30084415 3224
30084415 3224
30084416 3224
30084416 3224
30084416 3224
30084417 3224
30084417 3224
30084417 3224
30084418 3224
30084418 3224
30084418 3224
30084419 3224
30084419 3224
30084419 3224
30084420 3224
30084420 3224
30084420 3224
30084421 3224
30084421 3224
30084421 3224
30084422 3224
30084422 3224
30084422 3224
30084423 3224
30084423 3224
30084423 3224
30084424 3224
30084424 3224
30084424 3224
30084425 3224
30084425 3224
30084425 3224
30084426 3224
30084426 3224
30084426 3224
30084427 3224
30084427 3224
30084427 3224
30084428 3224
30084428 3224
30084428 3224
30084429 3224
30084429 3224
30084429 3224
30084430 3224
30084430 3224
30084430 3224
30084431 3224
30084431 3224
30084431 3224
30084432 3224
30084432 3224
30084432 3224
30084433 3224
30084433 3224
30084433 3224
30084434 5408
30084434 3306
30084434 3306
30084435 3306
30084435 3306
30084435 3306
30084435 3306
30084436 3306
30084436 3306
30084436 3306
30084437 3306
30084437 3306
30084437 3306
30084438 3306
30084438 3306
30084438 3306
30084439 3306
30084439 3306
30084439 3306
30084440 3306
30084440 3306
30084440 3306
30084441 3306
30084441 3306
30084441 3306
30084442 3306
30084442 3306
30084442 3306
30084443 3306
30084443 3306
30084443 3306
30084444 3306
30084444 3306
30084444 3306
30084445 3306
30084445 3306
30084445 3306
30084446 3306
30084446 3306
30084446 3306
30084447 3306
30084447 3306
30084447 3306
30084448 3306
30084448 3306
30084448 3306
30084449 3306
30084449 3306
30084449 3306
30084450 3306
30084450 3306
30084450 3306
30084451 3306
30084451 3306
30084451 3306
30084452 3306
30084452 3306
30084452 3306
30084453 3306
30084453 3306
30084453 3306
30084454 3306
30084454 3306
30084454 3306
30084455 3306
30084455 3306
30084455 3306
30084456 3306
30084456 3306
30084456 3306
30084457 3306
30084457 3306
30084457 3306
30084458 3306
30084458 3306
30084458 3306
30084459 3306
30084459 3306
30084459 3306
30084500 3306
30084500 3306
30084500 3306
30084501 3306
30084501 3306
30084501 3306
30084502 3306
30084502 3306
30084502 3306
30084503 3306
30084503 3306
30084503 3306
30084504 3306
30084504 3306
30084504 3306
30084505 3306
30084505 3306
30084505 3306
30084506 3306
30084506 3306
30084506 3306
30084507 3306
30084507 3306
30084507 3306
30084508 3306
30084508 3306
30084508 3306
30084509 3306
30084509 3306
30084509 3306
30084509 3306
30084510 3306
30084510 3306
30084510 3306
30084511 3306
30084511 3306
30084511 3306
30084512 3306
30084512 3306
30084512 3306
30084513 3306
30084513 3306
30084513 3306
30084514 3306
30084514 3306
30084514 3306
30084515 3306
30084515 3306
30084515 3306
30084516 3306
30084516 3306
30084516 3306
30084517 3306
30084517 3306
30084517 3306
30084518 3306
30084518 3306
30084518 3306
30084519 3306
30084519 3306
30084519 3306
30084520 3306
30084520 3306
30084520 3306
30084521 3306
30084521 3306
30084521 3306
30084522 3306
30084522 3306
30084522 3306
30084523 3306
30084523 3306
30084523 3306
30084524 3306
30084524 3306
30084524 3306
30084525 3306
30084525 3306
30084525 3306
30084526 3306
30084526 3306
30084526 3306
30084527 3306
30084527 3306
30084527 3306
30084528 3306
30084528 3306
30084528 3306
30084529 3306
30084529 3306
30084529 3306
30084530 3306
30084530 3306
30084530 3306
30084531 3306
30084531 3306
30084531 3306
30084532 3306
30084532 3306
30084532 3306
30084533 3306
30084533 3306
30084533 3306
30084534 3306
30084534 3306
30084534 3306
30084535 3306
30084535 3306
30084535 3306
30084536 3306
30084536 3306
30084536 3306
30084537 3306
30084537 3306
30084537 3306
30084538 3306
30084538 3306
30084538 3306
30084539 3306
30084539 3306
30084539 3306
30084540 3306
30084540 3306
30084540 3306
30084541 3306
30084541 3306
30084541 3306
30084542 3306
30084542 3306
30084542 3306
30084542 3306
30084543 3306
30084543 3306
30084543 3306
30084544 3306
30084544 3306
30084544 3306
30084545 3306
30084545 3306
30084545 3306
30084546 3306
30084546 3306
30084546 3306
30084547 3306
30084547 3306
30084547 3306
30084548 3306
30084548 3306
30084548 3306
30084549 3306
30084549 3306
30084549 3306
30084550 3306
30084550 3306
30084550 3306
30084551 3306
30084551 3306
30084551 3306
30084552 3306
30084552 3306
30084552 3306
30084553 3306
30084553 3306
30084553 3306
30084554 3306
30084554 3306
30084554 3306
30084555 3306
30084555 3306
30084555 3306
30084556 3306
30084556 3306
30084556 3306
30084557 3306
30084557 3306
30084557 3306
30084558 3306
30084558 3306
30084558 3306
30084559 3306
30084559 3306
30084559 3306
30084600 3306
30084600 3306
30084600 3306
30084601 3394
30084601 3394
30084601 3394
30084602 3394
30084602 3394
30084602 3394
30084603 3394
30084603 3394
30084603 3394
30084604 3394
30084604 3394
30084604 3394
30084605 3394
30084605 3394
30084605 3394
30084606 3394
30084606 3394
30084606 3394
30084607 3394
30084607 3394
30084607 3394
30084608 3394
30084608 3394
30084608 3394
30084609 3394
30084609 3394
30084609 3394
30084610 3394
30084610 3394
30084610 3394
30084611 3394
30084611 3394
30084611 3394
30084612 3394
30084612 3394
30084612 3394
30084613 3394
30084613 3394
30084613 3394
30084614 3394
30084614 3394
30084614 3394
30084614 3394
30084615 3394
30084615 3394
30084615 3394
30084616 3394
30084616 3394
30084616 3394
30084617 3394
30084617 3394
30084617 3394
30084618 3394
30084618 3394
30084618 3394
30084619 3394
30084619 3394
30084619 3394
30084620 3394
30084620 3394
30084620 3394
30084621 3394
30084621 3394
30084621 3394
30084622 3394
30084622 3394
30084622 3394
30084623 3394
30084623 3394
30084623 3394
30084624 3394
30084624 3394
30084624 3394
30084625 3394
30084625 3394
30084625 3394
30084626 3394
30084626 3394
30084626 3394
30084627 3394
30084627 3394
30084627 3394
30084628 3394
30084628 3394
30084628 3394
30084629 3394
30084629 3394
30084629 3394
30084630 3394
30084630 3394
30084630 3394
30084631 3394
30084631 3394
30084631 3394
30084632 3394
30084632 3394
30084632 3394
30084633 3394
30084633 3394
30084633 3394
30084634 3394
30084634 3394
30084634 3394
30084635 3394
30084635 3394
30084635 3394
30084636 3394
30084636 3394
30084636 3394
30084637 3394
30084637 3394
30084637 3394
30084638 3394
30084638 3394
30084638 3394
30084639 3394
30084639 3394
30084639 3394
30084640 3394
30084640 3394
30084640 3394
30084641 3394
30084641 3394
30084641 3394
30084642 3394
30084642 3394
30084642 3394
30084643 3394
30084643 3394
30084643 3394
30084644 3394
30084644 3394
30084644 3394
30084645 3394
30084645 3394
30084645 3394
30084645 3394
30084646 3394
30084646 3394
30084646 3394
30084647 3394
30084647 3394
30084647 3394
30084648 3394
30084648 3394
30084648 3394
30084649 3394
30084649 3394
30084649 3394
30084650 3394
30084650 3394
30084650 3394
30084651 3394
30084651 3394
30084651 3394
30084652 3394
30084652 3394
30084652 3394
30084653 3394
30084653 3394
30084653 3394
30084654 3394
30084654 3394
30084654 3394
30084655 3394
30084655 3394
30084655 3394
30084656 3394
30084656 3394
30084656 3394
30084657 3394
30084657 3394
30084657 3394
30084658 3394
30084658 3394
30084658 3394
30084659 3394
30084659 3394
30084659 3394
30084700 3394
30084700 3394
30084700 3394
30084701 3394
30084701 3394
30084701 3394
30084702 3394
30084702 3394
30084702 3394
30084703 3394
30084703 3394
30084703 3394
30084704 3394
30084704 3394
30084704 3394
30084705 3394
30084705 3394
30084705 3394
30084706 3394
30084706 3394
30084706 3394
30084707 3394
30084707 3394
30084707 3394
30084708 3394
30084708 3394
30084708 3394
30084709 3394
30084709 3394
30084709 3394
30084710 3394
30084710 3394
30084710 3394
30084711 3394
30084711 3394
30084711 3394
30084712 3394
30084712 3394
30084712 3394
30084713 3394
30084713 3394
30084713 3394
30084714 3394
30084714 3394
30084714 3394
30084715 3394
30084715 3394
30084715 3394
30084716 3394
30084716 3394
30084716 3394
30084717 3394
30084717 3394
30084717 3394
30084717 3394
30084718 3394
30084718 3394
30084718 3394
30084719 3394
30084719 3394
30084719 3394
30084720 3394
30084720 3394
30084720 3394
30084721 3394
30084721 3394
30084721 3394
30084722 3394
30084722 3394
30084722 3394
30084723 3394
30084723 3394
30084723 3394
30084724 3394
30084724 3394
30084724 3394
30084725 3394
30084725 3394
30084725 3394
30084726 3394
30084726 3394
30084726 3394
30084727 3394
30084727 3394
30084727 3394
30084728 3394
30084728 3394
30084728 3394
30084729 3394
30084729 3394
30084729 3394
30084730 3394
30084730 3394
30084730 3394
30084731 3394
30084731 3394
30084731 3394
30084732 3394
30084732 3394
30084732 3394
30084733 1304
30084733 3484
30084733 3484
30084734 3484
30084734 3484
30084734 3484
30084735 3484
30084735 3484
30084735 3484
30084736 3484
30084736 3484
30084736 3484
30084737 3484
30084737 3484
30084737 3484
30084738 3484
30084738 3484
30084738 3484
30084739 3484
30084739 3484
30084739 3484
30084740 3484
30084740 3484
30084740 3484
30084741 3484
30084741 3484
30084741 3484
30084742 3484
30084742 3484
30084742 3484
30084743 3484
30084743 3484
30084743 3484
30084744 3484
30084744 3484
30084744 3484
30084745 3484
30084745 3484
30084745 3484
30084746 3484
30084746 3484
30084746 3484
30084747 3484
30084747 3484
30084747 3484
30084748 5938
30084748 3576
30084748 3576
30084749 3576
30084749 3576
30084749 3576
30084749 3576
30084750 3576
30084750 3576
30084750 3576
30084751 3576
30084751 3576
30084751 3576
30084752 3576
30084752 3576
30084752 3576
30084753 3576
30084753 3576
30084753 3576
30084754 3576
30084754 3576
30084754 3576
30084755 3576
30084755 3576
30084755 3576
30084756 3576
30084756 3576
30084756 3576
30084757 3576
30084757 3576
30084757 3576
30084758 3576
30084758 3576
30084758 3576
30084759 3576
30084759 3576
30084759 3576
30084800 3576
30084800 3576
30084800 3576
30084801 3576
30084801 3576
30084801 3576
30084802 3576
30084802 3576
30084802 3576
30084803 3576
30084803 3576
30084803 3576
30084804 3576
30084804 3672
30084804 3672
30084805 3672
30084805 3672
30084805 3672
30084806 3672
30084806 3672
30084806 3672
30084807 3672
30084807 3672
30084807 3672
30084808 3672
30084808 3672
30084808 3672
30084809 3672
30084809 3672
30084809 3672
30084810 3672
30084810 3672
30084810 3672
30084811 3672
30084811 3672
30084811 3672
30084812 3672
30084812 3672
30084812 3672
30084813 3672
30084813 3672
30084813 3672
30084814 3672
30084814 3672
30084814 3672
30084815 3672
30084815 3672
30084815 3672
30084816 3672
30084816 3672
30084816 3672
30084817 3672
30084817 3672
30084817 3672
30084818 3672
30084818 3672
30084818 3672
30084819 3672
30084819 3672
30084819 3672
30084820 3672
30084820 3672
30084820 3672
30084821 3672
30084821 3768
30084821 3768
30084822 3768
30084822 3768
30084822 3768
30084823 3768
30084823 3768
30084823 3768
30084823 3768
30084824 3768
30084824 3768
30084824 3768
30084825 3768
30084825 3768
30084825 3768
30084826 3768
30084826 3768
30084826 3768
30084827 3768
30084827 3768
30084827 3768
30084828 3768
30084828 3768
30084828 3768
30084829 3768
30084829 3768
30084829 3768
30084830 3768
30084830 3768
30084830 3768
30084831 3768
30084831 3768
30084831 3768
30084832 3768
30084832 3768
30084832 3768
30084833 3768
30084833 3768
30084833 3768
30084834 3768
30084834 3768
30084834 3768
30084835 3768
30084835 3768
30084835 3768
30084836 3768
30084836 3768
30084836 3768
30084837 3768
30084837 3768
30084837 3768
30084838 3768
30084838 3870
30084838 3870
30084839 3870
30084839 3870
30084839 3870
30084840 3870
30084840 3870
30084840 3870
30084841 3870
30084841 3870
30084841 3870
30084842 3870
30084842 3870
30084842 3870
30084843 3870
30084843 3870
30084843 3870
30084844 3870
30084844 3870
30084844 3870
30084845 3870
30084845 3870
30084845 3870
30084846 3870
30084846 3870
30084846 3870
30084847 3870
30084847 3870
30084847 3870
30084848 3870
30084848 3870
30084848 3870
30084849 3870
30084849 3870
30084849 3870
30084850 3870
30084850 3870
30084850 3870
30084851 3870
30084851 3870
30084851 3870
30084852 3870
30084852 3870
30084852 3870
30084853 3870
30084853 3870
30084853 3870
30084854 3870
30084854 3870
30084854 3870
30084854 3870
30084855 3870
30084855 3870
30084855 6724
30084856 3976
30084856 3976
30084856 3976
30084857 3976
30084857 3976
30084857 3976
30084858 3976
30084858 3976
30084858 3976
30084859 3976
30084859 3976
30084859 3976
30084900 3976
30084900 3976
30084900 3976
30084901 3976
30084901 3976
30084901 3976
30084902 3976
30084902 3976
30084902 3976
30084903 3976
30084903 3976
30084903 3976
30084904 3976
30084904 3976
30084904 3976
30084905 3976
30084905 3976
30084905 3976
30084906 3976
30084906 3976
30084906 3976
30084907 3976
30084907 3976
30084907 3976
30084908 3976
30084908 3976
30084908 3976
30084909 3976
30084909 3976
30084909 3976
30084910 3976
30084910 3976
30084910 3976
30084911 3976
30084911 3976
30084911 3976
30084912 3976
30084912 3976
30084912 3976
30084913 3976
30084913 3976
30084913 3976
30084914 3976
30084914 3976
30084914 4082
30084915 4082
30084915 4082
30084915 4082
30084916 4082
30084916 4082
30084916 4082
30084917 4082
30084917 4082
30084917 4082
30084918 4082
30084918 4082
30084918 4082
30084919 4082
30084919 4082
30084919 4082
30084920 4082
30084920 4082
30084920 4082
30084921 4082
30084921 4082
30084921 4082
30084922 4082
30084922 4082
30084922 4082
30084923 4082
30084923 4082
30084923 4082
30084924 4082
30084924 4082
30084924 4082
30084925 4082
30084925 4082
30084925 4082
30084926 4082
30084926 4082
30084926 4082
30084926 4082
30084927 4082
30084927 4082
30084927 4082
30084928 4082
30084928 4082
30084928 4082
30084929 4082
30084929 4082
30084929 4082
30084930 4082
30084930 4082
30084930 4082
30084931 4082
30084931 4082
30084931 4082
30084932 4082
30084932 4082
30084932 4082
30084933 4082
30084933 4082
30084933 4192
30084934 4192
30084934 4192
30084934 4192
30084935 4192
30084935 4192
30084935 4192
30084936 4192
30084936 4192
30084936 4192
30084937 4192
30084937 4192
30084937 4192
30084938 4192
30084938 4192
30084938 4192
30084939 4192
30084939 4192
30084939 4192
30084940 4192
30084940 4192
30084940 4192
30084941 4192
30084941 4192
30084941 4192
30084942 4192
30084942 4192
30084942 4192
30084943 4192
30084943 4192
30084943 4192
30084944 4192
30084944 4192
30084944 4192
30084945 4192
30084945 4192
30084945 4192
30084946 4192
30084946 4192
30084946 4192
30084947 4192
30084947 4192
30084947 4192
30084948 4192
30084948 4192
30084948 4192
30084949 4192
30084949 4192
30084949 4192
30084950 4192
30084950 1236
30084950 1236
30084951 1236
30084951 1236
30084951 1236
30084952 1236
30084952 1236
30084952 1236
30084953 1236
30084953 1236
30084953 1236
30084954 1236
30084954 1236
30084954 1236
30084955 1236
30084955 1236
30084955 1236
30084956 1236
30084956 1236
30084956 1236
30084957 1236
30084957 1236
30084957 1236
30084957 1236
30084958 1236
30084958 1236
30084958 1236
30084959 1236
30084959 1236
30084959 1236
30085000 1236
30085000 1236
30085000 1236
30085001 1236
30085001 1236
30085001 1236
30085002 1236
30085002 1236
30085002 1236
30085003 1236
30085003 1236
30085003 1236
30085004 1236
30085004 1236
30085004 1236
30085005 1236
30085005 1236
30085005 1236
30085006 1244
30085006 1244
30085006 1244
30085007 1244
30085007 1244
30085007 1244
30085008 1244
30085008 1244
30085008 1244
30085009 1244
30085009 1244
30085009 1244
30085010 1244
30085010 1244
30085010 1244
30085011 1244
30085011 1244
30085011 1244
30085012 1244
30085012 1244
30085012 1244
30085013 1244
30085013 1244
30085013 1244
30085014 1244
30085014 1244
30085014 1244
30085015 1244
30085015 1244
30085015 1244
30085016 1244
30085016 1244
30085016 1244
30085017 1244
30085017 1244
30085017 1244
30085018 1244
30085018 1244
30085018 1246
30085019 1246
30085019 1246
30085019 1246
30085020 1246
30085020 1246
30085020 1246
30085021 1246
30085021 1246
30085021 1246
30085022 1246
30085022 1246
30085022 1246
30085023 1246
30085023 1246
30085023 1246
30085024 1246
30085024 1246
30085024 1246
30085025 1246
30085025 1246
30085025 1246
30085026 1246
30085026 1246
30085026 1246
30085027 1246
30085027 1246
30085027 1246
30085028 1246
30085028 1246
30085028 1246
30085029 1246
30085029 1246
30085029 1246
30085029 1246
30085030 1246
30085030 1246
30085030 1246
30085031 1246
30085031 1246
30085031 1246
30085032 1246
30085032 1250
30085032 1250
30085033 1250
30085033 1250
30085033 1250
30085034 1250
30085034 1250
30085034 1250
30085035 1250
30085035 1250
30085035 1250
30085036 1250
30085036 1250
30085036 1250
30085037 1250
30085037 1250
30085037 1250
30085038 1250
30085038 1250
30085038 1250
30085039 1250
30085039 1250
30085039 1250
30085040 1250
30085040 1250
30085040 1250
30085041 1250
30085041 1250
30085041 1250
30085042 1250
30085042 1250
30085042 1250
30085043 1250
30085043 1250
30085043 1250
30085044 1250
30085044 1250
30085044 1250
30085045 1250
30085045 1250
30085045 1250
30085046 1250
30085046 1250
30085046 1250
30085047 1250
30085047 1250
30085047 1250
30085048 1254
30085048 1254
30085048 1254
30085049 1254
30085049 1254
30085049 1254
30085050 1254
30085050 1254
30085050 1254
30085051 1254
30085051 1254
30085051 1254
30085052 1254
30085052 1254
30085052 1254
30085053 1254
30085053 1254
30085053 1254
30085054 1254
30085054 1254
30085054 1254
30085055 1254
30085055 1254
30085055 1254
30085056 1254
30085056 1254
30085056 1254
30085057 1254
30085057 1254
30085057 1254
30085058 1254
30085058 1254
30085058 1254
30085059 1254
30085059 1254
30085059 1254
30085100 1254
30085100 1254
30085100 1254
30085101 1254
30085101 1254
30085101 1254
30085102 1254
30085102 1254
30085102 1254
30085102 1254
30085103 1254
30085103 1254
30085103 1254
30085104 1254
30085104 1254
30085104 1258
30085105 1258
30085105 1258
30085105 1258
30085106 1258
30085106 1258
30085106 1258
30085107 1258
30085107 1258
30085107 1258
30085108 1258
30085108 1258
30085108 1258
30085109 1258
30085109 1258
30085109 1258
30085110 1258
30085110 1258
30085110 1258
30085111 1258
30085111 1258
30085111 1258
30085112 1258
30085112 1258
30085112 1258
30085113 1258
30085113 1258
30085113 1258
30085114 1258
30085114 1258
30085114 1258
30085115 1258
30085115 1258
30085115 1258
30085116 1258
30085116 1258
30085116 1258
30085117 1258
30085117 1258
30085117 1258
30085118 1258
30085118 1258
30085118 1258
30085119 1258
30085119 1258
30085119 1258
30085120 1258
30085120 1258
30085120 1258
30085121 1258
30085121 1262
30085121 1262
30085122 1262
30085122 1262
30085122 1262
30085123 1262
30085123 1262
30085123 1262
30085124 1262
30085124 1262
30085124 1262
30085125 1262
30085125 1262
30085125 1262
30085126 1262
30085126 1262
30085126 1262
30085127 1262
30085127 1262
30085127 1262
30085128 1262
30085128 1262
30085128 1262
30085129 1262
30085129 1262
30085129 1262
30085130 1262
30085130 1262
30085130 1262
30085131 1262
30085131 1262
30085131 1262
30085132 1262
30085132 1262
30085132 1262
30085133 1262
30085133 1262
30085133 1262
30085134 1262
30085134 1262
30085134 1262
30085135 1262
30085135 1262
30085135 1262
30085136 1262
30085136 1262
30085136 1262
30085136 1262
30085137 1262
30085137 1262
30085137 1262
30085138 1262
30085138 1262
30085138 1262
30085139 1262
30085139 1262
30085139 1262
30085140 1266
30085140 1266
30085140 1266
30085141 1266
30085141 1266
30085141 1266
30085142 1266
30085142 1266
30085142 1266
30085143 1266
30085143 1266
30085143 1266
30085144 1266
30085144 1266
30085144 1266
30085145 1266
30085145 1266
30085145 1266
30085146 1266
30085146 1266
30085146 1266
30085147 1266
30085147 1266
30085147 1266
30085148 1266
30085148 1266
30085148 1266
30085149 1266
30085149 1266
30085149 1266
30085150 1266
30085150 1266
30085150 1266
30085151 1266
30085151 1266
30085151 1266
30085152 1266
30085152 1266
30085152 1266
30085153 1266
30085153 1266
30085153 1266
30085154 1266
30085154 1266
30085154 1266
30085155 1266
30085155 1266
30085155 1266
30085156 1266
30085156 1266
30085156 1266
30085157 1266
30085157 1266
30085157 1266
30085158 1266
30085158 1266
30085158 1266
30085159 1266
30085159 1266
30085159 1272
30085200 1272
30085200 1272
30085200 1272
30085201 1272
30085201 1272
30085201 1272
30085202 1272
30085202 1272
30085202 1272
30085203 1272
30085203 1272
30085203 1272
30085204 1272
30085204 1272
30085204 1272
30085205 1272
30085205 1272
30085205 1272
30085206 1272
30085206 1272
30085206 1272
30085207 1272
30085207 1272
30085207 1272
30085208 1272
30085208 1272
30085208 1272
30085209 1272
30085209 1272
30085209 1272
30085210 1272
30085210 1272
30085210 1272
30085210 1272
30085211 1272
30085211 1272
30085211 1272
30085212 1272
30085212 1272
30085212 1272
30085213 1272
30085213 1272
30085213 1272
30085214 1272
30085214 1272
30085214 1272
30085215 1272
30085215 1272
30085215 1272
30085216 1272
30085216 1272
30085216 1272
30085217 1272
30085217 1272
30085217 1272
30085218 1272
30085218 1272
30085218 1272
30085219 1272
30085219 1276
30085219 1276
30085220 1276
30085220 1276
30085220 1276
30085221 1276
30085221 1276
30085221 1276
30085222 1276
30085222 1276
30085222 1276
30085223 1276
30085223 1276
30085223 1276
30085224 1276
30085224 1276
30085224 1276
30085225 1276
30085225 1276
30085225 1276
30085226 1276
30085226 1276
30085226 1276
30085227 1276
30085227 1280
30085227 1280
30085228 1280
30085228 1280
30085228 1280
30085229 1280
30085229 1280
30085229 1280
30085230 1280
30085230 1280
30085230 1280
30085231 1280
30085231 1280
30085231 1280
30085232 1280
30085232 1280
30085232 1280
30085233 1280
30085233 1280
30085233 1280
30085234 1280
30085234 1280
30085234 1280
30085235 1280
30085235 1280
30085235 1284
30085236 1284
30085236 1284
30085236 1284
30085237 1284
30085237 1284
30085237 1284
30085238 1284
30085238 1284
30085238 1284
30085239 1284
30085239 1284
30085239 1284
30085240 1284
30085240 1284
30085240 1284
30085241 1284
30085241 1284
30085241 1284
30085242 1284
30085242 1284
30085242 1284
30085243 1284
30085243 1284
30085243 1284
30085243 1288
30085244 1288
30085244 1288
30085244 1288
30085245 1288
30085245 1288
30085245 1288
30085246 1288
30085246 1288
30085246 1288
30085247 1288
30085247 1288
30085247 1288
30085248 1288
30085248 1288
30085248 1288
30085249 1288
30085249 1288
30085249 1288
30085250 1288
30085250 1288
30085250 1288
30085251 1288
30085251 1288
30085251 1288
30085252 1288
30085252 1288
30085252 1288
30085253 1292
30085253 1292
30085253 1292
30085254 1292
30085254 1292
30085254 1292
30085255 1292
30085255 1292
30085255 1292
30085256 1292
30085256 1292
30085256 1292
30085257 1292
30085257 1292
30085257 1292
30085258 1292
30085258 1292
30085258 1292
30085259 1292
30085259 1292
30085259 1292
30085300 1292
30085300 1292
30085300 1292
30085301 1292
30085301 1292
30085301 1292
30085302 1292
30085302 1296
30085302 1296
30085303 1296
30085303 1296
30085303 1296
30085304 1296
30085304 1296
30085304 1296
30085305 1296
30085305 1296
30085305 1296
30085306 1296
30085306 1296
30085306 1296
30085307 1296
30085307 1296
30085307 1296
30085308 1296
30085308 1296
30085308 1296
30085309 1296
30085309 1296
30085309 1296
30085310 1296
30085310 1296
30085310 1296
30085311 1296
30085311 1296
30085311 1296
30085312 1302
30085312 1302
30085312 1302
30085313 1302
30085313 1302
30085313 1302
30085314 1302
30085314 1302
30085314 1302
30085315 1302
30085315 1302
30085315 1302
30085316 1302
30085316 1302
30085316 1302
30085317 1302
30085317 1302
30085317 1302
30085317 1302
30085318 1302
30085318 1302
30085318 1302
30085319 1302
30085319 1302
30085319 1302
30085320 1302
30085320 1302
30085320 1302
30085321 1302
30085321 1306
30085321 1306
30085322 1306
30085322 1306
30085322 1306
30085323 1306
30085323 1306
30085323 1306
30085324 1306
30085324 1306
30085324 1306
30085325 1306
30085325 1306
30085325 1306
30085326 1306
30085326 1306
30085326 1306
30085327 1306
30085327 1306
30085327 1306
30085328 1306
30085328 1306
30085328 1306
30085329 1306
30085329 1306
30085329 1306
30085330 1306
30085330 1306
30085330 1306
30085331 1306
30085331 1310
30085331 1310
30085332 1310
30085332 1310
30085332 1310
30085333 1310
30085333 1310
30085333 1310
30085334 1310
30085334 1310
30085334 1310
30085335 1310
30085335 1310
30085335 1310
30085336 1310
30085336 1310
30085336 1310
30085337 1310
30085337 1310
30085337 1310
30085338 1310
30085338 1310
30085338 1310
30085339 1310
30085339 1310
30085339 1310
30085340 1310
30085340 1310
30085340 1310
30085341 1310
30085341 1310
30085341 1316
30085342 1316
30085342 1316
30085342 1316
30085343 1316
30085343 1316
30085343 1316
30085344 1316
30085344 1316
30085344 1316
30085345 1316
30085345 1316
30085345 1316
30085346 1316
30085346 1316
30085346 1316
30085347 1316
30085347 1316
30085347 1316
30085348 1316
30085348 1316
30085348 1316
30085349 1316
30085349 1316
30085349 1316
30085350 1316
30085350 1316
30085350 1316
30085350 1316
30085351 1316
30085351 1316
30085351 1316
30085352 1320
30085352 1320
30085352 1320
30085353 1320
30085353 1320
30085353 1320
30085354 1320
30085354 1320
30085354 1320
30085355 1320
30085355 1320
30085355 1320
30085356 1320
30085356 1320
30085356 1320
30085357 1320
30085357 1320
30085357 1320
30085358 1320
30085358 1320
30085358 1320
30085359 1320
30085359 1320
30085359 1320
30085400 1320
30085400 1320
30085400 1320
30085401 1320
30085401 1320
30085401 1320
30085402 1320
30085402 1320
30085402 1320
30085403 1326
30085403 1326
30085403 1326
30085404 1326
30085404 1326
30085404 1326
30085405 1326
30085405 1326
30085405 1326
30085406 1326
30085406 1326
30085406 1326
30085407 1326
30085407 1326
30085407 1326
30085408 1326
30085408 1326
30085408 1326
30085409 1326
30085409 1326
30085409 1326
30085410 1326
30085410 1326
30085410 1326
30085411 1326
30085411 1326
30085411 1326
30085412 1326
30085412 1326
30085412 1326
30085413 1326
30085413 1326
30085413 1326
30085414 1330
30085414 1330
30085414 1330
30085415 1330
30085415 1330
30085415 1330
30085416 1330
30085416 1330
30085416 1330
30085417 1330
30085417 1330
30085417 1330
30085418 1330
30085418 1330
30085418 1330
30085419 1330
30085419 1330
30085419 1330
30085420 1330
30085420 1330
30085420 1330
30085421 1330
30085421 1330
30085421 1330
30085422 1330
30085422 1330
30085422 1330
30085422 1330
30085423 1330
30085423 1330
30085423 1330
30085424 1330
30085424 1330
30085424 1330
30085425 1336
30085425 1336
30085425 1336
30085426 1336
30085426 1336
30085426 1336
30085427 1336
30085427 1336
30085427 1336
30085428 1336
30085428 1336
30085428 1336
30085429 1336
30085429 1336
30085429 1336
30085430 1336
30085430 1336
30085430 1336
30085431 1336
30085431 1336
30085431 1336
30085432 1336
30085432 1336
30085432 1336
30085433 1336
30085433 1336
30085433 1336
30085434 1336
30085434 1336
30085434 1336
30085435 1336
30085435 1336
30085435 1336
30085436 1336
30085436 1342
30085436 1342
30085437 1342
30085437 1342
30085437 1342
30085438 1342
30085438 1342
30085438 1342
30085439 1342
30085439 1342
30085439 1342
30085440 1342
30085440 1342
30085440 1342
30085441 1342
30085441 1342
30085441 1342
30085442 1342
30085442 1342
30085442 1342
30085443 1342
30085443 1342
30085443 1342
30085444 1342
30085444 1342
30085444 1342
30085445 1342
30085445 1342
30085445 1342
30085446 1342
30085446 1342
30085446 1342
30085447 1342
30085447 1342
30085447 1342
30085448 1342
30085448 1346
30085448 1346
30085449 1346
30085449 1346
30085449 1346
30085450 1346
30085450 1346
30085450 1346
30085451 1346
30085451 1346
30085451 1346
30085452 1346
30085452 1346
30085452 1346
30085452 1346
30085453 1346
30085453 1346
30085453 1346
30085454 1346
30085454 1346
30085454 1346
30085455 1346
30085455 1346
30085455 1346
30085456 1346
30085456 1346
30085456 1346
30085457 1346
30085457 1346
30085457 1346
30085458 1346
30085458 1346
30085458 1346
30085459 1346
30085459 1346
30085459 1346
30085500 1352
30085500 1352
30085500 1352
30085501 1352
30085501 1352
30085501 1352
30085502 1352
30085502 1352
30085502 1352
30085503 1352
30085503 1352
30085503 1352
30085504 1352
30085504 1352
30085504 1352
30085505 1352
30085505 1352
30085505 1352
30085506 1352
30085506 1352
30085506 1352
30085507 1352
30085507 1352
30085507 1352
30085508 1352
30085508 1352
30085508 1352
30085509 1352
30085509 1352
30085509 1352
30085510 1352
30085510 1352
30085510 1352
30085511 1352
30085511 1352
30085511 1352
30085512 1352
30085512 1364
30085512 1364
30085513 1364
30085513 1364
30085513 1364
30085514 1364
30085514 1364
30085514 1364
30085515 1364
30085515 1364
30085515 1364
30085516 1364
30085516 1364
30085516 1364
30085517 1364
30085517 1364
30085517 1364
30085518 1364
30085518 1364
30085518 1364
30085519 1364
30085519 1364
30085519 1364
30085520 1364
30085520 1364
30085520 1364
30085521 1364
30085521 1364
30085521 1364
30085522 1364
30085522 1364
30085522 1364
30085523 1364
30085523 1364
30085523 1364
30085524 1364
30085524 1364
30085524 1364
30085524 1364
30085525 1378
30085525 1378
30085525 1378
30085526 1378
30085526 1378
30085526 1378
30085527 1378
30085527 1378
30085527 1378
30085528 1378
30085528 1378
30085528 1378
30085529 1378
30085529 1378
30085529 1378
30085530 1378
30085530 1378
30085530 1378
30085531 1378
30085531 1378
30085531 1378
30085532 1378
30085532 1378
30085532 1378
30085533 1378
30085533 1378
30085533 1378
30085534 1378
30085534 1378
30085534 1378
30085535 1378
30085535 1378
30085535 1378
30085536 1378
30085536 1378
30085536 1378
30085537 1378
30085537 1378
30085537 1378
30085538 1378
30085538 1378
30085538 1378
30085539 1378
30085539 1134
30085539 1390
30085540 1390
30085540 1390
30085540 1390
30085541 1390
30085541 1390
30085541 1390
30085542 1390
30085542 1390
30085542 1390
30085543 1390
30085543 1390
30085543 1390
30085544 1390
30085544 1390
30085544 1390
30085545 1390
30085545 1390
30085545 1390
30085546 1390
30085546 1390
30085546 1390
30085547 1390
30085547 1390
30085547 1390
30085548 1390
30085548 1390
30085548 1390
30085549 1390
30085549 1390
30085549 1390
30085550 1390
30085550 1390
30085550 1390
30085551 1390
30085551 1390
30085551 1390
30085552 1390
30085552 1390
30085552 1390
30085553 1390
30085553 1390
30085553 1390
30085554 1390
30085554 1390
30085554 1390
30085555 1390
30085555 1402
30085555 1402
30085556 1402
30085556 1402
30085556 1402
30085557 1402
30085557 1402
30085557 1402
30085557 1402
30085558 1402
30085558 1402
30085558 1402
30085559 1402
30085559 1402
30085559 1402
30085600 1402
30085600 1402
30085600 1402
30085601 1402
30085601 1402
30085601 1402
30085602 1402
30085602 1402
30085602 1402
30085603 1402
30085603 1402
30085603 1402
30085604 1402
30085604 1402
30085604 1402
30085605 1402
30085605 1402
30085605 1402
30085606 1402
30085606 1402
30085606 1402
30085607 1402
30085607 1402
30085607 1402
30085608 1402
30085608 1402
30085608 1402
30085609 1402
30085609 1402
30085609 1402
30085610 1402
30085610 1402
30085610 1402
30085611 1402
30085611 1402
30085611 1402
30085612 1422
30085612 1422
30085612 1422
30085613 1422
30085613 1422
30085613 1422
30085614 1422
30085614 1422
30085614 1422
30085615 1422
30085615 1422
30085615 1422
30085616 1422
30085616 1422
30085616 1422
30085617 1422
30085617 1422
30085617 1422
30085618 1422
30085618 1422
30085618 1422
30085619 1422
30085619 1422
30085619 1422
30085620 1422
30085620 1422
30085620 1422
30085621 1422
30085621 1422
30085621 1422
30085622 1422
30085622 1422
30085622 1422
30085623 1422
30085623 1422
30085623 1422
30085624 1422
30085624 1422
30085624 1422
30085625 1422
30085625 1422
30085625 1422
30085626 1422
30085626 1422
30085626 1422
30085627 1422
30085627 1422
30085627 1422
30085628 1422
30085628 1422
30085628 1422
30085628 1422
30085629 1422
30085629 1422
30085629 1422
30085630 1422
30085630 1422
30085630 1422
30085631 1442
30085631 1442
30085631 1442
30085632 1442
30085632 1442
30085632 1442
30085633 1442
30085633 1442
30085633 1442
30085634 1442
30085634 1442
30085634 1442
30085635 1442
30085635 1442
30085635 1442
30085636 1442
30085636 1442
30085636 1442
30085637 1442
30085637 1442
30085637 1442
30085638 1442
30085638 1442
30085638 1442
30085639 1442
30085639 1442
30085639 1442
30085640 1442
30085640 1442
30085640 1442
30085641 1442
30085641 1442
30085641 1442
30085642 1442
30085642 1442
30085642 1442
30085643 1442
30085643 1442
30085643 1442
30085644 1442
30085644 1442
30085644 1442
30085645 1442
30085645 1442
30085645 1442
30085646 1442
30085646 1442
30085646 1442
30085647 1442
30085647 1442
30085647 1442
30085648 1442
30085648 1442
30085648 1442
30085649 1442
30085649 1442
30085649 1442
30085650 1442
30085650 1442
30085650 1442
30085651 1442
30085651 1442
30085651 1442
30085652 1442
30085652 1442
30085652 1442
30085653 1442
30085653 1442
30085653 1450
30085654 1450
30085654 1450
30085654 1450
30085655 1450
30085655 1472
30085655 1472
30085656 1472
30085656 1472
30085656 1472
30085657 1498
30085657 1498
30085657 1498
30085658 1498
30085658 1498
30085658 1498
30085659 1522
30085659 1522
30085659 1522
30085700 1522
30085700 1522
30085700 1522
30085700 1950
30085701 1548
30085701 1548
30085701 1548
30085702 1548
30085702 1548
30085702 1548
30085703 1574
30085703 1574
30085703 1574
30085704 1574
30085704 1574
30085704 1574
30085705 1574
30085705 1574
30085705 1602
30085706 1602
30085706 1602
30085706 1602
30085707 1602
30085707 1602
30085707 1602
30085708 1602
30085708 1612
30085708 1612
30085709 1612
30085709 1612
30085709 1612
30085710 1612
30085710 1612
30085710 1612
30085711 2120
30085711 1624
30085711 1624
30085712 1624
30085712 1624
30085712 1624
30085713 1624
30085713 1636
30085713 1656
30085714 1656
30085714 1656
30085714 1656
30085715 1656
30085715 1656
30085715 1656
30085716 2244
30085716 1698
30085716 1698
30085717 1698
30085717 1698
30085717 1698
30085718 1698
30085718 1698
30085718 1698
30085719 2360
30085719 1746
30085719 1746
30085720 1746
30085720 1746
30085720 1746
30085721 1746
30085721 1746
30085721 1746
30085722 1746
30085722 2458
30085722 1796
30085723 1796
30085723 1796
30085723 1796
30085724 1796
30085724 1796
30085724 1796
30085725 1796
30085725 1796
30085725 1796
30085726 1846
30085726 1846
30085726 1846
30085727 1846
30085727 1846
30085727 1846
30085728 1846
30085728 1846
30085728 1846
30085729 1846
30085729 1846
30085729 1846
30085730 1900
30085730 1900
30085730 1900
30085731 1900
30085731 1900
30085731 1900
30085732 1900
30085732 1900
30085732 1900
30085733 1900
30085733 1900
30085733 1900
30085734 1900
30085734 1900
30085734 1958
30085734 1958
30085735 1958
30085735 1958
30085735 1958
30085736 1958
30085736 1958
30085736 1958
30085737 1958
30085737 1958
30085737 1958
30085738 1958
30085738 1958
30085738 1958
30085739 2812
30085739 2018
30085739 2018
30085740 2018
30085740 2018
30085740 2018
30085741 2018
30085741 2018
30085741 2018
30085742 2018
30085742 2018
30085742 2018
30085743 2018
30085743 2018
30085743 2018
30085744 2018
30085744 2018
30085744 2084
30085745 2084
30085745 2084
30085745 2084
30085746 2084
30085746 2084
30085746 2084
30085747 2084
30085747 2084
30085747 2084
30085748 2084
30085748 2084
30085748 2084
30085749 2084
30085749 2084
30085749 2084
30085750 2084
30085750 2084
30085750 3130
30085751 2150
30085751 2150
30085751 2150
30085752 2150
30085752 2150
30085752 2150
30085753 2150
30085753 2150
30085753 2150
30085754 2150
30085754 2150
30085754 2150
30085755 2150
30085755 2150
30085755 2150
30085756 2150
30085756 2150
30085756 2150
30085757 2150
30085757 1120
30085757 2168
30085758 2168
30085758 2168
30085758 2168
30085759 2168
30085759 2168
30085759 2168
30085800 2168
30085800 2168
30085800 2168
30085801 2168
30085801 2168
30085801 2168
30085802 2168
30085802 2202
30085802 2240
30085803 2240
30085803 2240
30085803 2240
30085804 2240
30085804 2240
30085804 2240
30085805 2240
30085805 2240
30085805 2240
30085806 2240
30085806 2240
30085806 2240
30085806 2240
30085807 2240
30085807 2240
30085807 2240
30085808 2314
30085808 2314
30085808 2314
30085809 2314
30085809 2314
30085809 2314
30085810 2314
30085810 2314
30085810 2314
30085811 2314
30085811 2314
30085811 2314
30085812 2314
30085812 2314
30085812 2314
30085813 2314
30085813 2314
30085813 2314
30085814 3606
30085814 2394
30085814 2394
30085815 2394
30085815 2394
30085815 2394
30085816 2394
30085816 2394
30085816 2394
30085817 2394
30085817 2394
30085817 2394
30085818 2394
30085818 2394
30085818 2394
30085819 2394
30085819 2394
30085819 2394
30085820 2394
30085820 2394
30085820 3812
30085821 2476
30085821 2476
30085821 2476
30085822 2476
30085822 2476
30085822 2476
30085823 2476
30085823 2476
30085823 2476
30085824 2476
30085824 2476
30085824 2476
30085825 2476
30085825 2476
30085825 2476
30085826 2476
30085826 2476
30085826 2476
30085827 2476
30085827 2476
30085827 3896
30085828 2564
30085828 2564
30085828 2564
30085829 2564
30085829 2564
30085829 2564
30085830 2564
30085830 2564
30085830 2564
30085831 2564
30085831 2564
30085831 2564
30085832 2564
30085832 2564
30085832 2564
30085833 2564
30085833 2564
30085833 2564
30085834 2564
30085834 2564
30085834 2564
30085835 2564
30085835 2564
30085835 1168
30085836 4164
30085836 2654
30085836 2654
30085837 2654
30085837 2654
30085837 2654
30085838 2654
30085838 2654
30085838 2654
30085839 2654
30085839 2654
30085839 2654
30085840 2654
30085840 2654
30085840 2654
30085841 2654
30085841 2654
30085841 2654
30085841 2654
30085842 2654
30085842 2654
30085842 2654
30085843 2654
30085843 2654
30085843 2654
30085844 2654
30085844 2654
30085844 2654
30085845 2654
30085845 4212
30085845 4356
30085846 2750
30085846 2750
30085846 2750
30085847 2750
30085847 2750
30085847 2750
30085848 2750
30085848 2750
30085848 2750
30085849 2750
30085849 2750
30085849 2750
30085850 2750
30085850 2750
30085850 2750
30085851 2750
30085851 2750
30085851 2750
30085852 2750
30085852 2750
30085852 2750
30085853 2750
30085853 2750
30085853 2750
30085854 2750
30085854 2750
30085854 2750
30085855 2750
30085855 2750
30085855 2750
30085856 2750
30085856 4454
30085856 2848
30085857 2848
30085857 2848
30085857 2848
30085858 2848
30085858 2848
30085858 2848
30085859 2848
30085859 2848
30085859 2848
30085900 2848
30085900 2848
30085900 2848
30085901 2848
30085901 2848
30085901 2848
30085902 2848
30085902 2848
30085902 2848
30085903 2848
30085903 2848
30085903 2848
30085904 2848
30085904 2848
30085904 2848
30085905 2848
30085905 2848
30085905 2848
30085906 2848
30085906 2848
30085906 2848
30085907 4602
30085907 4760
30085907 2954
30085908 2954
30085908 2954
30085908 2954
30085909 2954
30085909 2954
30085909 2954
30085910 2954
30085910 2954
30085910 2954
30085911 2954
30085911 2954
30085911 2954
30085912 2954
30085912 2954
30085912 2954
30085913 2954
30085913 2954
30085913 2954
30085914 2954
30085914 2954
30085914 2954
30085915 2954
30085915 2954
30085915 2954
30085915 2954
30085916 2954
30085916 2954
30085916 2954
30085917 2954
30085917 2954
30085917 2954
30085918 2954
30085918 4866
30085918 4976
30085919 3062
30085919 3062
30085919 3062
30085920 3062
30085920 3062
30085920 3062
30085921 3062
30085921 3062
30085921 3062
30085922 3062
30085922 3062
30085922 3062
30085923 3062
30085923 3062
30085923 3062
30085924 3062
30085924 3062
30085924 3062
30085925 3062
30085925 3062
30085925 3062
30085926 3062
30085926 3062
30085926 3062
30085927 3062
30085927 3062
30085927 3062
30085928 3062
30085928 3062
30085928 3062
30085929 3062
30085929 3062
30085929 3062
30085930 3062
30085930 3062
30085930 3062
30085931 3062
30085931 3062
30085931 3062
30085932 5030
30085932 1150
30085932 1150
30085933 1150
30085933 1150
30085933 1150
30085934 1150
30085934 1150
30085934 1150
30085935 1150
30085935 1150
30085935 1150
30085936 1150
30085936 1150
30085936 1150
30085937 1150
30085937 1150
30085937 1150
30085938 1150
30085938 1150
30085938 1150
30085939 1150
30085939 1150
30085939 1150
30085940 1150
30085940 1150
30085940 1150
30085941 1150
30085941 1150
30085941 1150
30085942 1150
30085942 1150
30085942 1150
30085943 1150
30085943 1150
30085943 1150
30085944 1150
30085944 1150
30085944 1150
30085945 1150
30085945 1150
30085945 1150
30085946 1150
30085946 1150
30085946 1150
30085947 1150
30085947 1150
30085947 1150
30085947 1150
30085948 1150
30085948 1150
30085948 1150
30085949 1150
30085949 1150
30085949 1152
30085950 1152
30085950 1152
30085950 1152
30085951 1152
30085951 1152
30085951 1152
30085952 1152
30085952 1152
30085952 1152
30085953 1152
30085953 1152
30085953 1152
30085954 1152
30085954 1152
30085954 1152
30085955 1152
30085955 1152
30085955 1152
30085956 1152
30085956 1152
30085956 1152
30085957 1152
30085957 1152
30085957 1152
30085958 1152
30085958 1152
30085958 1152
30085959 1152
30085959 1152
30085959 1154
30090000 1154
30090000 1154
30090000 1154
30090001 1154
30090001 1154
30090001 1154
30090002 1154
30090002 1154
30090002 1154
30090003 1154
30090003 1154
30090003 1154
30090004 1154
30090004 1154
30090004 1154
30090005 1154
30090005 1154
30090005 1154
30090006 1154
30090006 1154
30090006 1154
30090007 1154
30090007 1154
30090007 1154
30090008 1154
30090008 1154
30090008 1154
30090009 1154
30090009 1154
30090009 1154
30090010 1154
30090010 1154
30090010 1188
30090011 1154
30090011 1154
30090011 1154
30090012 1154
30090012 1154
30090012 1154
30090013 1154
30090013 1154
30090013 1154
30090014 1154
30090014 1154
30090014 1154
30090015 1154
30090015 1154
30090015 1154
30090016 1154
30090016 1154
30090016 1154
30090017 1154
30090017 1154
30090017 1154
30090018 1154
30090018 1154
30090018 1154
30090019 1154
30090019 1154
30090019 1154
30090020 1154
30090020 1154
30090020 1154
30090020 1154
30090021 1154
30090021 1154
30090021 1154
30090022 1154
30090022 1154
30090022 1154
30090023 1154
30090023 1156
30090023 1156
30090024 1156
30090024 1156
30090024 1156
30090025 1156
30090025 1156
30090025 1156
30090026 1156
30090026 1156
30090026 1156
30090027 1156
30090027 1156
30090027 1156
30090028 1156
30090028 1156
30090028 1156
30090029 1156
30090029 1156
30090029 1156
30090030 1156
30090030 1156
30090030 1156
30090031 1156
30090031 1156
30090031 1156
30090032 1156
30090032 1156
30090032 1156
30090033 1156
30090033 1156
30090033 1156
30090034 1156
30090034 1156
30090034 1156
30090035 1156
30090035 1156
30090035 1156
30090036 1156
30090036 1158
30090036 1158
30090037 1158
30090037 1158
30090037 1158
30090038 1158
30090038 1158
30090038 1158
30090039 1158
30090039 1158
30090039 1158
30090040 1158
30090040 1158
30090040 1158
30090041 1158
30090041 1158
30090041 1158
30090042 1158
30090042 1158
30090042 1158
30090043 1158
30090043 1158
30090043 1158
30090044 1158
30090044 1158
30090044 1158
30090045 1158
30090045 1158
30090045 1158
30090046 1158
30090046 1158
30090046 1158
30090047 1158
30090047 1158
30090047 1158
30090048 1158
30090048 1158
30090048 1158
30090049 1158
30090049 1158
30090049 1158
30090050 1158
30090050 1158
30090050 1158
30090051 1158
30090051 1158
30090051 1158
30090052 1158
30090052 1158
30090052 1158
30090053 1158
30090053 1158
30090053 1158
30090053 1160
30090054 1160
30090054 1160
30090054 1160
30090055 1160
30090055 1160
30090055 1160
30090056 1160
30090056 1160
30090056 1160
30090057 1160
30090057 1160
30090057 1160
30090058 1160
30090058 1160
30090058 1160
30090059 1160
30090059 1160
30090059 1160
30090100 1160
30090100 1160
30090100 1160
30090101 1160
30090101 1160
30090101 1160
30090102 1160
30090102 1160
30090102 1160
30090103 1160
30090103 1160
30090103 1160
30090104 1160
30090104 1160
30090104 1160
30090105 1160
30090105 1160
30090105 1160
30090106 1160
30090106 1160
30090106 1160
30090107 1160
30090107 1160
30090107 1160
30090108 1160
30090108 1160
30090108 1160
30090109 1160
30090109 1160
30090109 1160
30090110 1160
30090110 1160
30090110 1160
30090111 1160
30090111 1160
30090111 1160
30090112 1160
30090112 1160
30090112 1160
30090113 1160
30090113 1162
30090113 1162
30090114 1162
30090114 1162
30090114 1162
30090115 1162
30090115 1162
30090115 1162
30090116 1162
30090116 1162
30090116 1162
30090117 1162
30090117 1162
30090117 1162
30090118 1162
30090118 1162
30090118 1162
30090119 1162
30090119 1162
30090119 1162
30090120 1162
30090120 1162
30090120 1162
30090121 1162
30090121 1162
30090121 1162
30090122 1162
30090122 1162
30090122 1162
30090123 1162
30090123 1162
30090123 1162
30090124 1162
30090124 1162
30090124 1162
30090125 1162
30090125 1162
30090125 1162
30090125 1162
30090126 1162
30090126 1162
30090126 1162
30090127 1162
30090127 1162
30090127 1162
30090128 1162
30090128 1162
30090128 1162
30090129 1162
30090129 1162
30090129 1162
30090130 1162
30090130 1162
30090130 1162
30090131 1162
30090131 1162
30090131 1162
30090132 1162
30090132 1162
30090132 1162
30090133 1162
30090133 1162
30090133 1162
30090134 1162
30090134 1162
30090134 1164
30090135 1164
30090135 1164
30090135 1164
30090136 1164
30090136 1164
30090136 1164
30090137 1164
30090137 1164
30090137 1164
30090138 1164
30090138 1164
30090138 1164
30090139 1164
30090139 1164
30090139 1164
30090140 1164
30090140 1164
30090140 1164
30090141 1164
30090141 1164
30090141 1164
30090142 1164
30090142 1164
30090142 1164
30090143 1164
30090143 1164
30090143 1164
30090144 1164
30090144 1164
30090144 1164
30090145 1164
30090145 1164
30090145 1164
30090146 1164
30090146 1164
30090146 1164
30090147 1164
30090147 1164
30090147 1164
30090148 1164
30090148 1164
30090148 1164
30090149 1164
30090149 1164
30090149 1164
30090150 1164
30090150 1164
30090150 1164
30090151 1164
30090151 1164
30090151 1164
30090152 1164
30090152 1164
30090152 1164
30090153 1164
30090153 1164
30090153 1164
30090154 1164
30090154 1164
30090154 1164
30090155 1164
30090155 1164
30090155 1164
30090156 1164
30090156 1164
30090156 1164
30090157 1164
30090157 1166
30090157 1166
30090158 1166
30090158 1166
30090158 1166
30090159 1166
30090159 1166
30090159 1166
30090159 1166
30090200 1166
30090200 1166
30090200 1166
30090201 1166
30090201 1166
30090201 1166
30090202 1166
30090202 1166
30090202 1166
30090203 1166
30090203 1166
30090203 1166
30090204 1166
30090204 1166
30090204 1166
30090205 1166
30090205 1166
30090205 1166
30090206 1166
30090206 1166
30090206 1166
30090207 1166
30090207 1166
30090207 1166
30090208 1166
30090208 1166
30090208 1166
30090209 1166
30090209 1166
30090209 1166
30090210 1166
30090210 1166
30090210 1166
30090211 1166
30090211 1166
30090211 1166
30090212 1166
30090212 1166
30090212 1166
30090213 1166
30090213 1166
30090213 1166
30090214 1166
30090214 1166
30090214 1166
30090215 1166
30090215 1166
30090215 1166
30090216 1166
30090216 1166
30090216 1166
30090217 1166
30090217 1166
30090217 1166
30090218 1166
30090218 1166
30090218 1166
30090219 1166
30090219 1166
30090219 1166
30090220 1166
30090220 1166
30090220 1166
30090221 1166
30090221 1166
30090221 1166
30090222 1166
30090222 1166
30090222 1166
30090223 1166
30090223 1166
30090223 1168
30090224 1168
30090224 1168
30090224 1168
30090225 1168
30090225 1168
30090225 1168
30090226 1168
30090226 1168
30090226 1168
30090227 1168
30090227 1168
30090227 1168
30090228 1168
30090228 1168
30090228 1168
30090229 1168
30090229 1168
30090229 1168
30090230 1168
30090230 1168
30090230 1168
30090231 1168
30090231 1168
30090231 1168
30090232 1168
30090232 1168
30090232 1168
30090232 1168
30090233 1168
30090233 1168
30090233 1168
30090234 1168
30090234 1168
30090234 1168
30090235 1168
30090235 1168
30090235 1168
30090236 1168
30090236 1168
30090236 1168
30090237 1168
30090237 1168
30090237 1168
30090238 1168
30090238 1168
30090238 1168
30090239 1168
30090239 1168
30090239 1168
30090240 1168
30090240 1168
30090240 1168
30090241 1168
30090241 1168
30090241 1168
30090242 1168
30090242 1168
30090242 1168
30090243 1168
30090243 1168
30090243 1168
30090244 1168
30090244 1168
30090244 1168
30090245 1168
30090245 1168
30090245 1168
30090246 1168
30090246 1168
30090246 1168
30090247 1168
30090247 1168
30090247 1168
30090248 1168
30090248 1168
30090248 1168
30090249 1168
30090249 1168
30090249 1168
30090250 1168
30090250 1168
30090250 1168
30090251 1168
30090251 1168
30090251 1168
30090252 1168
30090252 1168
30090252 1168
30090253 1168
30090253 1170
30090253 1170
30090254 1170
30090254 1170
30090254 1170
30090255 1170
30090255 1170
30090255 1170
30090256 1170
30090256 1170
30090256 1170
30090257 1170
30090257 1170
30090257 1170
30090258 1170
30090258 1170
30090258 1170
30090259 1170
30090259 1170
30090259 1170
30090300 1170
30090300 1170
30090300 1170
30090301 1170
30090301 1170
30090301 1170
30090302 1170
30090302 1170
30090302 1170
30090303 1170
30090303 1170
30090303 1170
30090304 1170
30090304 1170
30090304 1170
30090305 1170
30090305 1170
30090305 1170
30090305 1170
30090306 1170
30090306 1170
30090306 1170
30090307 1170
30090307 1170
30090307 1170
30090308 1170
30090308 1170
30090308 1170
30090309 1170
30090309 1170
30090309 1170
30090310 1170
30090310 1170
30090310 1170
30090311 1170
30090311 1170
30090311 1170
30090312 1170
30090312 1170
30090312 1170
30090313 1170
30090313 1170
30090313 1170
30090314 1170
30090314 1170
30090314 1170
30090315 1170
30090315 1170
30090315 1170
30090316 1170
30090316 1170
30090316 1170
30090317 1170
30090317 1170
30090317 1170
30090318 1170
30090318 1170
30090318 1170
30090319 1170
30090319 1170
30090319 1170
30090320 1170
30090320 1170
30090320 1170
30090321 1170
30090321 1170
30090321 1170
30090322 1170
30090322 1170
30090322 1170
30090323 1170
30090323 1170
30090323 1170
30090324 1170
30090324 1170
30090324 1170
30090325 1170
30090325 1170
30090325 1170
30090326 1170
30090326 1170
30090326 1170
30090327 1170
30090327 1170
30090327 1170
30090328 1170
30090328 1170
30090328 1170
30090329 1170
30090329 1170
30090329 1170
30090330 1170
30090330 1170
30090330 1170
30090331 1170
30090331 1170
30090331 1170
30090332 1170
30090332 1170
30090332 1170
30090333 1170
30090333 1170
30090333 1170
30090334 1170
30090334 1170
30090334 1170
30090335 1170
30090335 1170
30090335 1170
30090336 1170
30090336 1170
30090336 1170
30090337 1170
30090337 1170
30090337 1170
30090337 1170
30090338 1170
30090338 1170
30090338 1170
30090339 1170
30090339 1170
30090339 1170
30090340 1170
30090340 1170
30090340 1170
30090341 1170
30090341 1170
30090341 1170
30090342 1170
30090342 1170
30090342 1170
30090343 1170
30090343 1170
30090343 1170
30090344 1170
30090344 1170
30090344 1170
30090345 1170
30090345 1170
30090345 1170
30090346 1170
30090346 1170
30090346 1170
30090347 1170
30090347 1170
30090347 1170
30090348 1170
30090348 1170
30090348 1170
30090349 1170
30090349 1170
30090349 1170
30090350 1170
30090350 1170
30090350 1170
30090351 1170
30090351 1170
30090351 1170
30090352 1170
30090352 1170
30090352 1170
30090353 1170
30090353 1170
30090353 1170
30090354 1170
30090354 1170
30090354 1170
30090355 1170
30090355 1170
30090355 1170
30090356 1170
30090356 1170
30090356 1170
30090357 1170
30090357 1170
30090357 1170
30090358 1170
30090358 1170
30090358 1170
30090359 1170
30090359 1170
30090359 1172
30090400 1172
30090400 1172
30090400 1172
30090401 1172
30090401 1172
30090401 1172
30090402 1172
30090402 1172
30090402 1172
30090403 1172
30090403 1172
30090403 1172
30090404 1172
30090404 1172
30090404 1172
30090405 1172
30090405 1172
30090405 1172
30090406 1172
30090406 1172
30090406 1172
30090407 1172
30090407 1172
30090407 1172
30090408 1172
30090408 1172
30090408 1172
30090409 1172
30090409 1172
30090409 1172
30090409 1172
30090410 1172
30090410 1172
30090410 1172
30090411 1172
30090411 1172
30090411 1172
30090412 1172
30090412 1172
30090412 1172
30090413 1172
30090413 1172
30090413 1172
30090414 1172
30090414 1172
30090414 1172
30090415 1172
30090415 1172
30090415 1172
30090416 1172
30090416 1172
30090416 1172
30090417 1172
30090417 1172
30090417 1172
30090418 1172
30090418 1172
30090418 1172
30090419 1172
30090419 1172
30090419 1172
30090420 1172
30090420 1172
30090420 1172
30090421 1172
30090421 1172
30090421 1172
30090422 1172
30090422 1172
30090422 1172
30090423 1172
30090423 1172
30090423 1172
30090424 1172
30090424 1172
30090424 1172
30090425 1172
30090425 1172
30090425 1172
30090426 1172
30090426 1172
30090426 1172
30090427 1172
30090427 1172
30090427 1172
30090428 1172
30090428 1172
30090428 1172
30090429 1172
30090429 1172
30090429 1172
30090430 1172
30090430 1172
30090430 1172
30090431 1172
30090431 1172
30090431 1172
30090432 1172
30090432 1172
30090432 1172
30090433 1172
30090433 1172
30090433 1172
30090434 1172
30090434 1172
30090434 1172
30090435 1172
30090435 1172
30090435 1172
30090436 1172
30090436 1172
30090436 1172
30090437 1172
30090437 1172
30090437 1172
30090438 1172
30090438 1172
30090438 1172
30090439 1172
30090439 1172
30090439 1172
30090440 1176
30090440 1176
30090440 1176
30090441 1176
30090441 1176
30090441 1176
30090442 1176
30090442 1176
30090442 1176
30090442 1176
30090443 1176
30090443 1176
30090443 1176
30090444 1176
30090444 1176
30090444 1176
30090445 1176
30090445 1176
30090445 1176
30090446 1176
30090446 1176
30090446 1176
30090447 1176
30090447 1176
30090447 1176
30090448 1176
30090448 1176
30090448 1176
30090449 1176
30090449 1176
30090449 1176
30090450 1176
30090450 1176
30090450 1176
30090451 1176
30090451 1176
30090451 1176
30090452 1176
30090452 1176
30090452 1176
30090453 1176
30090453 1176
30090453 1176
30090454 1176
30090454 1176
30090454 1176
30090455 1176
30090455 1176
30090455 1176
30090456 1176
30090456 1176
30090456 1176
30090457 1176
30090457 1176
30090457 1176
30090458 1176
30090458 1176
30090458 1176
30090459 1176
30090459 1176
30090459 1176
30090500 1176
30090500 1176
30090500 1176
30090501 1176
30090501 1176
30090501 1176
30090502 1176
30090502 1176
30090502 1176
30090503 1176
30090503 1176
30090503 1176
30090504 1176
30090504 1176
30090504 1176
30090505 1176
30090505 1176
30090505 1176
30090506 1176
30090506 1176
30090506 1176
30090507 1176
30090507 1176
30090507 1176
30090508 1176
30090508 1176
30090508 1176
30090509 1176
30090509 1176
30090509 1176
30090510 1176
30090510 1176
30090510 1176
30090511 1176
30090511 1176
30090511 1176
30090512 1176
30090512 1176
30090512 1176
30090513 1176
30090513 1176
30090513 1176
30090514 1176
30090514 1176
30090514 1176
30090515 1176
30090515 1176
30090515 1176
30090516 1176
30090516 1176
30090516 1176
30090516 1176
30090517 1176
30090517 1176
30090517 1176
30090518 1176
30090518 1176
30090518 1176
30090519 1176
30090519 1176
30090519 1176
30090520 1176
30090520 1176
30090520 1176
30090521 1176
30090521 1176
30090521 1176
30090522 1178
30090522 1178
30090522 1178
30090523 1178
30090523 1178
30090523 1178
30090524 1178
30090524 1178
30090524 1178
30090525 1178
30090525 1178
30090525 1178
30090526 1178
30090526 1178
30090526 1178
30090527 1178
30090527 1178
30090527 1178
30090528 1178
30090528 1178
30090528 1178
30090529 1178
30090529 1178
30090529 1178
30090530 1178
30090530 1178
30090530 1178
30090531 1178
30090531 1178
30090531 1178
30090532 1178
30090532 1178
30090532 1178
30090533 1178
30090533 1178
30090533 1178
30090534 1178
30090534 1178
30090534 1178
30090535 1178
30090535 1178
30090535 1178
30090536 1178
30090536 1178
30090536 1178
30090537 1178
30090537 1178
30090537 1178
30090538 1178
30090538 1178
30090538 1178
30090539 1178
30090539 1178
30090539 1178
30090540 1178
30090540 1178
30090540 1178
30090541 1178
30090541 1178
30090541 1178
30090542 1178
30090542 1178
30090542 1178
30090543 1178
30090543 1178
30090543 1178
30090544 1178
30090544 1178
30090544 1178
30090545 1178
30090545 1178
30090545 1178
30090546 1178
30090546 1178
30090546 1178
30090547 1178
30090547 1178
30090547 1178
30090548 1178
30090548 1178
30090548 1178
30090548 1178
30090549 1178
30090549 1178
30090549 1178
30090550 1178
30090550 1178
30090550 1178
30090551 1178
30090551 1178
30090551 1178
30090552 1178
30090552 1178
30090552 1178
30090553 1178
30090553 1178
30090553 1178
30090554 1178
30090554 1178
30090554 1178
30090555 1178
30090555 1178
30090555 1178
30090556 1178
30090556 1178
30090556 1178
30090557 1178
30090557 1178
30090557 1178
30090558 1178
30090558 1178
30090558 1178
30090559 1178
30090559 1178
30090559 1178
30090600 1178
30090600 1178
30090600 1178
30090601 1178
30090601 1178
30090601 1178
30090602 1178
30090602 1178
30090602 1178
30090603 1178
30090603 1178
30090603 1178
30090604 1178
30090604 1178
30090604 1178
30090605 1178
30090605 1178
30090605 1178
30090606 1178
30090606 1178
30090606 1178
30090607 1178
30090607 1178
30090607 1178
30090608 1178
30090608 1178
30090608 1178
30090609 1178
30090609 1178
30090609 1178
30090610 1178
30090610 1178
30090610 1178
30090611 1180
30090611 1180
30090611 1180
30090612 1180
30090612 1180
30090612 1180
30090613 1180
30090613 1180
30090613 1180
30090614 1180
30090614 1180
30090614 1180
30090615 1180
30090615 1180
30090615 1180
30090616 1180
30090616 1180
30090616 1180
30090617 1180
30090617 1180
30090617 1180
30090618 1180
30090618 1180
30090618 1180
30090619 1180
30090619 1180
30090619 1180
30090620 1180
30090620 1180
30090620 1180
30090621 1180
30090621 1180
30090621 1180
30090621 1180
30090622 1180
30090622 1180
30090622 1180
30090623 1180
30090623 1180
30090623 1180
30090624 1180
30090624 1180
30090624 1180
30090625 1180
30090625 1180
30090625 1180
30090626 1180
30090626 1180
30090626 1180
30090627 1180
30090627 1180
30090627 1180
30090628 1180
30090628 1180
30090628 1180
30090629 1180
30090629 1180
30090629 1180
30090630 1180
30090630 1180
30090630 1180
30090631 1180
30090631 1180
30090631 1180
30090632 1180
30090632 1180
30090632 1180
30090633 1180
30090633 1180
30090633 1180
30090634 1180
30090634 1180
30090634 1180
30090635 1180
30090635 1180
30090635 1180
30090636 1180
30090636 1180
30090636 1180
30090637 1180
30090637 1180
30090637 1180
30090638 1180
30090638 1180
30090638 1180
30090639 1180
30090639 1180
30090639 1180
30090640 1180
30090640 1180
30090640 1180
30090641 1180
30090641 1180
30090641 1180
30090642 1180
30090642 1180
30090642 1180
30090643 1180
30090643 1180
30090643 1180
30090644 1180
30090644 1180
30090644 1180
30090645 1180
30090645 1180
30090645 1180
30090646 1180
30090646 1180
30090646 1180
30090647 1180
30090647 1180
30090647 1180
30090648 1180
30090648 1180
30090648 1180
30090649 1180
30090649 1180
30090649 1180
30090650 1180
30090650 1180
30090650 1180
30090651 1180
30090651 1180
30090651 1180
30090652 1180
30090652 1180
30090652 1180
30090653 1180
30090653 1180
30090653 1180
30090654 1180
30090654 1180
30090654 1180
30090654 1180
30090655 1180
30090655 1180
30090655 1180
30090656 1180
30090656 1180
30090656 1184
30090657 1184
30090657 1184
30090657 1184
30090658 1184
30090658 1184
30090658 1184
30090659 1184
30090659 1184
30090659 1184
30090700 1184
30090700 1184
30090700 1184
30090701 1184
30090701 1184
30090701 1184
30090702 1184
30090702 1184
30090702 1184
30090703 1184
30090703 1184
30090703 1184
30090704 1184
30090704 1184
30090704 1184
30090705 1184
30090705 1184
30090705 1184
30090706 1184
30090706 1184
30090706 1184
30090707 1184
30090707 1184
30090707 1184
30090708 1184
30090708 1184
30090708 1184
30090709 1184
30090709 1184
30090709 1184
30090710 1184
30090710 1184
30090710 1184
30090711 1184
30090711 1184
30090711 1184
30090712 1184
30090712 1184
30090712 1184
30090713 1184
30090713 1184
30090713 1184
30090714 1184
30090714 1184
30090714 1184
30090715 1184
30090715 1184
30090715 1184
30090716 1184
30090716 1184
30090716 1184
30090717 1184
30090717 1184
30090717 1184
30090718 1184
30090718 1184
30090718 1184
30090719 1184
30090719 1184
30090719 1184
30090720 1184
30090720 1184
30090720 1184
30090721 1184
30090721 1184
30090721 1184
30090722 1184
30090722 1184
30090722 1184
30090723 1184
30090723 1184
30090723 1184
30090724 1184
30090724 1184
30090724 1184
30090724 1184
30090725 1184
30090725 1184
30090725 1184
30090726 1184
30090726 1184
30090726 1184
30090727 1184
30090727 1184
30090727 1184
30090728 1184
30090728 1184
30090728 1184
30090729 1184
30090729 1184
30090729 1184
30090730 1184
30090730 1184
30090730 1184
30090731 1184
30090731 1184
30090731 1184
30090732 1184
30090732 1184
30090732 1184
30090733 1184
30090733 1184
30090733 1184
30090734 1184
30090734 1184
30090734 1184
30090735 1184
30090735 1184
30090735 1184
30090736 1184
30090736 1184
30090736 1184
30090737 1184
30090737 1184
30090737 1184
30090738 1184
30090738 1184
30090738 1184
30090739 1184
30090739 1184
30090739 1184
30090740 1184
30090740 1184
30090740 1184
30090741 1184
30090741 1184
30090741 1184
30090742 1184
30090742 1184
30090742 1184
30090743 1184
30090743 1184
30090743 1184
30090744 1184
30090744 1184
30090744 1184
30090745 1184
30090745 1184
30090745 1184
30090746 1184
30090746 1184
30090746 1184
30090747 1184
30090747 1184
30090747 1184
30090748 1184
30090748 1184
30090748 1184
30090749 1184
30090749 1184
30090749 1184
30090750 1184
30090750 1184
30090750 1184
30090751 1184
30090751 1184
30090751 1184
30090752 1186
30090752 1186
30090752 1186
30090753 1186
30090753 1186
30090753 1186
30090754 1186
30090754 1186
30090754 1186
30090755 1186
30090755 1186
30090755 1186
30090756 1186
30090756 1186
30090756 1186
30090756 1186
30090757 1186
30090757 1186
30090757 1186
30090758 1186
30090758 1186
30090758 1186
30090759 1186
30090759 1186
30090759 1186
30090800 1186
30090800 1186
30090800 1186
30090801 1186
30090801 1186
30090801 1186
30090802 1186
30090802 1186
30090802 1186
30090803 1186
30090803 1186
30090803 1186
30090804 1186
30090804 1186
30090804 1186
30090805 1186
30090805 1186
30090805 1186
30090806 1186
30090806 1186
30090806 1186
30090807 1186
30090807 1186
30090807 1186
30090808 1186
30090808 1186
30090808 1186
30090809 1186
30090809 1186
30090809 1186
30090810 1186
30090810 1186
30090810 1186
30090811 1186
30090811 1186
30090811 1186
30090812 1186
30090812 1186
30090812 1186
30090813 1186
30090813 1186
30090813 1186
30090814 1186
30090814 1186
30090814 1186
30090815 1186
30090815 1186
30090815 1186
30090816 1186
30090816 1186
30090816 1186
30090817 1186
30090817 1186
30090817 1186
30090818 1186
30090818 1186
30090818 1186
30090819 1186
30090819 1186
30090819 1186
30090820 1186
30090820 1186
30090820 1186
30090821 1186
30090821 1186
30090821 1186
30090822 1186
30090822 1186
30090822 1186
30090823 1186
30090823 1186
30090823 1186
30090824 1186
30090824 1186
30090824 1186
30090825 1186
30090825 1186
30090825 1186
30090826 1186
30090826 1186
30090826 1186
30090827 1186
30090827 1186
30090827 1186
30090828 1186
30090828 1186
30090828 1186
30090828 1186
30090829 1186
30090829 1186
30090829 1186
30090830 1186
30090830 1186
30090830 1186
30090831 1186
30090831 1186
30090831 1186
30090832 1186
30090832 1186
30090832 1186
30090833 1186
30090833 1186
30090833 1186
30090834 1186
30090834 1186
30090834 1186
30090835 1186
30090835 1186
30090835 1186
30090836 1186
30090836 1186
30090836 1186
30090837 1186
30090837 1186
30090837 1186
30090838 1186
30090838 1186
30090838 1186
30090839 1186
30090839 1186
30090839 1186
30090840 1186
30090840 1186
30090840 1186
30090841 1186
30090841 1186
30090841 1186
30090842 1186
30090842 1186
30090842 1186
30090843 1186
30090843 1186
30090843 1186
30090844 1186
30090844 1186
30090844 1186
30090845 1186
30090845 1186
30090845 1186
30090846 1186
30090846 1186
30090846 1186
30090847 1186
30090847 1186
30090847 1186
30090848 1186
30090848 1186
30090848 1186
30090849 1186
30090849 1186
30090849 1186
30090850 1186
30090850 1186
30090850 1186
30090851 1186
30090851 1186
30090851 1186
30090852 1186
30090852 1186
30090852 1186
30090853 1186
30090853 1186
30090853 1186
30090854 1186
30090854 1186
30090854 1190
30090855 1190
30090855 1190
30090855 1190
30090856 1190
30090856 1190
30090856 1190
30090857 1190
30090857 1190
30090857 1190
30090858 1190
30090858 1190
30090858 1190
30090859 1190
30090859 1190
30090859 1190
30090900 1190
30090900 1190
30090900 1190
30090901 1190
30090901 1190
30090901 1190
30090901 1190
30090902 1190
30090902 1190
30090902 1190
30090903 1190
30090903 1190
30090903 1190
30090904 1190
30090904 1190
30090904 1190
30090905 1190
30090905 1190
30090905 1190
30090906 1190
30090906 1190
30090906 1190
30090907 1190
30090907 1190
30090907 1190
30090908 1190
30090908 1190
30090908 1190
30090909 1190
30090909 1190
30090909 1190
30090910 1190
30090910 1190
30090910 1190
30090911 1190
30090911 1190
30090911 1190
30090912 1190
30090912 1190
30090912 1190
30090913 1190
30090913 1190
30090913 1190
30090914 1190
30090914 1190
30090914 1190
30090915 1190
30090915 1190
30090915 1190
30090916 1190
30090916 1190
30090916 1190
30090917 1190
30090917 1190
30090917 1190
30090918 1190
30090918 1190
30090918 1190
30090919 1190
30090919 1190
30090919 1190
30090920 1190
30090920 1190
30090920 1190
30090921 1190
30090921 1190
30090921 1190
30090922 1190
30090922 1190
30090922 1190
30090923 1190
30090923 1190
30090923 1190
30090924 1190
30090924 1190
30090924 1190
30090925 1190
30090925 1190
30090925 1190
30090926 1190
30090926 1190
30090926 1190
30090927 1190
30090927 1190
30090927 1190
30090928 1190
30090928 1190
30090928 1190
30090929 1190
30090929 1190
30090929 1190
30090930 1190
30090930 1190
30090930 1190
30090930 1190
30090931 1190
30090931 1190
30090931 1190
30090932 1190
30090932 1190
30090932 1190
30090933 1190
30090933 1190
30090933 1190
30090934 1190
30090934 1190
30090934 1190
30090935 1190
30090935 1190
30090935 1190
30090936 1190
30090936 1190
30090936 1190
30090937 1190
30090937 1190
30090937 1190
30090938 1190
30090938 1190
30090938 1190
30090939 1190
30090939 1190
30090939 1190
30090940 1190
30090940 1190
30090940 1190
30090941 1190
30090941 1190
30090941 1190
30090942 1190
30090942 1190
30090942 1190
30090943 1190
30090943 1190
30090943 1190
30090944 1190
30090944 1190
30090944 1190
30090945 1190
30090945 1190
30090945 1190
30090946 1190
30090946 1190
30090946 1190
30090947 1190
30090947 1190
30090947 1190
30090948 1190
30090948 1190
30090948 1190
30090949 1190
30090949 1190
30090949 1190
30090950 1190
30090950 1190
30090950 1190
30090951 1190
30090951 1190
30090951 1190
30090952 1190
30090952 1190
30090952 1190
30090953 1190
30090953 1190
30090953 1190
30090954 1190
30090954 1190
30090954 1190
30090955 1190
30090955 1190
30090955 1190
30090956 1190
30090956 1190
30090956 1190
30090957 1190
30090957 1190
30090957 1190
30090958 1190
30090958 1190
30090958 1190
30090959 1190
30090959 1190
30090959 1190
30091000 1190
30091000 1190
30091000 1190
30091000 1190
30091001 1190
30091001 1190
30091001 1190
30091002 1190
30091002 1190
30091002 1190
30091003 1190
30091003 1190
30091003 1190
30091004 1190
30091004 1190
30091004 1190
30091005 1190
30091005 1190
30091005 1190
30091006 1190
30091006 1190
30091006 1190
30091007 1190
30091007 1190
30091007 1190
30091008 1190
30091008 1190
30091008 1190
30091009 1190
30091009 1190
30091009 1190
30091010 1190
30091010 1190
30091010 1190
30091011 1190
30091011 1190
30091011 1190
30091012 1190
30091012 1190
30091012 1190
30091013 1190
30091013 1190
30091013 1194
30091014 1194
30091014 1194
30091014 1194
30091015 1194
30091015 1194
30091015 1194
30091016 1194
30091016 1194
30091016 1194
30091017 1194
30091017 1194
30091017 1194
30091018 1194
30091018 1194
30091018 1194
30091019 1194
30091019 1194
30091019 1194
30091020 1194
30091020 1194
30091020 1194
30091021 1194
30091021 1194
30091021 1194
30091022 1194
30091022 1194
30091022 1194
30091023 1194
30091023 1194
30091023 1194
30091024 1194
30091024 1194
30091024 1194
30091025 1194
30091025 1194
30091025 1194
30091026 1194
30091026 1194
30091026 1194
30091027 1194
30091027 1194
30091027 1194
30091028 1194
30091028 1194
30091028 1194
30091029 1194
30091029 1194
30091029 1194
30091030 1194
30091030 1194
30091030 1194
30091030 1194
30091031 1194
30091031 1194
30091031 1194
30091032 1194
30091032 1194
30091032 1194
30091033 1194
30091033 1194
30091033 1194
30091034 1194
30091034 1194
30091034 1194
30091035 1194
30091035 1194
30091035 1194
30091036 1194
30091036 1194
30091036 1194
30091037 1194
30091037 1194
30091037 1194
30091038 1194
30091038 1194
30091038 1194
30091039 1194
30091039 1194
30091039 1194
30091040 1194
30091040 1194
30091040 1194
30091041 1194
30091041 1194
30091041 1194
30091042 1194
30091042 1194
30091042 1194
30091043 1194
30091043 1194
30091043 1194
30091044 1194
30091044 1194
30091044 1194
30091045 1194
30091045 1194
30091045 1194
30091046 1194
30091046 1194
30091046 1194
30091047 1194
30091047 1120
