30053721 0
30053721 1088
30053722 1088
30053722 1088
30053722 1088
30053723 1088
30053723 1088
30053723 1092
30053724 1092
30053724 1092
30053724 1092
30053725 1092
30053725 1098
30053726 1098
30053726 1098
30053726 1098
30053727 1098
30053727 1098
30053727 1098
30053728 1102
30053728 1102
30053728 1102
30053729 1102
30053729 1102
30053729 1102
30053730 1110
30053730 1110
30053731 1110
30053731 1110
30053731 1110
30053732 1110
30053732 1110
30053732 1116
30053733 1116
30053733 1116
30053733 1116
30053734 1116
30053734 1116
30053734 1116
30053735 1124
30053735 1124
30053735 1124
30053736 1124
30053736 1124
30053736 1124
30053737 1124
30053737 1124
30053738 1130
30053738 1130
30053738 1130
30053739 1130
30053739 1130
30053739 1130
30053740 1130
30053740 1130
30053740 1138
30053741 1138
30053741 1138
30053741 1138
30053742 1138
30053742 1138
30053742 1138
30053743 1148
30053743 1148
30053744 1148
30053744 1148
30053744 1148
30053745 1148
30053745 1148
30053745 1148
30053746 1148
30053746 1156
30053746 1156
30053747 1156
30053747 1156
30053747 1156
30053748 1156
30053748 1156
30053748 1156
30053749 1164
30053749 1164
30053749 1164
30053750 1164
30053750 1164
30053750 1164
30053751 1164
30053751 1164
30053751 1164
30053752 1152
30053752 1174
30053752 1174
30053753 1174
30053753 1174
30053754 1174
30053754 1174
30053754 1174
30053755 1174
30053755 1174
30053755 1186
30053756 1186
30053756 1186
30053756 1186
30053757 1186
30053757 1186
30053757 1186
30053758 1186
30053758 1186
30053758 1186
30053759 1196
30053759 1196
30053800 1196
30053800 1196
30053800 1196
30053801 1196
30053801 1196
30053801 1196
30053802 1196
30053802 1196
30053802 1206
30053803 1206
30053803 1206
30053803 1206
30053804 1206
30053804 1206
30053804 1206
30053805 1206
30053805 1206
30053805 1206
30053806 1220
30053806 1220
30053806 1220
30053807 1220
30053807 1220
30053807 1220
30053808 1220
30053808 1220
30053809 1220
30053809 1220
30053809 1220
30053810 1232
30053810 1232
30053810 1232
30053811 1232
30053811 1232
30053811 1232
30053812 1232
30053812 1232
30053812 1232
30053813 1232
30053813 1232
30053813 1246
30053814 1246
30053814 1246
30053814 1246
30053815 1246
30053815 1246
30053815 1246
30053816 1246
30053816 1246
30053816 1246
30053817 1246
30053817 1260
30053817 1260
30053818 1260
30053818 1260
30053819 1260
30053819 1260
30053819 1260
30053820 1260
30053820 1260
30053820 1260
30053821 1260
30053821 1274
30053821 1274
30053822 1274
30053822 1274
30053822 1274
30053823 1274
30053823 1274
30053824 1274
30053824 1274
30053824 1274
30053825 1274
30053825 1290
30053825 1290
30053826 1290
30053826 1290
30053826 1290
30053827 1290
30053827 1290
30053827 1290
30053828 1290
30053828 1290
30053829 1058
30053829 1306
30053829 1306
30053830 1306
30053830 1306
30053830 1306
30053831 1306
30053831 1306
30053831 1306
30053832 1306
30053832 1306
30053832 1322
30053833 1322
30053833 1322
30053833 1322
30053834 1322
30053834 1322
30053834 1322
30053835 1322
30053835 1322
30053836 1322
30053836 1340
30053836 1340
30053837 1340
30053837 1340
30053837 1340
30053838 1340
30053838 1340
30053838 1340
30053839 1340
30053839 1340
30053839 1360
30053840 1360
30053840 1360
30053840 1360
30053841 1360
30053841 1360
30053841 1360
30053842 1360
30053842 1360
30053842 1360
30053843 1360
30053843 1378
30053843 1378
30053844 1378
30053844 1378
30053844 1378
30053845 1378
30053845 1378
30053845 1378
30053846 1378
30053846 1378
30053846 1378
30053847 1378
30053847 1400
30053847 1400
30053848 1400
30053848 1400
30053848 1400
30053849 1400
30053849 1400
30053850 1400
30053850 1400
30053850 1400
30053851 1400
30053851 1400
30053851 1420
30053852 1420
30053852 1420
30053852 1420
30053853 1420
30053853 1420
30053853 1420
30053854 1420
30053854 1420
30053854 1420
30053855 1420
30053855 1444
30053855 1444
30053856 1444
30053856 1444
30053857 1444
30053857 1444
30053857 1444
30053858 1444
30053858 1444
30053858 1444
30053859 1444
30053859 1466
30053859 1466
30053900 1466
30053900 1466
30053900 1466
30053901 1466
30053901 1466
30053901 1466
30053902 1466
30053902 1466
30053902 1466
30053903 1492
30053903 1492
30053903 1492
30053904 1492
30053904 1492
30053904 1492
30053905 1492
30053905 1492
30053906 1492
30053906 1492
30053906 1492
30053907 1492
30053907 1516
30053907 1516
30053908 1516
30053908 1516
30053908 1516
30053909 1516
30053909 1516
30053909 1516
30053910 1516
30053910 1516
30053911 1516
30053911 1516
30053911 1542
30053912 1542
30053912 1542
30053912 1542
30053913 1542
30053913 1542
30053913 1542
30053914 1542
30053914 1542
30053914 1542
30053915 1570
30053915 1570
30053915 1570
30053916 1570
30053916 1570
30053916 1570
30053917 1570
30053917 1570
30053918 1570
30053918 1598
30053918 1598
30053919 1598
30053919 1598
30053919 1598
30053920 1598
30053920 1598
30053920 1598
30053921 1598
30053921 1598
30053922 1628
30053922 1628
30053922 1628
30053923 1628
30053923 1628
30053923 1628
30053924 1628
30053924 1628
30053924 1628
30053925 1628
30053925 1660
30053925 1660
30053926 1660
30053926 1660
30053927 1660
30053927 1660
30053927 1660
30053928 1660
30053928 1692
30053928 1692
30053929 1692
30053929 1692
30053929 1692
30053930 1692
30053930 1692
30053930 1692
30053931 1692
30053931 1724
30053932 1724
30053932 1724
30053932 1724
30053933 1724
30053933 1724
30053933 1724
30053934 1724
30053934 1724
30053934 1724
30053935 1760
30053935 1760
30053936 1760
30053936 1760
30053936 1760
30053937 1760
30053937 1760
30053937 1760
30053938 1760
30053938 1024
30053939 1798
30053939 1798
30053939 1798
30053940 1798
30053940 1798
30053940 1798
30053941 1798
30053941 1798
30053941 1798
30053942 1798
30053942 1798
30053942 1834
30053943 1834
30053943 1834
30053943 1834
30053944 1834
30053944 1834
30053944 1834
30053945 1834
30053945 1834
30053945 1834
30053946 1834
30053946 1062
30053946 1062
30053947 1062
30053947 1062
30053948 1062
30053948 1062
30053948 1062
30053949 1062
30053949 1062
30053949 1062
30053950 1062
30053950 1064
30053950 1064
30053951 1064
30053951 1064
30053951 1064
30053952 1064
30053952 1064
30053952 1064
30053953 1064
30053953 1064
30053953 1064
30053954 1064
30053954 1066
30053954 1066
30053955 1066
30053955 1066
30053955 1066
30053956 1066
30053956 1066
30053956 1066
30053957 1066
30053957 1066
30053957 1066
30053958 1066
30053958 1068
30053959 1068
30053959 1068
30053959 1068
30054000 1068
30054000 1068
30054000 1068
30054001 1068
30054001 1068
30054001 1068
30054002 1068
30054002 1068
30054002 1068
30054003 1068
30054003 1068
30054003 1068
30054004 1068
30054004 1068
30054005 1068
30054005 1068
30054005 1068
30054006 1068
30054006 1070
30054006 1070
30054007 1070
30054007 1070
30054007 1070
30054008 1070
30054008 1070
30054009 1070
30054009 1070
30054009 1070
30054010 1072
30054010 1072
30054010 1072
30054011 1072
30054011 1072
30054011 1072
30054012 1072
30054012 1072
30054012 1072
30054013 1072
30054013 1072
30054013 1074
30054014 1074
30054014 1074
30054015 1074
30054015 1074
30054015 1074
30054016 1074
30054016 1074
30054016 1074
30054017 1074
30054017 1074
30054017 1076
30054018 1076
30054018 1076
30054019 1076
30054019 1076
30054019 1076
30054020 1076
30054020 1076
30054020 1076
30054021 1076
30054021 1076
30054021 1076
30054022 1078
30054022 1078
30054022 1078
30054023 1078
30054023 1078
30054024 1078
30054024 1078
30054024 1078
30054025 1078
30054025 1078
30054025 1078
30054026 1078
30054026 1080
30054026 1080
30054027 1080
30054027 1080
30054028 1080
30054028 1080
30054028 1080
30054029 1080
30054029 1080
30054029 1080
30054030 1080
30054030 1080
30054030 1080
30054031 1084
30054031 1084
30054032 1084
30054032 1084
30054032 1084
30054033 1084
30054033 1084
30054033 1084
30054034 1084
30054034 1084
30054034 1084
30054035 1084
30054035 1084
30054035 1084
30054036 1086
30054036 1086
30054036 1086
30054037 1086
30054037 1086
30054038 1086
30054038 1086
30054038 1086
30054039 1086
30054039 1086
30054039 1086
30054040 1086
30054040 1086
30054040 1086
30054041 1088
30054041 1088
30054042 1088
30054042 1088
30054042 1088
30054043 1088
30054043 1088
30054043 1088
30054044 1088
30054044 1088
30054044 1088
30054045 1088
30054045 1088
30054046 1088
30054046 1088
30054046 1090
30054047 1090
30054047 1090
30054047 1090
30054048 1090
30054048 1090
30054048 1090
30054049 1090
30054049 1090
30054049 1090
30054050 1090
30054050 1090
30054050 1090
30054051 1090
30054051 1090
30054051 1090
30054052 1090
30054052 1092
30054052 1092
30054053 1092
30054053 1092
30054053 1092
30054054 1092
30054054 1092
30054055 1092
30054055 1092
30054055 1092
30054056 1092
30054056 1092
30054056 1092
30054057 1092
30054057 1092
30054057 1092
30054058 1092
30054058 1092
30054058 1094
30054059 1094
30054059 1094
30054059 1094
30054100 1094
30054100 1094
30054100 1094
30054101 1094
30054101 1094
30054101 1094
30054102 1094
30054102 1094
30054102 1094
30054103 1094
30054103 1094
30054104 1094
30054104 1094
30054104 1094
30054105 1096
30054105 1096
30054105 1096
30054106 1096
30054106 1096
30054106 1096
30054107 1096
30054107 1096
30054107 1096
30054108 1096
30054108 1096
30054108 1096
30054109 1096
30054109 1096
30054109 1096
30054110 1096
30054110 1096
30054110 1096
30054111 1096
30054111 1174
30054111 1098
30054112 1098
30054112 1098
30054113 1098
30054113 1098
30054113 1098
30054114 1098
30054114 1098
30054114 1098
30054115 1098
30054115 1098
30054115 1098
30054116 1098
30054116 1098
30054117 1098
30054117 1098
30054117 1098
30054118 1098
30054118 1098
30054118 1102
30054119 1102
30054119 1102
30054119 1102
30054120 1102
30054120 1102
30054121 1102
30054121 1102
30054121 1102
30054122 1102
30054122 1102
30054122 1102
30054123 1102
30054123 1102
30054123 1102
30054124 1102
30054124 1102
30054125 1102
30054125 1102
30054125 1102
30054126 1020
30054126 1104
30054126 1104
30054127 1104
30054127 1104
30054127 1104
30054128 1104
30054128 1104
30054128 1104
30054129 1104
30054129 1104
30054130 1104
30054130 1104
30054130 1104
30054131 1104
30054131 1104
30054131 1104
30054132 1104
30054132 1104
30054132 1104
30054133 1104
30054133 1104
30054134 1106
30054134 1106
30054134 1106
30054135 1106
30054135 1106
30054135 1106
30054136 1106
30054136 1106
30054136 1106
30054137 1106
30054137 1106
30054137 1106
30054138 1106
30054138 1106
30054138 1106
30054139 1106
30054139 1106
30054139 1106
30054140 1106
30054140 1106
30054141 1106
30054141 1106
30054141 1106
30054142 1108
30054142 1108
30054142 1108
30054143 1108
30054143 1108
30054143 1108
30054144 1108
30054144 1108
30054144 1108
30054145 1108
30054145 1108
30054145 1108
30054146 1108
30054146 1108
30054146 1108
30054147 1108
30054147 1108
30054147 1108
30054148 1108
30054148 1108
30054148 1108
30054149 1108
30054149 1108
30054150 1108
30054150 1112
30054150 1112
30054151 1112
30054151 1112
30054151 1112
30054152 1112
30054152 1112
30054152 1112
30054153 1112
30054153 1112
30054153 1112
30054154 1112
30054154 1112
30054154 1112
30054155 1112
30054155 1112
30054155 1112
30054156 1112
30054156 1112
30054156 1112
30054157 1112
30054157 1112
30054157 1112
30054158 1112
30054158 1112
30054159 1114
30054159 1114
30054159 1114
30054200 1114
30054200 1114
30054200 1114
30054201 1114
30054201 1114
30054201 1114
30054202 1114
30054202 1114
30054202 1114
30054203 1114
30054203 1114
30054203 1114
30054204 1114
30054204 1114
30054204 1114
30054205 1114
30054205 1114
30054205 1114
30054206 1114
30054206 1114
30054207 1114
30054207 1114
30054207 1114
30054208 1114
30054208 1118
30054208 1118
30054209 1118
30054209 1118
30054209 1118
30054210 1118
30054210 1118
30054210 1118
30054211 1118
30054211 1118
30054212 1118
30054212 1118
30054212 1118
30054213 1118
30054213 1118
30054213 1118
30054214 1118
30054214 1118
30054214 1118
30054215 1118
30054215 1118
30054215 1118
30054216 1118
30054216 1118
30054217 1118
30054217 1118
30054217 1120
30054218 1120
30054218 1120
30054218 1120
30054219 1120
30054219 1120
30054219 1120
30054220 1120
30054220 1120
30054220 1120
30054221 1120
30054221 1120
30054222 1120
30054222 1120
30054222 1120
30054223 1120
30054223 1120
30054223 1120
30054224 1120
30054224 1120
30054224 1120
30054225 1120
30054225 1120
30054225 1120
30054226 1120
30054226 1120
30054226 1120
30054227 1120
30054227 1120
30054227 1122
30054228 1122
30054228 1122
30054228 1122
30054229 1122
30054229 1122
30054229 1122
30054230 1122
30054230 1122
30054230 1122
30054231 1122
30054231 1122
30054232 1122
30054232 1122
30054232 1122
30054233 1122
30054233 1122
30054233 1122
30054234 1122
30054234 1122
30054234 1122
30054235 1122
30054235 1122
30054235 1122
30054236 1122
30054236 1122
30054236 1122
30054237 1122
30054237 1122
30054237 1122
30054238 1126
30054238 1126
30054238 1126
30054239 1126
30054239 1126
30054239 1126
30054240 1126
30054240 1126
30054241 1126
30054241 1126
30054241 1126
30054242 1126
30054242 1126
30054242 1126
30054243 1126
30054243 1126
30054243 1126
30054244 1126
30054244 1126
30054244 1126
30054245 1126
30054245 1126
30054245 1126
30054246 1126
30054246 1126
30054246 1126
30054247 1126
30054247 1126
30054247 1126
30054248 1126
30054248 1126
30054248 1130
30054249 1130
30054249 1130
30054250 1130
30054250 1130
30054250 1130
30054251 1130
30054251 1130
30054251 1130
30054252 1130
30054252 1130
30054252 1130
30054253 1130
30054253 1130
30054253 1130
30054254 1130
30054254 1130
30054254 1130
30054255 1130
30054255 1130
30054255 1130
30054256 1130
30054256 1130
30054256 1130
30054257 1130
30054257 1130
30054258 1130
30054258 1130
30054258 1130
30054259 1130
30054259 1130
30054259 1130
30054300 1130
30054300 1132
30054300 1132
30054301 1132
30054301 1132
30054301 1132
30054302 1132
30054302 1132
30054302 1132
30054303 1132
30054303 1132
30054303 1132
30054304 1132
30054304 1132
30054304 1132
30054305 1132
30054305 1132
30054305 1132
30054306 1132
30054306 1132
30054306 1132
30054307 1132
30054307 1132
30054308 1132
30054308 1132
30054308 1132
30054309 1132
30054309 1132
30054309 1132
30054310 1132
30054310 1132
30054310 1132
30054311 1132
30054311 1132
30054311 1136
30054312 1136
30054312 1136
30054313 1136
30054313 1136
30054313 1136
30054314 1136
30054314 1136
30054314 1136
30054315 1136
30054315 1136
30054315 1136
30054316 1136
30054316 1136
30054316 1136
30054317 1136
30054317 1136
30054317 1136
30054318 1136
30054318 1136
30054318 1136
30054319 1136
30054319 1136
30054320 1136
30054320 1136
30054320 1136
30054321 1136
30054321 1136
30054321 1136
30054322 1136
30054322 1136
30054322 1136
30054323 1136
30054323 1136
30054323 1136
30054324 1136
30054324 1138
30054324 1138
30054325 1138
30054325 1138
30054325 1138
30054326 1138
30054326 1138
30054327 1138
30054327 1138
30054327 1138
30054328 1138
30054328 1138
30054328 1138
30054329 1138
30054329 1138
30054329 1138
30054330 1138
30054330 1138
30054330 1138
30054331 1138
30054331 1138
30054331 1138
30054332 1138
30054332 1138
30054332 1138
30054333 1138
30054333 1138
30054333 1138
30054334 1138
30054334 1138
30054334 1138
30054335 1138
30054335 1138
30054335 1138
30054336 1138
30054336 1138
30054337 1138
30054337 1142
30054337 1142
30054338 1142
30054338 1142
30054338 1142
30054339 1142
30054339 1142
30054339 1142
30054340 1142
30054340 1142
30054340 1142
30054341 1142
30054341 1142
30054341 1142
30054342 1142
30054342 1142
30054342 1142
30054343 1142
30054343 1142
30054343 1142
30054344 1142
30054344 1142
30054344 1142
30054345 1142
30054345 1142
30054346 1142
30054346 1142
30054346 1142
30054347 1142
30054347 1142
30054347 1142
30054348 1142
30054348 1142
30054348 1142
30054349 1142
30054349 1142
30054350 1142
30054350 1142
30054350 1146
30054351 1146
30054351 1146
30054351 1146
30054352 1146
30054352 1146
30054352 1146
30054353 1146
30054353 1146
30054353 1146
30054354 1146
30054354 1146
30054354 1146
30054355 1146
30054355 1146
30054355 1146
30054356 1146
30054356 1146
30054356 1146
30054357 1146
30054357 1146
30054358 1146
30054358 1146
30054358 1146
30054359 1146
30054359 1146
30054359 1146
30054400 1146
30054400 1146
30054400 1146
30054401 1146
30054401 1146
30054401 1146
30054402 1146
30054402 1146
30054402 1146
30054403 1146
30054403 1146
30054404 1146
30054404 1146
30054404 1148
30054405 1148
30054405 1148
30054405 1148
30054406 1148
30054406 1148
30054406 1148
30054407 1148
30054407 1148
30054407 1148
30054408 1148
30054408 1148
30054408 1148
30054409 1148
30054409 1148
30054409 1148
30054410 1148
30054410 1148
30054410 1148
30054411 1148
30054411 1148
30054411 1148
30054412 1148
30054412 1148
30054412 1148
30054413 1148
30054413 1148
30054414 1148
30054414 1148
30054414 1148
30054415 1148
30054415 1148
30054415 1148
30054416 1148
30054416 1148
30054416 1148
30054417 1148
30054417 1148
30054417 1148
30054418 1148
30054418 1148
30054418 1148
30054419 1152
30054419 1152
30054419 1152
30054420 1152
30054420 1152
30054420 1152
30054421 1152
30054421 1152
30054421 1152
30054422 1152
30054422 1152
30054423 1152
30054423 1152
30054423 1152
30054424 1152
30054424 1152
30054424 1152
30054425 1152
30054425 1152
30054425 1152
30054426 1152
30054426 1152
30054426 1152
30054427 1152
30054427 1152
30054427 1152
30054428 1152
30054428 1152
30054428 1152
30054429 1152
30054429 1152
30054429 1152
30054430 1152
30054430 1152
30054430 1152
30054431 1152
30054431 1152
30054432 1152
30054432 1152
30054432 1152
30054433 1152
30054433 1152
30054433 1152
30054434 1156
30054434 1156
30054434 1156
30054435 1156
30054435 1156
30054435 1156
30054436 1156
30054436 1156
30054436 1156
30054437 1156
30054437 1156
30054437 1156
30054438 1156
30054438 1156
30054438 1156
30054439 1156
30054439 1156
30054439 1156
30054440 1156
30054440 1156
30054440 1156
30054441 1156
30054441 1156
30054442 1156
30054442 1156
30054442 1156
30054443 1156
30054443 1156
30054443 1156
30054444 1156
30054444 1156
30054444 1156
30054445 1156
30054445 1156
30054445 1156
30054446 1156
30054446 1156
30054446 1156
30054447 1156
30054447 1156
30054447 1156
30054448 1156
30054448 1156
30054448 1156
30054449 1156
30054449 1160
30054449 1160
30054450 1160
30054450 1160
30054450 1160
30054451 1160
30054451 1160
30054452 1160
30054452 1160
30054452 1160
30054453 1160
30054453 1160
30054453 1160
30054454 1160
30054454 1160
30054454 1160
30054455 1160
30054455 1160
30054455 1160
30054456 1160
30054456 1160
30054456 1160
30054457 1160
30054457 1160
30054457 1160
30054458 1160
30054458 1160
30054458 1160
30054459 1160
30054459 1160
30054459 1160
30054500 1160
30054500 1160
30054501 1160
30054501 1160
30054501 1160
30054502 1160
30054502 1160
30054502 1160
30054503 1160
30054503 1160
30054503 1160
30054504 1160
30054504 1160
30054504 1160
30054505 1160
30054505 1160
30054505 1160
30054506 1164
30054506 1164
30054506 1164
30054507 1164
30054507 1164
30054507 1164
30054508 1164
30054508 1164
30054509 1164
30054509 1164
30054509 1164
30054510 1164
30054510 1164
30054510 1164
30054511 1164
30054511 1164
30054511 1164
30054512 1164
30054512 1164
30054512 1164
30054513 1164
30054513 1164
30054513 1164
30054514 1164
30054514 1164
30054514 1164
30054515 1164
30054515 1164
30054515 1164
30054516 1164
30054516 1164
30054516 1164
30054517 1164
30054517 1164
30054518 1164
30054518 1164
30054518 1164
30054519 1164
30054519 1164
30054519 1164
30054520 1164
30054520 1164
30054520 1164
30054521 1164
30054521 1164
30054521 1164
30054522 1164
30054522 1164
30054522 1164
30054523 1168
30054523 1168
30054523 1168
30054524 1168
30054524 1168
30054524 1168
30054525 1168
30054525 1168
30054525 1168
30054526 1168
30054526 1168
30054527 1168
30054527 1168
30054527 1168
30054528 1168
30054528 1168
30054528 1168
30054529 1168
30054529 1168
30054529 1168
30054530 1168
30054530 1168
30054530 1168
30054531 1168
30054531 1168
30054531 1168
30054532 1168
30054532 1168
30054532 1168
30054533 1168
30054533 1168
30054533 1168
30054534 1168
30054534 1168
30054534 1168
30054535 1168
30054535 1168
30054535 1168
30054536 1168
30054536 1168
30054537 1168
30054537 1168
30054537 1168
30054538 1168
30054538 1168
30054538 1168
30054539 1168
30054539 1168
30054539 1168
30054540 1168
30054540 1168
30054540 1168
30054541 1174
30054541 1174
30054541 1174
30054542 1174
30054542 1174
30054542 1174
30054543 1174
30054543 1174
30054543 1174
30054544 1174
30054544 1174
30054544 1174
30054545 1174
30054545 1174
30054545 1174
30054546 1174
30054546 1174
30054547 1174
30054547 1174
30054547 1174
30054548 1174
30054548 1174
30054548 1174
30054549 1174
30054549 1174
30054549 1174
30054550 1174
30054550 1174
30054550 1174
30054551 1174
30054551 1174
30054551 1174
30054552 1174
30054552 1174
30054552 1174
30054553 1174
30054553 1174
30054553 1174
30054554 1174
30054554 1174
30054554 1174
30054555 1174
30054555 1174
30054555 1174
30054556 1174
30054556 1174
30054556 1174
30054557 1174
30054557 1174
30054557 1174
30054558 1174
30054558 1174
30054558 1174
30054559 1174
30054559 1178
30054559 1178
30054600 1178
30054600 1178
30054600 1178
30054601 1178
30054601 1178
30054602 1178
30054602 1178
30054602 1178
30054603 1178
30054603 1178
30054603 1178
30054604 1178
30054604 1178
30054604 1178
30054605 1178
30054605 1178
30054605 1178
30054606 1178
30054606 1178
30054606 1178
30054607 1178
30054607 1178
30054607 1178
30054608 1178
30054608 1178
30054608 1178
30054609 1178
30054609 1178
30054609 1178
30054610 1178
30054610 1178
30054610 1182
30054611 1182
30054611 1182
30054611 1182
30054612 1182
30054612 1182
30054612 1182
30054613 1182
30054613 1182
30054613 1182
30054614 1182
30054614 1182
30054614 1182
30054615 1182
30054615 1182
30054615 1182
30054616 1182
30054616 1182
30054616 1182
30054617 1182
30054617 1182
30054617 1182
30054618 1182
30054618 1182
30054618 1182
30054619 1182
30054619 1182
30054619 1182
30054620 1182
30054620 1182
30054620 1182
30054621 1182
30054621 1182
30054621 1182
30054622 1186
30054622 1186
30054622 1186
30054623 1186
30054623 1186
30054623 1186
30054624 1186
30054624 1186
30054624 1186
30054625 1186
30054625 1186
30054625 1186
30054626 1186
30054626 1186
30054627 1186
30054627 1186
30054627 1186
30054628 1186
30054628 1186
30054628 1186
30054629 1186
30054629 1186
30054629 1186
30054630 1186
30054630 1186
30054630 1186
30054631 1186
30054631 1186
30054631 1186
30054632 1186
30054632 1186
30054632 1186
30054633 1186
30054633 1186
30054633 1186
30054634 1186
30054634 1190
30054634 1190
30054635 1190
30054635 1190
30054635 1190
30054636 1190
30054636 1190
30054636 1190
30054637 1190
30054637 1190
30054637 1190
30054638 1190
30054638 1190
30054638 1190
30054639 1190
30054639 1190
30054639 1190
30054640 1190
30054640 1190
30054640 1190
30054641 1190
30054641 1190
30054641 1190
30054642 1190
30054642 1190
30054642 1190
30054643 1190
30054643 1190
30054643 1190
30054644 1190
30054644 1190
30054644 1190
30054645 1190
30054645 1190
30054645 1190
30054646 1190
30054646 1190
30054646 1194
30054647 1194
30054647 1194
30054647 1194
30054648 1194
30054648 1194
30054649 1194
30054649 1194
30054649 1194
30054650 1194
30054650 1194
30054650 1194
30054651 1194
30054651 1194
30054651 1194
30054652 1194
30054652 1194
30054652 1194
30054653 1194
30054653 1194
30054653 1194
30054654 1194
30054654 1194
30054654 1194
30054655 1194
30054655 1194
30054655 1194
30054656 1194
30054656 1194
30054656 1194
30054657 1194
30054657 1194
30054657 1194
30054658 1194
30054658 1194
30054658 1194
30054659 1194
30054659 1198
30054700 1198
30054700 1198
30054700 1198
30054701 1198
30054701 1198
30054701 1198
30054702 1198
30054702 1198
30054702 1198
30054703 1198
30054703 1198
30054703 1198
30054704 1198
30054704 1198
30054704 1198
30054705 1198
30054705 1198
30054705 1198
30054706 1198
30054706 1198
30054706 1198
30054707 1198
30054707 1198
30054707 1198
30054708 1198
30054708 1198
30054708 1198
30054709 1198
30054709 1198
30054710 1198
30054710 1198
30054710 1198
30054711 1198
30054711 1198
30054711 1198
30054712 1198
30054712 1198
30054712 1204
30054713 1204
30054713 1204
30054713 1204
30054714 1204
30054714 1204
30054714 1204
30054715 1204
30054715 1204
30054715 1204
30054716 1204
30054716 1204
30054716 1204
30054717 1204
30054717 1204
30054717 1204
30054718 1204
30054718 1204
30054718 1204
30054719 1204
30054719 1204
30054720 1204
30054720 1204
30054720 1204
30054721 1204
30054721 1204
30054721 1204
30054722 1204
30054722 1204
30054722 1204
30054723 1204
30054723 1204
30054723 1204
30054724 1204
30054724 1204
30054724 1204
30054725 1204
30054725 1204
30054725 1204
30054726 1204
30054726 1208
30054726 1208
30054727 1208
30054727 1208
30054727 1208
30054728 1208
30054728 1208
30054728 1208
30054729 1208
30054729 1208
30054729 1208
30054730 1208
30054730 1208
30054731 1208
30054731 1208
30054731 1208
30054732 1208
30054732 1208
30054732 1208
30054733 1208
30054733 1208
30054733 1208
30054734 1208
30054734 1208
30054734 1208
30054735 1208
30054735 1208
30054735 1208
30054736 1208
30054736 1208
30054736 1208
30054737 1208
30054737 1208
30054737 1208
30054738 1208
30054738 1208
30054738 1208
30054739 1208
30054739 1208
30054739 1208
30054740 1212
30054740 1212
30054740 1212
30054741 1212
30054741 1212
30054742 1212
30054742 1212
30054742 1212
30054743 1212
30054743 1212
30054743 1212
30054744 1212
30054744 1212
30054744 1212
30054745 1212
30054745 1212
30054745 1212
30054746 1212
30054746 1212
30054746 1212
30054747 1212
30054747 1212
30054747 1212
30054748 1212
30054748 1212
30054748 1212
30054749 1212
30054749 1212
30054750 1212
30054750 1212
30054750 1212
30054751 1212
30054751 1212
30054751 1212
30054752 1212
30054752 1212
30054752 1212
30054753 1212
30054753 1212
30054753 1212
30054754 1212
30054754 1410
30054754 1218
30054755 1218
30054755 1218
30054755 1218
30054756 1218
30054756 1218
30054756 1218
30054757 1218
30054757 1218
30054757 1218
30054758 1218
30054758 1218
30054758 1218
30054759 1218
30054759 1218
30054759 1218
30054800 1218
30054800 1218
30054801 1218
30054801 1218
30054801 1218
30054802 1218
30054802 1218
30054802 1218
30054803 1218
30054803 1218
30054803 1218
30054804 1218
30054804 1218
30054804 1218
30054805 1218
30054805 1218
30054805 1218
30054806 1218
30054806 1218
30054806 1218
30054807 1218
30054807 1218
30054807 1218
30054808 1218
30054808 1218
30054808 1218
30054809 1222
30054809 1222
30054810 1222
30054810 1222
30054810 1222
30054811 1222
30054811 1222
30054811 1222
30054812 1222
30054812 1222
30054812 1222
30054813 1222
30054813 1222
30054813 1222
30054814 1222
30054814 1222
30054814 1222
30054815 1222
30054815 1222
30054815 1222
30054816 1222
30054816 1222
30054817 1222
30054817 1222
30054817 1222
30054818 1222
30054818 1222
30054818 1222
30054819 1222
30054819 1222
30054819 1222
30054820 1222
30054820 1222
30054820 1222
30054821 1222
30054821 1222
30054821 1222
30054822 1222
30054822 1222
30054822 1222
30054823 1222
30054823 1222
30054823 1222
30054824 1222
30054824 1228
30054824 1228
30054825 1228
30054825 1228
30054825 1228
30054826 1228
30054826 1228
30054826 1228
30054827 1228
30054827 1228
30054828 1228
30054828 1228
30054828 1228
30054829 1228
30054829 1228
30054829 1228
30054830 1228
30054830 1228
30054830 1228
30054831 1228
30054831 1228
30054831 1228
30054832 1228
30054832 1228
30054832 1228
30054833 1228
30054833 1228
30054833 1228
30054834 1228
30054834 1228
30054834 1228
30054835 1228
30054835 1228
30054836 1228
30054836 1228
30054836 1228
30054837 1228
30054837 1228
30054837 1228
30054838 1228
30054838 1228
30054838 1228
30054839 1228
30054839 1228
30054839 1228
30054840 1228
30054840 1232
30054840 1232
30054841 1232
30054841 1232
30054841 1232
30054842 1232
30054842 1232
30054842 1232
30054843 1238
30054843 1238
30054843 1238
30054844 1238
30054844 1238
30054844 1238
30054845 1238
30054845 1238
30054845 1244
30054846 1244
30054846 1244
30054846 1244
30054847 1244
30054847 1244
30054848 1244
30054848 1248
30054848 1248
30054849 1248
30054849 1248
30054849 1248
30054850 1248
30054850 1248
30054850 1248
30054851 1254
30054851 1254
30054851 1254
30054852 1254
30054852 1254
30054852 1254
30054853 1254
30054853 1254
30054853 1260
30054854 1260
30054854 1260
30054854 1260
30054855 1260
30054855 1260
30054855 1260
30054856 1266
30054856 1266
30054856 1266
30054857 1266
30054857 1266
30054857 1266
30054858 1266
30054858 1272
30054858 1272
30054859 1272
30054859 1272
30054900 1272
30054900 1280
30054900 1280
30054901 1280
30054901 1280
30054901 1280
30054902 1280
30054902 1298
30054902 1298
30054903 1298
30054903 1298
30054903 1298
30054904 1608
30054904 1318
30054904 1318
30054905 1318
30054905 1318
30054905 1318
30054906 1318
30054906 1028
30054906 1028
30054907 1028
30054907 1028
30054907 1028
30054908 1028
30054908 1028
30054908 1028
30054909 1028
30054909 1028
30054910 1028
30054910 1028
30054910 1028
30054911 1028
30054911 1028
30054911 1028
30054912 1028
30054912 1028
30054912 1028
30054913 1028
30054913 1028
30054913 1028
30054914 1028
30054914 1030
30054914 1030
30054915 1030
30054915 1030
30054915 1030
30054916 1030
30054916 1030
30054916 1030
30054917 1030
30054917 1030
30054917 1030
30054918 1030
30054918 1030
30054918 1030
30054919 1030
30054919 1030
30054919 1030
30054920 1030
30054920 1030
30054921 1030
30054921 1030
30054921 1030
30054922 1030
30054922 1030
30054922 1030
30054923 1030
30054923 1030
30054923 1030
30054924 1030
30054924 1030
30054924 1030
30054925 1030
30054925 1030
30054925 1030
30054926 1030
30054926 1032
30054926 1032
30054927 1032
30054927 1032
30054927 1032
30054928 1032
30054928 1032
30054929 1032
30054929 1032
30054929 1032
30054930 1032
30054930 1032
30054930 1032
30054931 1032
30054931 1032
30054931 1032
30054932 1032
30054932 1032
30054932 1032
30054933 1032
30054933 1032
30054934 1032
30054934 1032
30054934 1032
30054935 1032
30054935 1032
30054935 1032
30054936 1032
30054936 1032
30054936 1032
30054937 1032
30054937 1032
30054937 1032
30054938 1032
30054938 1032
30054938 1032
30054939 1032
30054939 1032
30054939 1032
30054940 1032
30054940 1032
30054941 1032
30054941 1032
30054941 1032
30054942 1034
30054942 1034
30054942 1034
30054943 1034
30054943 1034
30054943 1034
30054944 1034
30054944 1034
30054944 1034
30054945 1034
30054945 1034
30054945 1034
30054946 1034
30054946 1034
30054946 1036
30054947 1036
30054947 1036
30054947 1036
30054948 1036
30054948 1036
30054948 1036
30054949 1036
30054949 1036
30054949 1036
30054950 1036
30054950 1036
30054951 1036
30054951 1036
30054951 1036
30054952 1036
30054952 1036
30054952 1036
30054953 1036
30054953 1036
30054953 1036
30054954 1036
30054954 1036
30054954 1036
30054955 1036
30054955 1036
30054955 1036
30054956 1036
30054956 1036
30054956 1036
30054957 1036
30054957 1036
30054958 1036
30054958 1036
30054958 1036
30054959 1036
30054959 1036
30054959 1036
30055000 1036
30055000 1036
30055000 1036
30055001 1036
30055001 1036
30055002 1036
30055002 1036
30055002 1036
30055003 1036
30055003 1036
30055003 1036
30055004 1036
30055004 1036
30055004 1036
30055005 1036
30055005 1036
30055005 1036
30055006 1036
30055006 1036
30055006 1036
30055007 1036
30055007 1036
30055007 1036
30055008 1036
30055008 1036
30055008 1036
30055009 1036
30055009 1036
30055010 1036
30055010 1036
30055010 1036
30055011 1036
30055011 1036
30055011 1036
30055012 1036
30055012 1036
30055012 1036
30055013 1036
30055013 1036
30055013 1036
30055014 1036
30055014 1038
30055014 1038
30055015 1038
30055015 1038
30055015 1038
30055016 1038
30055016 1038
30055016 1038
30055017 1038
30055017 1038
30055017 1038
30055018 1038
30055018 1038
30055018 1038
30055019 1038
30055019 1038
30055019 1038
30055020 1038
30055020 1038
30055020 1038
30055021 1038
30055021 1038
30055021 1038
30055022 1038
30055022 1038
30055023 1038
30055023 1038
30055023 1038
30055024 1038
30055024 1038
30055024 1038
30055025 1038
30055025 1038
30055025 1038
30055026 1038
30055026 1038
30055026 1038
30055027 1038
30055027 1038
30055027 1038
30055028 1038
30055028 1040
30055028 1040
30055029 1040
30055029 1040
30055029 1040
30055030 1040
30055030 1040
30055031 1040
30055031 1040
30055031 1040
30055032 1040
30055032 1040
30055032 1040
30055033 1040
30055033 1040
30055033 1040
30055034 1040
30055034 1040
30055034 1040
30055035 1040
30055035 1040
30055035 1040
30055036 1040
30055036 1040
30055036 1040
30055037 1040
30055037 1040
30055037 1040
30055038 1040
30055038 1040
30055038 1040
30055039 1040
30055039 1040
30055039 1040
30055040 1040
30055040 1040
30055041 1040
30055041 1040
30055041 1040
30055042 1040
30055042 1040
30055042 1040
30055043 1040
30055043 1040
30055043 1040
30055044 1040
30055044 1040
30055044 1040
30055045 1040
30055045 1040
30055045 1040
30055046 1040
30055046 1040
30055046 1040
30055047 1040
30055047 1040
30055047 1040
30055048 1040
30055048 1040
30055049 1040
30055049 1040
30055049 1040
30055050 1040
30055050 1040
30055050 1040
30055051 1040
30055051 1040
30055051 1040
30055052 1040
30055052 1040
30055052 1040
30055053 1040
30055053 1040
30055053 1040
30055054 1040
30055054 1040
30055055 1040
30055055 1042
30055055 1042
30055056 1042
30055056 1042
30055056 1042
30055057 1042
30055057 1042
30055057 1042
30055058 1042
30055058 1042
30055058 1042
30055059 1042
30055059 1042
30055059 1042
30055100 1042
30055100 1042
30055100 1042
30055101 1042
30055101 1042
30055101 1042
30055102 1042
30055102 1042
30055102 1042
30055103 1042
30055103 1042
30055103 1042
30055104 1042
30055104 1042
30055104 1042
30055105 1042
30055105 1042
30055105 1062
30055106 1042
30055106 1042
30055106 1042
30055107 1042
30055107 1042
30055107 1042
30055108 1042
30055108 1042
30055108 1042
30055109 1042
30055109 1042
30055110 1042
30055110 1042
30055110 1042
30055111 1042
30055111 1042
30055111 1042
30055112 1042
30055112 1042
30055112 1042
30055113 1042
30055113 1042
30055113 1042
30055114 1042
30055114 1042
30055114 1042
30055115 1042
30055115 1042
30055115 1042
30055116 1042
30055116 1042
30055116 1042
30055117 1042
30055117 1044
30055118 1044
30055118 1044
30055118 1044
30055119 1044
30055119 1044
30055119 1044
30055120 1044
30055120 1044
30055120 1044
30055121 1044
30055121 1044
30055122 1044
30055122 1044
30055122 1044
30055123 1044
30055123 1044
30055123 1044
30055124 1044
30055124 1044
30055124 1044
30055125 1044
30055125 1044
30055125 1044
30055126 1044
30055126 1044
30055126 1044
30055127 1044
30055127 1044
30055128 1044
30055128 1044
30055128 1044
30055129 1044
30055129 1044
30055129 1044
30055130 1044
30055130 1044
30055130 1044
30055131 1044
30055131 1044
30055131 1044
30055132 1044
30055132 1044
30055132 1044
30055133 1044
30055133 1044
30055133 1044
30055134 1044
30055134 1044
30055134 1044
30055135 1044
30055135 1044
30055136 1044
30055136 1044
30055136 1044
30055137 1044
30055137 1044
30055137 1044
30055138 1044
30055138 1044
30055138 1044
30055139 1044
30055139 1044
30055139 1044
30055140 1044
30055140 1044
30055140 1044
30055141 1044
30055141 1044
30055141 1044
30055142 1044
30055142 1044
30055142 1044
30055143 1044
30055143 1044
30055143 1044
30055144 1046
30055144 1046
30055144 1046
30055145 1046
30055145 1046
30055145 1046
30055146 1046
30055146 1046
30055146 1046
30055147 1046
30055147 1046
30055147 1046
30055148 1046
30055148 1046
30055148 1046
30055149 1046
30055149 1046
30055150 1046
30055150 1046
30055150 1046
30055151 1046
30055151 1046
30055151 1046
30055152 1046
30055152 1046
30055152 1046
30055153 1046
30055153 1046
30055153 1046
30055154 1046
30055154 1046
30055154 1046
30055155 1046
30055155 1046
30055155 1046
30055156 1046
30055156 1046
30055156 1046
30055157 1046
30055157 1046
30055157 1046
30055158 1046
30055158 1046
30055158 1046
30055159 1046
30055159 1046
30055159 1046
30055200 1046
30055200 1046
30055201 1046
30055201 1046
30055201 1046
30055202 1046
30055202 1046
30055202 1046
30055203 1046
30055203 1046
30055203 1046
30055204 1046
30055204 1046
30055204 1046
30055205 1046
30055205 1046
30055206 1046
30055206 1046
30055206 1046
30055207 1046
30055207 1046
30055207 1046
30055208 1046
30055208 1046
30055208 1046
30055209 1046
30055209 1046
30055209 1046
30055210 1046
30055210 1046
30055211 1046
30055211 1046
30055211 1046
30055212 1046
30055212 1046
30055212 1046
30055213 1046
30055213 1046
30055213 1046
30055214 1046
30055214 1046
30055214 1046
30055215 1046
30055215 1048
30055215 1048
30055216 1048
30055216 1048
30055217 1048
30055217 1048
30055217 1048
30055218 1048
30055218 1048
30055218 1048
30055219 1048
30055219 1048
30055219 1048
30055220 1048
30055220 1048
30055221 1048
30055221 1048
30055221 1048
30055222 1048
30055222 1048
30055222 1048
30055223 1048
30055223 1048
30055223 1048
30055224 1048
30055224 1048
30055225 1048
30055225 1048
30055225 1048
30055226 1048
30055226 1048
30055226 1048
30055227 1048
30055227 1048
30055227 1048
30055228 1048
30055228 1048
30055229 1048
30055229 1048
30055229 1048
30055230 1048
30055230 1048
30055230 1048
30055231 1048
30055231 1048
30055231 1048
30055232 1048
30055232 1048
30055232 1048
30055233 1048
30055233 1048
30055234 1048
30055234 1048
30055234 1048
30055235 1048
30055235 1048
30055235 1048
30055236 1048
30055236 1048
30055236 1048
30055237 1048
30055237 1048
30055237 1048
30055238 1048
30055238 1048
30055239 1048
30055239 1048
30055239 1048
30055240 1048
30055240 1048
30055240 1048
30055241 1048
30055241 1048
30055241 1048
30055242 1048
30055242 1048
30055242 1048
30055243 1048
30055243 1048
30055244 1048
30055244 1048
30055244 1048
30055245 1048
30055245 1048
30055245 1048
30055246 1048
30055246 1048
30055246 1048
30055247 1048
30055247 1048
30055247 1048
30055248 1048
30055248 1048
30055248 1048
30055249 1048
30055249 1048
30055249 1048
30055250 1048
30055250 1048
30055250 1048
30055251 1048
30055251 1048
30055251 1048
30055252 1048
30055252 1048
30055252 1050
30055253 1050
30055253 1050
30055253 1050
30055254 1050
30055254 1050
30055254 1050
30055255 1050
30055255 1050
30055255 1050
30055256 1050
30055256 1050
30055256 1050
30055257 1050
30055257 1050
30055257 1050
30055258 1050
30055258 1050
30055258 1050
30055259 1050
30055259 1050
30055300 1050
30055300 1050
30055300 1050
30055301 1050
30055301 1050
30055301 1050
30055302 1050
30055302 1050
30055302 1050
30055303 1050
30055303 1050
30055303 1050
30055304 1050
30055304 1050
30055304 1050
30055305 1050
30055305 1050
30055305 1050
30055306 1050
30055306 1050
30055306 1050
30055307 1050
30055307 1050
30055307 1050
30055308 1050
30055308 1050
30055308 1050
30055309 1050
30055309 1050
30055309 1050
30055310 1050
30055310 1050
30055311 1050
30055311 1050
30055311 1050
30055312 1050
30055312 1050
30055312 1050
30055313 1050
30055313 1050
30055313 1050
30055314 1050
30055314 1050
30055314 1050
30055315 1050
30055315 1050
30055315 1050
30055316 1050
30055316 1050
30055316 1050
30055317 1050
30055317 1050
30055317 1050
30055318 1050
30055318 1050
30055318 1050
30055319 1050
30055319 1050
30055320 1050
30055320 1050
30055320 1050
30055321 1050
30055321 1050
30055321 1050
30055322 1050
30055322 1050
30055322 1050
30055323 1050
30055323 1050
30055323 1050
30055324 1050
30055324 1050
30055324 1050
30055325 1050
30055325 1050
30055325 1050
30055326 1050
30055326 1050
30055326 1050
30055327 1050
30055327 1050
30055328 1050
30055328 1050
30055328 1050
30055329 1050
30055329 1050
30055329 1050
30055330 1050
30055330 1050
30055330 1050
30055331 1050
30055331 1050
30055331 1050
30055332 1050
30055332 1050
30055332 1050
30055333 1050
30055333 1050
30055334 1050
30055334 1050
30055334 1052
30055335 1052
30055335 1052
30055335 1052
30055336 1052
30055336 1052
30055336 1052
30055337 1052
30055337 1052
30055337 1052
30055338 1052
30055338 1052
30055338 1052
30055339 1052
30055339 1052
30055339 1052
30055340 1052
30055340 1052
30055340 1052
30055341 1052
30055341 1052
30055341 1052
30055342 1052
30055342 1052
30055343 1052
30055343 1052
30055343 1052
30055344 1052
30055344 1052
30055344 1052
30055345 1052
30055345 1052
30055345 1052
30055346 1052
30055346 1052
30055346 1052
30055347 1052
30055347 1052
30055348 1052
30055348 1052
30055348 1052
30055349 1052
30055349 1052
30055349 1052
30055350 1052
30055350 1052
30055350 1052
30055351 1052
30055351 1052
30055351 1052
30055352 1052
30055352 1052
30055353 1052
30055353 1052
30055353 1052
30055354 1052
30055354 1052
30055354 1052
30055355 1052
30055355 1052
30055355 1052
30055356 1052
30055356 1052
30055356 1052
30055357 1052
30055357 1052
30055357 1052
30055358 1052
30055358 1052
30055358 1052
30055359 1052
30055359 1052
30055359 1052
30055400 1052
30055400 1052
30055400 1052
30055401 1052
30055401 1052
30055401 1052
30055402 1052
30055402 1052
30055402 1052
30055403 1052
30055403 1052
30055404 1052
30055404 1052
30055404 1052
30055405 1052
30055405 1052
30055405 1052
30055406 1052
30055406 1052
30055406 1052
30055407 1052
30055407 1052
30055407 1052
30055408 1052
30055408 1052
30055408 1052
30055409 1052
30055409 1052
30055409 1052
30055410 1052
30055410 1052
30055410 1052
30055411 1052
30055411 1052
30055411 1052
30055412 1052
30055412 1052
30055412 1052
30055413 1052
30055413 1052
30055413 1052
30055414 1052
30055414 1052
30055414 1052
30055415 1052
30055415 1052
30055415 1052
30055416 1052
30055416 1052
30055416 1052
30055417 1052
30055417 1052
30055418 1052
30055418 1052
30055418 1052
30055419 1052
30055419 1052
30055419 1052
30055420 1052
30055420 1052
30055420 1054
30055421 1054
30055421 1054
30055421 1054
30055422 1054
30055422 1054
30055422 1054
30055423 1054
30055423 1054
30055423 1054
30055424 1054
30055424 1054
30055425 1054
30055425 1054
30055425 1054
30055426 1054
30055426 1054
30055426 1054
30055427 1054
30055427 1054
30055427 1054
30055428 1054
30055428 1054
30055428 1054
30055429 1054
30055429 1054
30055429 1054
30055430 1054
30055430 1054
30055430 1054
30055431 1054
30055431 1054
30055431 1054
30055432 1054
30055432 1054
30055432 1054
30055433 1054
30055433 1054
30055434 1054
30055434 1054
30055434 1054
30055435 1054
30055435 1054
30055435 1054
30055436 1054
30055436 1054
30055436 1054
30055437 1054
30055437 1054
30055437 1054
30055438 1054
30055438 1054
30055438 1054
30055439 1054
30055439 1054
30055439 1054
30055440 1054
30055440 1054
30055441 1054
30055441 1054
30055441 1054
30055442 1054
30055442 1054
30055442 1054
30055443 1054
30055443 1054
30055443 1054
30055444 1054
30055444 1054
30055444 1054
30055445 1054
30055445 1054
30055446 1054
30055446 1054
30055446 1054
30055447 1054
30055447 1054
30055447 1054
30055448 1054
30055448 1054
30055448 1054
30055449 1054
30055449 1054
30055449 1054
30055450 1054
30055450 1054
30055451 1054
30055451 1054
30055451 1054
30055452 1054
30055452 1054
30055452 1054
30055453 1054
30055453 1054
30055453 1054
30055454 1054
30055454 1054
30055455 1054
30055455 1054
30055455 1054
30055456 1054
30055456 1054
30055456 1054
30055457 1054
30055457 1054
30055457 1054
30055458 1054
30055458 1054
30055458 1054
30055459 1054
30055459 1054
30055459 1054
30055500 1054
30055500 1054
30055501 1054
30055501 1054
30055501 1054
30055502 1054
30055502 1054
30055502 1054
30055503 1054
30055503 1054
30055503 1054
30055504 1054
30055504 1054
30055504 1054
30055505 1054
30055505 1054
30055506 1054
30055506 1054
30055506 1054
30055507 1054
30055507 1054
30055507 1054
30055508 1054
30055508 1054
30055508 1054
30055509 1054
30055509 1054
30055509 1054
30055510 1054
30055510 1054
30055510 1054
30055511 1054
30055511 1054
30055511 1054
30055512 1054
30055512 1054
30055513 1054
30055513 1054
30055513 1054
30055514 1054
30055514 1054
30055514 1054
30055515 1054
30055515 1054
30055515 1056
30055516 1056
30055516 1056
30055516 1056
30055517 1056
30055517 1056
30055517 1056
30055518 1056
30055518 1056
30055518 1056
30055519 1056
30055519 1056
30055519 1056
30055520 1056
30055520 1056
30055520 1056
30055521 1056
30055521 1056
30055522 1056
30055522 1056
30055522 1056
30055523 1056
30055523 1056
30055523 1056
30055524 1056
30055524 1056
30055524 1056
30055525 1056
30055525 1056
30055525 1056
30055526 1056
30055526 1056
30055526 1056
30055527 1056
30055527 1056
30055527 1056
30055528 1056
30055528 1056
30055528 1056
30055529 1056
30055529 1056
30055529 1056
30055530 1056
30055530 1056
30055530 1056
30055531 1056
30055531 1056
30055531 1056
30055532 1056
30055532 1056
30055532 1056
30055533 1056
30055533 1056
30055533 1056
30055534 1056
30055534 1056
30055534 1056
30055535 1056
30055535 1056
30055535 1056
30055536 1056
30055536 1056
30055536 1056
30055537 1056
30055537 1056
30055537 1056
30055538 1056
30055538 1056
30055538 1056
30055539 1056
30055539 1056
30055540 1056
30055540 1056
30055540 1056
30055541 1056
30055541 1056
30055541 1056
30055542 1056
30055542 1056
30055542 1056
30055543 1056
30055543 1056
30055543 1056
30055544 1056
30055544 1056
30055544 1056
30055545 1056
30055545 1056
30055545 1056
30055546 1058
30055546 1058
30055546 1058
30055547 1058
30055547 1058
30055547 1058
30055548 1058
30055548 1058
30055548 1058
30055549 1058
30055549 1058
30055549 1058
30055550 1058
30055550 1058
30055550 1058
30055551 1058
30055551 1058
30055552 1058
30055552 1058
30055552 1058
30055553 1058
30055553 1058
30055553 1058
30055554 1058
30055554 1058
30055554 1058
30055555 1058
30055555 1058
30055555 1058
30055556 1058
30055556 1058
30055557 1058
30055557 1058
30055557 1058
30055558 1058
30055558 1058
30055558 1058
30055559 1058
30055559 1058
30055559 1058
30055600 1058
30055600 1058
30055600 1058
30055601 1058
30055601 1058
30055602 1058
30055602 1058
30055602 1058
30055603 1058
30055603 1058
30055603 1058
30055604 1058
30055604 1058
30055604 1058
30055605 1058
30055605 1058
30055605 1058
30055606 1058
30055606 1058
30055606 1058
30055607 1058
30055607 1058
30055608 1058
30055608 1058
30055608 1058
30055609 1058
30055609 1058
30055609 1058
30055610 1058
30055610 1058
30055610 1058
30055611 1058
30055611 1058
30055611 1058
30055612 1058
30055612 1058
30055612 1058
30055613 1058
30055613 1058
30055613 1058
30055614 1058
30055614 1058
30055614 1058
30055615 1058
30055615 1058
30055615 1058
30055616 1058
30055616 1058
30055616 1058
30055617 1058
30055617 1058
30055618 1058
30055618 1058
30055618 1058
30055619 1058
30055619 1098
30055619 1060
30055620 1060
30055620 1060
30055620 1060
30055621 1060
30055621 1060
30055621 1060
30055622 1060
30055622 1060
30055622 1060
30055623 1060
30055623 1060
30055624 1060
30055624 1060
30055624 1060
30055625 1060
30055625 1060
30055625 1060
30055626 1060
30055626 1060
30055626 1060
30055627 1060
30055627 1060
30055627 1060
30055628 1060
30055628 1060
30055628 1060
30055629 1060
30055629 1060
30055630 1060
30055630 1060
30055630 1060
30055631 1060
30055631 1060
30055631 1060
30055632 1060
30055632 1060
30055632 1060
30055633 1060
30055633 1060
30055633 1060
30055634 1060
30055634 1060
30055634 1060
30055635 1060
30055635 1060
30055636 1060
30055636 1060
30055636 1060
30055637 1060
30055637 1060
30055637 1060
30055638 1060
30055638 1060
30055638 1060
30055639 1060
30055639 1060
30055639 1060
30055640 1060
30055640 1060
30055640 1060
30055641 1060
30055641 1060
30055642 1060
30055642 1060
30055642 1060
30055643 1060
30055643 1060
30055643 1060
30055644 1060
30055644 1060
30055644 1060
30055645 1060
30055645 1060
30055645 1060
30055646 1060
30055646 1060
30055646 1060
30055647 1060
30055647 1060
30055647 1060
30055648 1060
30055648 1060
30055649 1060
30055649 1060
30055649 1060
30055650 1060
30055650 1060
30055650 1060
30055651 1060
30055651 1060
30055651 1060
30055652 1060
30055652 1060
30055653 1060
30055653 1060
30055653 1060
30055654 1060
30055654 1060
30055654 1060
30055655 1060
30055655 1060
30055655 1060
30055656 1060
30055656 1060
30055656 1060
30055657 1060
30055657 1060
30055657 1060
30055658 1060
30055658 1060
30055659 1060
30055659 1060
30055659 1060
30055700 1060
30055700 1060
30055700 1060
30055701 1060
30055701 1060
30055701 1060
30055702 1060
30055702 1060
30055702 1060
30055703 1060
30055703 1060
30055703 1060
30055704 1060
30055704 1060
30055704 1060
30055705 1060
30055705 1060
30055706 1060
30055706 1060
30055706 1060
30055707 1060
30055707 1060
30055707 1060
30055708 1060
30055708 1060
30055708 1060
30055709 1060
30055709 1060
30055709 1060
30055710 1060
30055710 1060
30055710 1060
30055711 1060
30055711 1060
30055711 1060
30055712 1060
30055712 1060
30055712 1060
30055713 1060
30055713 1060
30055713 1060
30055714 1060
30055714 1060
30055714 1060
30055715 1060
30055715 1060
30055715 1060
30055716 1060
30055716 1060
30055716 1060
30055717 1060
30055717 1060
30055717 1060
30055718 1060
30055718 1060
30055718 1060
30055719 1060
30055719 1060
30055720 1060
30055720 1060
30055720 1060
30055721 1060
30055721 1060
30055721 1060
30055722 1060
30055722 1060
30055722 1060
30055723 1060
30055723 1060
30055723 1060
30055724 1060
30055724 1060
30055724 1060
30055725 1060
30055725 1060
30055725 1060
30055726 1060
30055726 1060
30055726 1060
30055727 1060
30055727 1060
30055727 1060
30055728 1060
30055728 1060
30055728 1060
30055729 1060
30055729 1060
30055730 1060
30055730 1060
30055730 1060
30055731 1060
30055731 1060
30055731 1060
30055732 1060
30055732 1060
30055732 1060
30055733 1062
30055733 1062
30055734 1062
30055734 1062
30055734 1062
30055735 1062
30055735 1062
30055735 1062
30055736 1062
30055736 1062
30055736 1062
30055737 1062
30055737 1062
30055737 1062
30055738 1062
30055738 1062
30055739 1062
30055739 1062
30055739 1062
30055740 1062
30055740 1062
30055740 1062
30055741 1062
30055741 1062
30055741 1062
30055742 1062
30055742 1062
30055742 1062
30055743 1062
30055743 1062
30055744 1062
30055744 1062
30055744 1062
30055745 1062
30055745 1062
30055745 1062
30055746 1062
30055746 1062
30055746 1062
30055747 1062
30055747 1062
30055747 1062
30055748 1062
30055748 1062
30055749 1062
30055749 1062
30055749 1062
30055750 1062
30055750 1062
30055750 1062
30055751 1062
30055751 1062
30055751 1062
30055752 1062
30055752 1062
30055752 1062
30055753 1062
30055753 1062
30055753 1062
30055754 1062
30055754 1062
30055755 1062
30055755 1062
30055755 1062
30055756 1062
30055756 1062
30055756 1062
30055757 1062
30055757 1062
30055757 1062
30055758 1062
30055758 1062
30055759 1062
30055759 1062
30055759 1062
30055800 1062
30055800 1062
30055800 1062
30055801 1062
30055801 1062
30055801 1062
30055802 1062
30055802 1062
30055802 1062
30055803 1062
30055803 1062
30055803 1062
30055804 1062
30055804 1062
30055804 1062
30055805 1062
30055805 1062
30055806 1062
30055806 1062
30055806 1062
30055807 1062
30055807 1062
30055807 1062
30055808 1062
30055808 1062
30055808 1062
30055809 1062
30055809 1062
30055809 1062
30055810 1062
30055810 1062
30055811 1062
30055811 1062
30055811 1062
30055812 1062
30055812 1062
30055812 1062
30055813 1062
30055813 1062
30055813 1062
30055814 1062
30055814 1064
30055815 1064
30055815 1064
30055815 1064
30055816 1064
30055816 1064
30055816 1064
30055817 1064
30055817 1064
30055817 1064
30055818 1064
30055818 1064
30055818 1064
30055819 1064
30055819 1064
30055819 1064
30055820 1064
30055820 1064
30055820 1064
30055821 1064
30055821 1064
30055822 1064
30055822 1064
30055822 1064
30055823 1064
30055823 1064
30055823 1064
30055824 1064
30055824 1064
30055824 1064
30055825 1064
30055825 1064
30055825 1064
30055826 1064
30055826 1064
30055827 1064
30055827 1064
30055827 1064
30055828 1064
30055828 1064
30055828 1064
30055829 1064
30055829 1064
30055830 1064
30055830 1064
30055830 1064
30055831 1064
30055831 1064
30055831 1064
30055832 1064
30055832 1064
30055832 1064
30055833 1064
30055833 1064
30055833 1064
30055834 1064
30055834 1064
30055835 1064
30055835 1064
30055835 1064
30055836 1064
30055836 1064
30055836 1064
30055837 1064
30055837 1064
30055837 1064
30055838 1064
30055838 1064
30055838 1064
30055839 1064
30055839 1064
30055839 1064
30055840 1064
30055840 1064
30055841 1064
30055841 1064
30055841 1064
30055842 1064
30055842 1064
30055842 1064
30055843 1064
30055843 1064
30055843 1064
30055844 1064
30055844 1064
30055844 1064
30055845 1064
30055845 1064
30055846 1064
30055846 1064
30055846 1064
30055847 1064
30055847 1064
30055847 1064
30055848 1064
30055848 1064
30055848 1064
30055849 1064
30055849 1064
30055850 1064
30055850 1064
30055850 1064
30055851 1064
30055851 1064
30055851 1064
30055852 1064
30055852 1064
30055852 1064
30055853 1064
30055853 1064
30055853 1064
30055854 1064
30055854 1064
30055854 1064
30055855 1064
30055855 1064
30055855 1064
30055856 1064
30055856 1064
30055856 1064
30055857 1064
30055857 1064
30055858 1064
30055858 1064
30055858 1064
30055859 1064
30055859 1064
30055859 1064
30055900 1064
30055900 1064
30055900 1064
30055901 1064
30055901 1064
30055901 1064
30055902 1064
30055902 1064
30055902 1064
30055903 1064
30055903 1064
30055903 1064
30055904 1064
30055904 1064
30055904 1064
30055905 1064
30055905 1064
30055905 1064
30055906 1064
30055906 1064
30055906 1064
30055907 1064
30055907 1064
30055907 1064
30055908 1064
30055908 1064
30055908 1064
30055909 1064
30055909 1064
30055910 1064
30055910 1064
30055910 1064
30055911 1064
30055911 1064
30055911 1064
30055912 1064
30055912 1064
30055912 1064
30055913 1064
30055913 1064
30055913 1064
30055914 1064
30055914 1064
30055914 1064
30055915 1064
30055915 1064
30055915 1064
30055916 1064
30055916 1064
30055916 1064
30055917 1064
30055917 1064
30055917 1064
30055918 1064
30055918 1064
30055918 1064
30055919 1064
30055919 1064
30055919 1064
30055920 1064
30055920 1064
30055921 1064
30055921 1064
30055921 1064
30055922 1064
30055922 1064
30055922 1064
30055923 1064
30055923 1064
30055923 1064
30055924 1064
30055924 1064
30055924 1064
30055925 1064
30055925 1064
30055925 1064
30055926 1064
30055926 1064
30055927 1064
30055927 1064
30055927 1064
30055928 1064
30055928 1064
30055928 1064
30055929 1064
30055929 1064
30055929 1064
30055930 1064
30055930 1064
30055930 1064
30055931 1064
30055931 1064
30055932 1064
30055932 1064
30055932 1064
30055933 1064
30055933 1064
30055933 1064
30055934 1064
30055934 1064
30055934 1064
30055935 1064
30055935 1064
30055935 1064
30055936 1064
30055936 1064
30055936 1064
30055937 1064
30055937 1064
30055937 1064
30055938 1064
30055938 1064
30055939 1064
30055939 1064
30055939 1064
30055940 1064
30055940 1064
30055940 1064
30055941 1064
30055941 1064
30055941 1064
30055942 1064
30055942 1064
30055942 1064
30055943 1064
30055943 1064
30055943 1066
30055944 1066
30055944 1066
30055944 1066
30055945 1066
30055945 1066
30055945 1066
30055946 1066
30055946 1066
30055947 1066
30055947 1066
30055947 1066
30055948 1066
30055948 1066
30055948 1066
30055949 1066
30055949 1066
30055949 1066
30055950 1066
30055950 1066
30055950 1066
30055951 1066
30055951 1066
30055952 1066
30055952 1066
30055952 1066
30055953 1066
30055953 1066
30055953 1066
30055954 1066
30055954 1066
30055954 1066
30055955 1066
30055955 1066
30055955 1066
30055956 1066
30055956 1066
30055957 1066
30055957 1066
30055957 1066
30055958 1066
30055958 1066
30055958 1066
30055959 1066
30055959 1066
30055959 1066
30060000 1066
30060000 1066
30060000 1066
30060001 1066
30060001 1066
30060001 1066
30060002 1066
30060002 1066
30060002 1066
30060003 1066
30060003 1066
30060004 1066
30060004 1066
30060004 1066
30060005 1066
30060005 1066
30060005 1066
30060006 1066
30060006 1066
30060006 1066
30060007 1066
30060007 1066
30060007 1066
30060008 1066
30060008 1066
30060009 1066
30060009 1066
30060009 1066
30060010 1066
30060010 1066
30060010 1066
30060011 1066
30060011 1066
30060011 1066
30060012 1066
30060012 1066
30060012 1066
30060013 1066
30060013 1066
30060013 1066
30060014 1066
30060014 1066
30060014 1066
30060015 1066
30060015 1066
30060015 1066
30060016 1066
30060016 1066
30060017 1066
30060017 1066
30060017 1066
30060018 1066
30060018 1066
30060018 1066
30060019 1066
30060019 1066
30060019 1066
30060020 1066
30060020 1066
30060020 1066
30060021 1066
30060021 1066
30060021 1066
30060022 1066
30060022 1066
30060022 1066
30060023 1066
30060023 1066
30060024 1066
30060024 1066
30060024 1066
30060025 1066
30060025 1066
30060025 1066
30060026 1066
30060026 1066
30060026 1066
30060027 1066
30060027 1066
30060027 1066
30060028 1066
30060028 1066
30060028 1066
30060029 1066
30060029 1066
30060029 1066
30060030 1066
30060030 1066
30060030 1066
30060031 1066
30060031 1066
30060031 1068
30060032 1068
30060032 1068
30060032 1068
30060033 1068
30060033 1068
30060033 1068
30060034 1068
30060034 1068
30060035 1068
30060035 1068
30060035 1068
30060036 1068
30060036 1068
30060036 1068
30060037 1068
30060037 1068
30060037 1068
30060038 1068
30060038 1068
30060038 1068
30060039 1068
30060039 1068
30060039 1068
30060040 1068
30060040 1068
30060040 1068
30060041 1068
30060041 1068
30060041 1068
30060042 1068
30060042 1068
30060042 1068
30060043 1068
30060043 1068
30060043 1068
30060044 1068
30060044 1068
30060044 1068
30060045 1068
30060045 1068
30060045 1068
30060046 1068
30060046 1068
30060047 1068
30060047 1068
30060047 1068
30060048 1068
30060048 1068
30060048 1068
30060049 1068
30060049 1068
30060049 1068
30060050 1068
30060050 1068
30060050 1068
30060051 1068
30060051 1068
30060051 1068
30060052 1068
30060052 1068
30060052 1068
30060053 1068
30060053 1068
30060053 1068
30060054 1068
30060054 1068
30060055 1068
30060055 1068
30060055 1068
30060056 1068
30060056 1068
30060056 1068
30060057 1068
30060057 1068
30060057 1068
30060058 1068
30060058 1068
30060058 1068
30060059 1068
30060059 1068
30060059 1068
30060100 1068
30060100 1068
30060101 1068
30060101 1068
30060101 1068
30060102 1068
30060102 1068
30060102 1068
30060103 1068
30060103 1068
30060103 1068
30060104 1068
30060104 1068
30060104 1068
30060105 1068
30060105 1068
30060105 1068
30060106 1068
30060106 1068
30060107 1068
30060107 1068
30060107 1068
30060108 1068
30060108 1068
30060108 1068
30060109 1068
30060109 1068
30060109 1068
30060110 1068
30060110 1068
30060110 1068
30060111 1068
30060111 1068
30060111 1068
30060112 1068
30060112 1068
30060112 1068
30060113 1068
30060113 1068
30060113 1068
30060114 1068
30060114 1068
30060114 1068
30060115 1068
30060115 1068
30060116 1068
30060116 1068
30060116 1068
30060117 1068
30060117 1068
30060117 1068
30060118 1068
30060118 1068
30060118 1068
30060119 1068
30060119 1068
30060119 1068
30060120 1068
30060120 1068
30060120 1068
30060121 1068
30060121 1068
30060121 1068
30060122 1068
30060122 1068
30060122 1068
30060123 1068
30060123 1068
30060123 1068
30060124 1068
30060124 1068
30060124 1068
30060125 1068
30060125 1068
30060126 1068
30060126 1068
30060126 1068
30060127 1068
30060127 1068
30060127 1068
30060128 1068
30060128 1068
30060128 1068
30060129 1068
30060129 1068
30060129 1068
30060130 1068
30060130 1068
30060130 1068
30060131 1068
30060131 1068
30060131 1068
30060132 1068
30060132 1068
30060132 1068
30060133 1068
30060133 1068
30060133 1068
30060134 1068
30060134 1068
30060135 1068
30060135 1068
30060135 1068
30060136 1068
30060136 1068
30060136 1068
30060137 1068
30060137 1068
30060137 1068
30060138 1068
30060138 1068
30060138 1068
30060139 1068
30060139 1068
30060140 1068
30060140 1068
30060140 1068
30060141 1068
30060141 1068
30060141 1068
30060142 1068
30060142 1068
30060142 1068
30060143 1068
30060143 1068
30060143 1068
30060144 1068
30060144 1068
30060144 1068
30060145 1068
30060145 1068
30060145 1068
30060146 1068
30060146 1068
30060147 1068
30060147 1068
30060147 1068
30060148 1068
30060148 1068
30060148 1068
30060149 1068
30060149 1068
30060149 1068
30060150 1068
30060150 1068
30060150 1068
30060151 1068
30060151 1068
30060151 1068
30060152 1068
30060152 1068
30060152 1068
30060153 1068
30060153 1068
30060153 1068
30060154 1068
30060154 1068
30060154 1068
30060155 1068
30060155 1068
30060155 1068
30060156 1068
30060156 1068
30060157 1068
30060157 1068
30060157 1068
30060158 1068
30060158 1068
30060158 1068
30060159 1068
30060159 1068
30060159 1068
30060200 1068
30060200 1068
30060200 1068
30060201 1068
30060201 1068
30060201 1068
30060202 1068
30060202 1068
30060202 1068
30060203 1068
30060203 1068
30060203 1068
30060204 1068
30060204 1068
30060204 1068
30060205 1068
30060205 1068
30060205 1068
30060206 1068
30060206 1068
30060207 1068
30060207 1068
30060207 1068
30060208 1068
30060208 1068
30060208 1068
30060209 1068
30060209 1068
30060209 1068
30060210 1068
30060210 1068
30060210 1068
30060211 1068
30060211 1068
30060211 1068
30060212 1068
30060212 1068
30060212 1068
30060213 1068
30060213 1068
30060214 1068
30060214 1068
30060214 1068
30060215 1068
30060215 1068
30060215 1068
30060216 1068
30060216 1068
30060216 1068
30060217 1068
30060217 1068
30060217 1068
30060218 1068
30060218 1068
30060218 1068
30060219 1068
30060219 1068
30060219 1070
30060220 1070
30060220 1070
30060220 1070
30060221 1070
30060221 1070
30060221 1070
30060222 1070
30060222 1070
30060223 1070
30060223 1070
30060223 1070
30060224 1070
30060224 1070
30060224 1070
30060225 1070
30060225 1070
30060225 1070
30060226 1070
30060226 1070
30060227 1070
30060227 1070
30060227 1070
30060228 1070
30060228 1070
30060228 1070
30060229 1070
30060229 1070
30060229 1070
30060230 1070
30060230 1070
30060231 1070
30060231 1070
30060231 1070
30060232 1070
30060232 1070
30060232 1070
30060233 1070
30060233 1070
30060233 1070
30060234 1070
30060234 1070
30060235 1070
30060235 1070
30060235 1070
30060236 1070
30060236 1070
30060236 1070
30060237 1070
30060237 1070
30060237 1070
30060238 1070
30060238 1070
30060238 1070
30060239 1070
30060239 1070
30060239 1070
30060240 1070
30060240 1070
30060240 1070
30060241 1070
30060241 1070
30060242 1070
30060242 1070
30060242 1070
30060243 1070
30060243 1070
30060243 1070
30060244 1070
30060244 1070
30060245 1070
30060245 1070
30060245 1070
30060246 1070
30060246 1070
30060246 1070
30060247 1070
30060247 1070
30060247 1070
30060248 1070
30060248 1070
30060248 1070
30060249 1070
30060249 1070
30060249 1070
30060250 1070
30060250 1070
30060250 1070
30060251 1070
30060251 1070
30060251 1070
30060252 1070
30060252 1070
30060252 1070
30060253 1070
30060253 1070
30060254 1070
30060254 1070
30060254 1070
30060255 1070
30060255 1070
30060255 1070
30060256 1070
30060256 1070
30060256 1070
30060257 1070
30060257 1070
30060257 1070
30060258 1070
30060258 1070
30060258 1070
30060259 1070
30060259 1070
30060259 1070
30060300 1070
30060300 1070
30060300 1070
30060301 1070
30060301 1070
30060301 1070
30060302 1070
30060302 1070
30060302 1070
30060303 1070
30060303 1070
30060303 1070
30060304 1070
30060304 1070
30060305 1070
30060305 1070
30060305 1070
30060306 1070
30060306 1070
30060306 1070
30060307 1070
30060307 1070
30060307 1070
30060308 1070
30060308 1070
30060308 1070
30060309 1070
30060309 1070
30060309 1070
30060310 1070
30060310 1070
30060310 1070
30060311 1070
30060311 1070
30060311 1070
30060312 1070
30060312 1070
30060313 1070
30060313 1070
30060313 1070
30060314 1070
30060314 1070
30060314 1070
30060315 1070
30060315 1070
30060315 1070
30060316 1070
30060316 1070
30060317 1070
30060317 1070
30060317 1070
30060318 1070
30060318 1070
30060318 1070
30060319 1070
30060319 1070
30060319 1070
30060320 1070
30060320 1070
30060320 1070
30060321 1070
30060321 1070
30060322 1070
30060322 1072
30060322 1072
30060323 1072
30060323 1072
30060323 1072
30060324 1072
30060324 1072
30060324 1072
30060325 1072
30060325 1072
30060325 1072
30060326 1072
30060326 1072
30060326 1072
30060327 1072
30060327 1072
30060327 1072
30060328 1072
30060328 1072
30060329 1072
30060329 1072
30060329 1072
30060330 1072
30060330 1072
30060330 1072
30060331 1072
30060331 1072
30060331 1072
30060332 1072
30060332 1072
30060333 1072
30060333 1072
30060333 1072
30060334 1072
30060334 1072
30060334 1072
30060335 1072
30060335 1072
30060335 1072
30060336 1072
30060336 1072
30060336 1072
30060337 1072
30060337 1072
30060337 1072
30060338 1072
30060338 1072
30060338 1072
30060339 1072
30060339 1072
30060340 1072
30060340 1072
30060340 1072
30060341 1072
30060341 1072
30060341 1072
30060342 1072
30060342 1072
30060342 1072
30060343 1072
30060343 1072
30060343 1072
30060344 1072
30060344 1072
30060344 1072
30060345 1072
30060345 1072
30060345 1072
30060346 1072
30060346 1072
30060346 1072
30060347 1072
30060347 1072
30060347 1072
30060348 1072
30060348 1072
30060348 1072
30060349 1072
30060349 1072
30060349 1072
30060350 1072
30060350 1072
30060350 1072
30060351 1072
30060351 1072
30060351 1072
30060352 1072
30060352 1072
30060352 1072
30060353 1072
30060353 1072
30060354 1072
30060354 1072
30060354 1072
30060355 1072
30060355 1072
30060355 1072
30060356 1072
30060356 1072
30060356 1072
30060357 1072
30060357 1072
30060357 1072
30060358 1072
30060358 1072
30060358 1072
30060359 1072
30060359 1072
30060359 1072
30060400 1072
30060400 1072
30060400 1072
30060401 1072
30060401 1072
30060402 1072
30060402 1072
30060402 1072
30060403 1072
30060403 1072
30060403 1072
30060404 1072
30060404 1072
30060404 1072
30060405 1072
30060405 1072
30060405 1072
30060406 1072
30060406 1072
30060406 1072
30060407 1072
30060407 1072
30060408 1072
30060408 1072
30060408 1072
30060409 1072
30060409 1072
30060409 1072
30060410 1072
30060410 1072
30060411 1072
30060411 1072
30060411 1072
30060412 1072
30060412 1072
30060412 1072
30060413 1072
30060413 1072
30060413 1072
30060414 1072
30060414 1072
30060415 1072
30060415 1072
30060415 1072
30060416 1072
30060416 1072
30060416 1072
30060417 1072
30060417 1072
30060417 1072
30060418 1072
30060418 1072
30060419 1072
30060419 1072
30060419 1072
30060420 1072
30060420 1072
30060420 1072
30060421 1072
30060421 1072
30060421 1072
30060422 1072
30060422 1072
30060422 1072
30060423 1072
30060423 1072
30060424 1072
30060424 1072
30060424 1072
30060425 1072
30060425 1072
30060425 1072
30060426 1072
30060426 1072
30060426 1072
30060427 1072
30060427 1072
30060427 1072
30060428 1072
30060428 1072
30060428 1072
30060429 1072
30060429 1072
30060429 1076
30060430 1076
30060430 1076
30060430 1076
30060431 1076
30060431 1076
30060432 1076
30060432 1076
30060432 1076
30060433 1076
30060433 1076
30060433 1076
30060434 1076
30060434 1076
30060434 1076
30060435 1076
30060435 1076
30060435 1076
30060436 1076
30060436 1076
30060436 1076
30060437 1076
30060437 1076
30060437 1076
30060438 1076
30060438 1076
30060438 1076
30060439 1076
30060439 1076
30060439 1076
30060440 1076
30060440 1076
30060440 1076
30060441 1076
30060441 1076
30060442 1076
30060442 1076
30060442 1076
30060443 1076
30060443 1076
30060443 1076
30060444 1076
30060444 1076
30060444 1076
30060445 1076
30060445 1076
30060445 1076
30060446 1076
30060446 1076
30060446 1076
30060447 1076
30060447 1076
30060447 1076
30060448 1076
30060448 1076
30060449 1076
30060449 1076
30060449 1076
30060450 1076
30060450 1076
30060450 1076
30060451 1076
30060451 1076
30060451 1076
30060452 1076
30060452 1076
30060452 1076
30060453 1076
30060453 1076
30060453 1076
30060454 1076
30060454 1076
30060454 1076
30060455 1076
30060455 1076
30060455 1076
30060456 1076
30060456 1076
30060456 1076
30060457 1076
30060457 1076
30060458 1076
30060458 1076
30060458 1076
30060459 1076
30060459 1076
30060459 1076
30060500 1076
30060500 1076
30060500 1076
30060501 1076
30060501 1076
30060501 1076
30060502 1076
30060502 1076
30060502 1076
30060503 1076
30060503 1076
30060503 1076
30060504 1076
30060504 1076
30060504 1076
30060505 1076
30060505 1076
30060505 1076
30060506 1076
30060506 1076
30060506 1076
30060507 1076
30060507 1076
30060507 1076
30060508 1076
30060508 1076
30060508 1076
30060509 1076
30060509 1076
30060510 1076
30060510 1076
30060510 1076
30060511 1076
30060511 1076
30060511 1076
30060512 1076
30060512 1076
30060512 1076
30060513 1076
30060513 1076
30060513 1076
30060514 1076
30060514 1076
30060514 1076
30060515 1076
30060515 1076
30060515 1076
30060516 1076
30060516 1076
30060516 1076
30060517 1076
30060517 1076
30060517 1076
30060518 1076
30060518 1076
30060519 1076
30060519 1076
30060519 1076
30060520 1076
30060520 1076
30060520 1076
30060521 1076
30060521 1076
30060521 1076
30060522 1076
30060522 1076
30060522 1076
30060523 1076
30060523 1076
30060523 1076
30060524 1076
30060524 1076
30060524 1076
30060525 1076
30060525 1076
30060525 1076
30060526 1076
30060526 1076
30060527 1076
30060527 1076
30060527 1076
30060528 1076
30060528 1076
30060528 1076
30060529 1076
30060529 1076
30060529 1076
30060530 1076
30060530 1076
30060530 1076
30060531 1076
30060531 1076
30060531 1076
30060532 1076
30060532 1076
30060532 1076
30060533 1076
30060533 1076
30060533 1076
30060534 1076
30060534 1076
30060534 1076
30060535 1076
30060535 1076
30060535 1076
30060536 1076
30060536 1076
30060536 1076
30060537 1076
30060537 1076
30060538 1076
30060538 1076
30060538 1076
30060539 1076
30060539 1076
30060539 1076
30060540 1076
30060540 1076
30060540 1076
30060541 1076
30060541 1076
30060541 1076
30060542 1076
30060542 1076
30060542 1076
30060543 1076
30060543 1076
30060543 1076
30060544 1076
30060544 1076
30060544 1076
30060545 1076
30060545 1078
30060546 1078
30060546 1078
30060546 1078
30060547 1078
30060547 1078
30060547 1078
30060548 1078
30060548 1078
30060548 1078
30060549 1078
30060549 1078
30060549 1078
30060550 1078
30060550 1078
30060550 1078
30060551 1078
30060551 1078
30060552 1078
30060552 1078
30060552 1078
30060553 1078
30060553 1078
30060553 1078
30060554 1078
30060554 1078
30060554 1078
30060555 1078
30060555 1078
30060555 1078
30060556 1078
30060556 1078
30060557 1078
30060557 1078
30060557 1078
30060558 1078
30060558 1078
30060558 1078
30060559 1078
30060559 1078
30060559 1078
30060600 1078
30060600 1078
30060600 1078
30060601 1078
30060601 1078
30060601 1078
30060602 1078
30060602 1078
30060602 1078
30060603 1078
30060603 1078
30060603 1078
30060604 1078
30060604 1078
30060605 1078
30060605 1078
30060605 1078
30060606 1078
30060606 1078
30060606 1078
30060607 1078
30060607 1078
30060607 1078
30060608 1078
30060608 1078
30060608 1078
30060609 1078
30060609 1078
30060609 1078
30060610 1078
30060610 1078
30060611 1078
30060611 1078
30060611 1078
30060612 1078
30060612 1078
30060612 1078
30060613 1078
30060613 1078
30060613 1078
30060614 1078
30060614 1078
30060614 1078
30060615 1078
30060615 1078
30060615 1078
30060616 1078
30060616 1078
30060616 1078
30060617 1078
30060617 1078
30060618 1078
30060618 1078
30060618 1078
30060619 1078
30060619 1078
30060619 1078
30060620 1078
30060620 1078
30060620 1078
30060621 1078
30060621 1078
30060621 1078
30060622 1078
30060622 1078
30060622 1078
30060623 1078
30060623 1078
30060623 1078
30060624 1078
30060624 1078
30060624 1078
30060625 1078
30060625 1078
30060626 1078
30060626 1078
30060626 1078
30060627 1078
30060627 1078
30060627 1078
30060628 1078
30060628 1078
30060628 1078
30060629 1078
30060629 1078
30060629 1078
30060630 1078
30060630 1078
30060630 1078
30060631 1078
30060631 1078
30060632 1078
30060632 1078
30060632 1078
30060633 1078
30060633 1078
30060633 1078
30060634 1078
30060634 1078
30060634 1078
30060635 1078
30060635 1078
30060635 1078
30060636 1078
30060636 1078
30060636 1078
30060637 1078
30060637 1078
30060637 1078
30060638 1078
30060638 1078
30060638 1078
30060639 1078
30060639 1078
30060640 1078
30060640 1078
30060640 1078
30060641 1078
30060641 1078
30060641 1078
30060642 1078
30060642 1078
30060642 1078
30060643 1078
30060643 1078
30060644 1078
30060644 1078
30060644 1078
30060645 1078
30060645 1078
30060645 1078
30060646 1078
30060646 1078
30060646 1078
30060647 1078
30060647 1078
30060647 1078
30060648 1078
30060648 1078
30060648 1078
30060649 1078
30060649 1078
30060649 1078
30060650 1078
30060650 1078
30060651 1078
30060651 1078
30060651 1078
30060652 1078
30060652 1078
30060652 1078
30060653 1078
30060653 1078
30060653 1078
30060654 1078
30060654 1078
30060654 1078
30060655 1078
30060655 1078
30060655 1078
30060656 1078
30060656 1078
30060657 1078
30060657 1078
30060657 1078
30060658 1078
30060658 1078
30060658 1078
30060659 1078
30060659 1078
30060659 1078
30060700 1078
30060700 1078
30060700 1078
30060701 1078
30060701 1078
30060701 1078
30060702 1078
30060702 1078
30060702 1078
30060703 1078
30060703 1078
30060703 1078
30060704 1078
30060704 1078
30060704 1078
30060705 1078
30060705 1078
30060705 1078
30060706 1078
30060706 1078
30060707 1078
30060707 1078
30060707 1078
30060708 1078
30060708 1078
30060708 1080
30060709 1080
30060709 1080
30060709 1080
30060710 1080
30060710 1080
30060710 1080
30060711 1080
30060711 1080
30060711 1080
30060712 1080
30060712 1080
30060712 1080
30060713 1080
30060713 1080
30060713 1080
30060714 1080
30060714 1080
30060714 1080
30060715 1080
30060715 1080
30060715 1080
30060716 1080
30060716 1080
30060716 1080
30060717 1080
30060717 1080
30060718 1080
30060718 1080
30060718 1080
30060719 1080
30060719 1080
30060719 1080
30060720 1080
30060720 1080
30060720 1080
30060721 1080
30060721 1080
30060721 1080
30060722 1080
30060722 1080
30060722 1080
30060723 1080
30060723 1080
30060723 1080
30060724 1080
30060724 1080
30060725 1080
30060725 1080
30060725 1080
30060726 1080
30060726 1080
30060726 1080
30060727 1080
30060727 1080
30060727 1080
30060728 1080
30060728 1080
30060728 1080
30060729 1080
30060729 1080
30060729 1080
30060730 1080
30060730 1080
30060730 1080
30060731 1080
30060731 1080
30060731 1080
30060732 1080
30060732 1080
30060732 1080
30060733 1080
30060733 1080
30060733 1080
30060734 1080
30060734 1080
30060735 1080
30060735 1080
30060735 1080
30060736 1080
30060736 1080
30060736 1080
30060737 1080
30060737 1080
30060737 1080
30060738 1080
30060738 1080
30060738 1080
30060739 1080
30060739 1080
30060739 1080
30060740 1080
30060740 1080
30060740 1080
30060741 1080
30060741 1080
30060741 1080
30060742 1080
30060742 1080
30060743 1080
30060743 1080
30060743 1080
30060744 1080
30060744 1080
30060744 1080
30060745 1080
30060745 1080
30060745 1080
30060746 1080
30060746 1080
30060746 1080
30060747 1080
30060747 1080
30060747 1080
30060748 1080
30060748 1080
30060748 1080
30060749 1080
30060749 1080
30060749 1080
30060750 1080
30060750 1080
30060750 1080
30060751 1080
30060751 1080
30060751 1080
30060752 1080
30060752 1080
30060752 1080
30060753 1080
30060753 1080
30060754 1080
30060754 1080
30060754 1080
30060755 1080
30060755 1080
30060755 1080
30060756 1080
30060756 1080
30060756 1080
30060757 1080
30060757 1080
30060757 1080
30060758 1080
30060758 1080
30060758 1080
30060759 1080
30060759 1080
30060759 1080
30060800 1080
30060800 1080
30060800 1080
30060801 1080
30060801 1080
30060801 1080
30060802 1080
30060802 1080
30060802 1080
30060803 1080
30060803 1080
30060803 1080
30060804 1080
30060804 1080
30060804 1080
30060805 1080
30060805 1080
30060805 1080
30060806 1080
30060806 1080
30060806 1080
30060807 1080
30060807 1080
30060807 1080
30060808 1080
30060808 1080
30060808 1080
30060809 1080
30060809 1080
30060810 1080
30060810 1080
30060810 1080
30060811 1080
30060811 1080
30060811 1080
30060812 1080
30060812 1080
30060812 1080
30060813 1080
30060813 1080
30060813 1080
30060814 1080
30060814 1080
30060814 1080
30060815 1080
30060815 1080
30060815 1080
30060816 1080
30060816 1080
30060816 1080
30060817 1080
30060817 1080
30060817 1080
30060818 1080
30060818 1080
30060818 1080
30060819 1080
30060819 1080
30060819 1080
30060820 1080
30060820 1080
30060820 1080
30060821 1080
30060821 1080
30060821 1080
30060822 1080
30060822 1080
30060822 1080
30060823 1080
30060823 1080
30060823 1080
30060824 1080
30060824 1080
30060824 1080
30060825 1080
30060825 1080
30060825 1080
30060826 1080
30060826 1080
30060826 1080
30060827 1080
30060827 1080
30060827 1080
30060828 1080
30060828 1080
30060828 1080
30060829 1080
30060829 1080
30060829 1080
30060830 1080
30060830 1080
30060830 1080
30060831 1080
30060831 1080
30060831 1080
30060832 1080
30060832 1080
30060832 1080
30060833 1080
30060833 1080
30060833 1080
30060834 1080
30060834 1080
30060834 1080
30060835 1080
30060835 1080
30060835 1080
30060836 1080
30060836 1080
30060836 1080
30060837 1080
30060837 1080
30060838 1080
30060838 1080
30060838 1080
30060839 1080
30060839 1080
30060839 1082
30060840 1082
30060840 1082
30060840 1082
30060841 1082
30060841 1082
30060841 1082
30060842 1082
30060842 1082
30060842 1082
30060843 1082
30060843 1082
30060843 1082
30060844 1082
30060844 1082
30060844 1082
30060845 1082
30060845 1082
30060845 1082
30060846 1082
30060846 1082
30060846 1082
30060847 1082
30060847 1082
30060847 1082
30060848 1082
30060848 1082
30060848 1082
30060849 1082
30060849 1082
30060849 1082
30060850 1082
30060850 1082
30060850 1082
30060851 1082
30060851 1082
30060851 1082
30060852 1082
30060852 1082
30060852 1082
30060853 1082
30060853 1082
30060853 1082
30060854 1082
30060854 1082
30060854 1082
30060855 1082
30060855 1082
30060855 1082
30060856 1082
30060856 1082
30060856 1082
30060857 1082
30060857 1082
30060857 1082
30060858 1082
30060858 1082
30060859 1082
30060859 1082
30060859 1082
30060900 1082
30060900 1082
30060900 1082
30060901 1082
30060901 1082
30060901 1082
30060902 1082
30060902 1082
30060902 1082
30060903 1082
30060903 1082
30060903 1082
30060904 1082
30060904 1082
30060904 1082
30060905 1082
30060905 1082
30060905 1082
30060906 1082
30060906 1082
30060906 1082
30060907 1082
30060907 1082
30060907 1082
30060908 1082
30060908 1082
30060908 1082
30060909 1082
30060909 1082
30060910 1082
30060910 1082
30060910 1082
30060911 1082
30060911 1082
30060911 1082
30060912 1082
30060912 1082
30060912 1082
30060913 1082
30060913 1082
30060913 1082
30060914 1082
30060914 1082
30060914 1082
30060915 1082
30060915 1082
30060915 1082
30060916 1082
30060916 1082
30060916 1082
30060917 1082
30060917 1082
30060917 1082
30060918 1082
30060918 1082
30060918 1082
30060919 1082
30060919 1082
30060920 1082
30060920 1082
30060920 1082
30060921 1082
30060921 1082
30060921 1082
30060922 1082
30060922 1082
30060922 1082
30060923 1082
30060923 1082
30060923 1082
30060924 1082
30060924 1082
30060924 1082
30060925 1082
30060925 1082
30060925 1082
30060926 1082
30060926 1082
30060926 1082
30060927 1082
30060927 1082
30060927 1082
30060928 1082
30060928 1082
30060928 1082
30060929 1082
30060929 1082
30060929 1082
30060930 1082
30060930 1082
30060931 1082
30060931 1082
30060931 1082
30060932 1082
30060932 1082
30060932 1082
30060933 1082
30060933 1082
30060933 1082
30060934 1082
30060934 1082
30060934 1082
30060935 1082
30060935 1082
30060935 1082
30060936 1082
30060936 1082
30060936 1082
30060937 1082
30060937 1082
30060937 1082
30060938 1082
30060938 1082
30060938 1082
30060939 1082
30060939 1082
30060940 1082
30060940 1082
30060940 1082
30060941 1082
30060941 1082
30060941 1082
30060942 1082
30060942 1082
30060942 1082
30060943 1082
30060943 1082
30060943 1082
30060944 1082
30060944 1082
30060944 1082
30060945 1082
30060945 1082
30060945 1082
30060946 1082
30060946 1082
30060946 1082
30060947 1082
30060947 1082
30060947 1082
30060948 1082
30060948 1082
30060948 1082
30060949 1082
30060949 1082
30060949 1082
30060950 1082
30060950 1082
30060951 1082
30060951 1082
30060951 1082
30060952 1082
30060952 1082
30060952 1082
30060953 1082
30060953 1082
30060953 1082
30060954 1082
30060954 1082
30060954 1082
30060955 1082
30060955 1082
30060955 1082
30060956 1082
30060956 1082
30060956 1082
30060957 1082
30060957 1082
30060958 1082
30060958 1082
30060958 1082
30060959 1082
30060959 1082
30060959 1082
30061000 1082
30061000 1082
30061000 1082
30061001 1082
30061001 1082
30061001 1082
30061002 1082
30061002 1082
30061002 1082
30061003 1082
30061003 1082
30061003 1082
30061004 1082
30061004 1082
30061004 1082
30061005 1082
30061005 1082
30061005 1082
30061006 1082
30061006 1082
30061006 1082
30061007 1082
30061007 1082
30061008 1082
30061008 1082
30061008 1082
30061009 1082
30061009 1082
30061009 1082
30061010 1082
30061010 1082
30061010 1082
30061011 1082
30061011 1082
30061011 1082
30061012 1082
30061012 1082
30061012 1082
30061013 1082
30061013 1082
30061013 1082
30061014 1082
30061014 1082
30061014 1082
30061015 1082
30061015 1082
30061015 1082
30061016 1082
30061016 1082
30061016 1082
30061017 1082
30061017 1082
30061018 1082
30061018 1082
30061018 1082
30061019 1082
30061019 1082
30061019 1082
30061020 1082
30061020 1082
30061020 1082
30061021 1082
30061021 1082
30061021 1082
30061022 1082
30061022 1082
30061022 1082
30061023 1082
30061023 1082
30061023 1082
30061024 1082
30061024 1082
30061024 1082
30061025 1082
30061025 1082
30061026 1084
30061026 1084
30061026 1084
30061027 1084
30061027 1084
30061027 1084
30061028 1084
30061028 1084
30061028 1084
30061029 1084
30061029 1084
30061029 1084
30061030 1084
30061030 1084
30061030 1084
30061031 1084
30061031 1084
30061031 1084
30061032 1084
30061032 1084
30061032 1084
30061033 1084
30061033 1084
30061033 1084
30061034 1084
30061034 1084
30061034 1084
30061035 1084
30061035 1084
30061036 1084
30061036 1084
30061036 1084
30061037 1084
30061037 1084
30061037 1084
30061038 1084
30061038 1084
30061038 1084
30061039 1084
30061039 1084
30061039 1084
30061040 1084
30061040 1084
30061040 1084
30061041 1084
30061041 1084
30061041 1084
30061042 1084
30061042 1084
30061042 1084
30061043 1084
30061043 1084
30061043 1084
30061044 1084
30061044 1084
30061044 1084
30061045 1084
30061045 1084
30061045 1084
30061046 1084
30061046 1084
30061047 1084
30061047 1084
30061047 1084
30061048 1084
30061048 1084
30061048 1084
30061049 1084
30061049 1084
30061049 1084
30061050 1084
30061050 1084
30061050 1084
30061051 1084
30061051 1084
30061052 1084
30061052 1084
30061052 1084
30061053 1084
30061053 1084
30061053 1084
30061054 1084
30061054 1084
30061054 1084
30061055 1084
30061055 1084
30061055 1084
30061056 1084
30061056 1084
30061057 1084
30061057 1084
30061057 1084
30061058 1084
30061058 1084
30061058 1084
30061059 1084
30061059 1084
30061059 1084
30061100 1084
30061100 1084
30061100 1084
30061101 1084
30061101 1084
30061101 1084
30061102 1084
30061102 1084
30061102 1084
30061103 1084
30061103 1084
30061103 1084
30061104 1084
30061104 1084
30061104 1084
30061105 1084
30061105 1084
30061105 1084
30061106 1084
30061106 1084
30061107 1084
30061107 1084
30061107 1084
30061108 1084
30061108 1084
30061108 1084
30061109 1084
30061109 1084
30061109 1084
30061110 1084
30061110 1084
30061111 1084
30061111 1084
30061111 1084
30061112 1084
30061112 1084
30061112 1084
30061113 1084
30061113 1084
30061113 1084
30061114 1084
30061114 1084
30061114 1084
30061115 1084
30061115 1084
30061116 1084
30061116 1084
30061116 1084
30061117 1084
30061117 1084
30061117 1084
30061118 1084
30061118 1084
30061118 1084
30061119 1084
30061119 1084
30061119 1084
30061120 1084
30061120 1084
30061121 1084
30061121 1084
30061121 1084
30061122 1084
30061122 1084
30061122 1084
30061123 1084
30061123 1084
30061123 1084
30061124 1084
30061124 1084
30061124 1084
30061125 1084
30061125 1084
30061125 1084
30061126 1084
30061126 1084
30061126 1084
30061127 1084
30061127 1084
30061127 1084
30061128 1084
30061128 1084
30061128 1084
30061129 1084
30061129 1084
30061129 1084
30061130 1084
30061130 1084
30061130 1084
30061131 1084
30061131 1084
30061132 1084
30061132 1084
30061132 1084
30061133 1084
30061133 1084
30061133 1084
30061134 1084
30061134 1084
30061134 1084
30061135 1084
30061135 1084
30061135 1084
30061136 1084
30061136 1084
30061136 1084
30061137 1084
30061137 1084
30061137 1084
30061138 1084
30061138 1084
30061138 1084
30061139 1084
30061139 1084
30061139 1084
30061140 1084
30061140 1084
30061141 1084
30061141 1084
30061141 1084
30061142 1084
30061142 1084
30061142 1084
30061143 1084
30061143 1084
30061143 1084
30061144 1084
30061144 1084
30061144 1084
30061145 1084
30061145 1084
30061145 1084
30061146 1084
30061146 1084
30061146 1084
30061147 1084
30061147 1084
30061147 1084
30061148 1084
30061148 1084
30061149 1084
30061149 1084
30061149 1084
30061150 1084
30061150 1084
30061150 1084
30061151 1084
30061151 1084
30061151 1084
30061152 1084
30061152 1084
30061152 1084
30061153 1084
30061153 1084
30061153 1084
30061154 1084
30061154 1084
30061154 1084
30061155 1084
30061155 1084
30061155 1084
30061156 1084
30061156 1084
30061156 1084
30061157 1084
30061157 1084
30061157 1084
30061158 1084
30061158 1084
30061158 1084
30061159 1084
30061159 1084
30061159 1084
30061200 1084
30061200 1084
30061201 1084
30061201 1084
30061201 1084
30061202 1084
30061202 1084
30061202 1084
30061203 1084
30061203 1084
30061203 1084
30061204 1084
30061204 1084
30061204 1084
30061205 1084
30061205 1084
30061205 1084
30061206 1084
30061206 1084
30061206 1084
30061207 1084
30061207 1084
30061207 1084
30061208 1084
30061208 1084
30061208 1084
30061209 1084
30061209 1084
30061210 1084
30061210 1084
30061210 1084
30061211 1084
30061211 1084
30061211 1084
30061212 1084
30061212 1084
30061212 1084
30061213 1084
30061213 1084
30061213 1084
30061214 1084
30061214 1084
30061214 1084
30061215 1084
30061215 1084
30061215 1084
30061216 1084
30061216 1084
30061216 1084
30061217 1084
30061217 1084
30061218 1084
30061218 1084
30061218 1084
30061219 1084
30061219 1084
30061219 1084
30061220 1084
30061220 1084
30061220 1084
30061221 1084
30061221 1084
30061221 1084
30061222 1084
30061222 1084
30061222 1084
30061223 1088
30061223 1088
30061223 1088
30061224 1088
30061224 1088
30061224 1088
30061225 1088
30061225 1088
30061225 1088
30061226 1088
30061226 1088
30061226 1088
30061227 1088
30061227 1088
30061228 1088
30061228 1088
30061228 1088
30061229 1088
30061229 1088
30061229 1088
30061230 1088
30061230 1088
30061230 1088
30061231 1088
30061231 1088
30061231 1088
30061232 1088
30061232 1088
30061232 1088
30061233 1088
30061233 1088
30061233 1088
30061234 1088
30061234 1088
30061234 1088
30061235 1088
30061235 1088
30061235 1088
30061236 1088
30061236 1088
30061236 1088
30061237 1088
30061237 1088
30061237 1088
30061238 1088
30061238 1088
30061238 1088
30061239 1088
30061239 1088
30061240 1088
30061240 1088
30061240 1088
30061241 1088
30061241 1088
30061241 1088
30061242 1088
30061242 1088
30061242 1088
30061243 1088
30061243 1088
30061243 1088
30061244 1088
30061244 1088
30061244 1088
30061245 1088
30061245 1088
30061245 1088
30061246 1088
30061246 1088
30061246 1088
30061247 1088
30061247 1088
30061247 1088
30061248 1088
30061248 1088
30061249 1088
30061249 1088
30061249 1088
30061250 1088
30061250 1088
30061250 1088
30061251 1088
30061251 1088
30061251 1088
30061252 1088
30061252 1088
30061252 1088
30061253 1088
30061253 1088
30061253 1088
30061254 1088
30061254 1088
30061254 1088
30061255 1088
30061255 1088
30061255 1088
30061256 1088
30061256 1088
30061256 1088
30061257 1088
30061257 1088
30061257 1088
30061258 1088
30061258 1088
30061259 1088
30061259 1088
30061259 1088
30061300 1088
30061300 1088
30061300 1088
30061301 1088
30061301 1088
30061301 1088
30061302 1088
30061302 1088
30061302 1088
30061303 1088
30061303 1088
30061303 1088
30061304 1088
30061304 1088
30061304 1088
30061305 1088
30061305 1088
30061305 1088
30061306 1088
30061306 1088
30061307 1088
30061307 1088
30061307 1088
30061308 1088
30061308 1088
30061308 1088
30061309 1088
30061309 1088
30061309 1088
30061310 1088
30061310 1088
30061310 1088
30061311 1088
30061311 1088
30061311 1088
30061312 1088
30061312 1088
30061312 1088
30061313 1088
30061313 1088
30061313 1088
30061314 1088
30061314 1088
30061314 1088
30061315 1088
30061315 1088
30061315 1088
30061316 1088
30061316 1088
30061316 1088
30061317 1088
30061317 1088
30061317 1088
30061318 1088
30061318 1088
30061318 1088
30061319 1088
30061319 1088
30061319 1088
30061320 1088
30061320 1088
30061321 1088
30061321 1088
30061321 1088
30061322 1088
30061322 1088
30061322 1088
30061323 1088
30061323 1088
30061323 1088
30061324 1088
30061324 1088
30061324 1088
30061325 1088
30061325 1088
30061325 1088
30061326 1088
30061326 1088
30061327 1088
30061327 1088
30061327 1088
30061328 1088
30061328 1088
30061328 1088
30061329 1088
30061329 1088
30061329 1088
30061330 1088
30061330 1088
30061330 1088
30061331 1088
30061331 1088
30061331 1088
30061332 1088
30061332 1088
30061332 1088
30061333 1088
30061333 1088
30061333 1088
30061334 1088
30061334 1088
30061334 1088
30061335 1088
30061335 1088
30061335 1088
30061336 1088
30061336 1088
30061337 1088
30061337 1088
30061337 1088
30061338 1088
30061338 1088
30061338 1088
30061339 1088
30061339 1088
30061339 1088
30061340 1088
30061340 1088
30061340 1088
30061341 1088
30061341 1088
30061341 1088
30061342 1088
30061342 1088
30061342 1088
30061343 1088
30061343 1088
30061343 1088
30061344 1088
30061344 1088
30061344 1088
30061345 1088
30061345 1088
30061346 1088
30061346 1088
30061346 1088
30061347 1088
30061347 1088
30061347 1088
30061348 1088
30061348 1088
30061348 1088
30061349 1088
30061349 1088
30061349 1088
30061350 1088
30061350 1088
30061350 1088
30061351 1088
30061351 1088
30061351 1088
30061352 1088
30061352 1088
30061352 1088
30061353 1088
30061353 1088
30061353 1088
30061354 1088
30061354 1088
30061354 1088
30061355 1088
30061355 1088
30061355 1088
30061356 1088
30061356 1088
30061357 1088
30061357 1088
30061357 1088
30061358 1088
30061358 1088
30061358 1088
30061359 1088
30061359 1088
30061359 1088
30061400 1088
30061400 1088
30061400 1088
30061401 1088
30061401 1088
30061401 1088
30061402 1088
30061402 1088
30061402 1088
30061403 1088
30061403 1088
30061403 1088
30061404 1088
30061404 1088
30061404 1088
30061405 1088
30061405 1088
30061405 1088
30061406 1088
30061406 1088
30061406 1088
30061407 1088
30061407 1088
30061407 1088
30061408 1088
30061408 1088
30061408 1088
30061409 1088
30061409 1088
30061409 1088
30061410 1088
30061410 1088
30061410 1088
30061411 1088
30061411 1088
30061412 1088
30061412 1088
30061412 1088
30061413 1088
30061413 1088
30061413 1088
30061414 1088
30061414 1088
30061414 1088
30061415 1088
30061415 1088
30061415 1088
30061416 1088
30061416 1088
30061416 1088
30061417 1088
30061417 1088
30061417 1088
30061418 1088
30061418 1088
30061419 1088
30061419 1088
30061419 1088
30061420 1088
30061420 1088
30061420 1088
30061421 1088
30061421 1088
30061421 1088
30061422 1088
30061422 1088
30061422 1088
30061423 1088
30061423 1088
30061423 1088
30061424 1088
30061424 1088
30061424 1088
30061425 1088
30061425 1088
30061425 1088
30061426 1088
30061426 1088
30061426 1088
30061427 1088
30061427 1088
30061427 1088
30061428 1088
30061428 1088
30061429 1088
30061429 1088
30061429 1088
30061430 1088
30061430 1088
30061430 1088
30061431 1088
30061431 1088
30061431 1088
30061432 1088
30061432 1088
30061432 1088
30061433 1088
30061433 1088
30061433 1088
30061434 1088
30061434 1088
30061434 1088
30061435 1088
30061435 1090
30061435 1090
30061436 1090
30061436 1090
30061436 1090
30061437 1090
30061437 1090
30061437 1090
30061438 1090
30061438 1090
30061439 1090
30061439 1090
30061439 1090
30061440 1090
30061440 1090
30061440 1090
30061441 1090
30061441 1090
30061441 1090
30061442 1090
30061442 1090
30061442 1090
30061443 1090
30061443 1090
30061443 1090
30061444 1090
30061444 1090
30061444 1090
30061445 1090
30061445 1090
30061445 1090
30061446 1090
30061446 1090
30061446 1090
30061447 1090
30061447 1090
30061448 1090
30061448 1090
30061448 1090
30061449 1090
30061449 1090
30061449 1090
30061450 1090
30061450 1090
30061450 1090
30061451 1090
30061451 1090
30061451 1090
30061452 1090
30061452 1090
30061452 1090
30061453 1090
30061453 1090
30061453 1090
30061454 1090
30061454 1090
30061454 1090
30061455 1090
30061455 1090
30061455 1090
30061456 1090
30061456 1090
30061456 1090
30061457 1090
30061457 1090
30061457 1090
30061458 1090
30061458 1090
30061458 1090
30061459 1090
30061459 1090
30061459 1090
30061500 1090
30061500 1090
30061501 1090
30061501 1090
30061501 1090
30061502 1090
30061502 1090
30061502 1090
30061503 1090
30061503 1090
30061503 1090
30061504 1090
30061504 1090
30061504 1090
30061505 1090
30061505 1090
30061505 1090
30061506 1090
30061506 1090
30061506 1090
30061507 1090
30061507 1090
30061507 1090
30061508 1090
30061508 1090
30061508 1090
30061509 1090
30061509 1090
30061509 1090
30061510 1090
30061510 1090
30061510 1090
30061511 1090
30061511 1090
30061511 1090
30061512 1090
30061512 1090
30061512 1090
30061513 1090
30061513 1090
30061513 1090
30061514 1090
30061514 1090
30061514 1090
30061515 1090
30061515 1090
30061516 1090
30061516 1090
30061516 1090
30061517 1090
30061517 1090
30061517 1090
30061518 1090
30061518 1090
30061518 1090
30061519 1090
30061519 1090
30061519 1090
30061520 1090
30061520 1090
30061520 1090
30061521 1090
30061521 1090
30061522 1090
30061522 1090
30061522 1090
30061523 1090
30061523 1090
30061523 1090
30061524 1090
30061524 1090
30061524 1090
30061525 1090
30061525 1090
30061525 1090
30061526 1090
30061526 1090
30061526 1090
30061527 1090
30061527 1090
30061527 1090
30061528 1090
30061528 1090
30061528 1090
30061529 1090
30061529 1090
30061530 1090
30061530 1090
30061530 1090
30061531 1090
30061531 1090
30061531 1090
30061532 1090
30061532 1090
30061532 1090
30061533 1090
30061533 1090
30061533 1090
30061534 1090
30061534 1090
30061535 1090
30061535 1090
30061535 1090
30061536 1090
30061536 1090
30061536 1090
30061537 1090
30061537 1090
30061537 1090
30061538 1090
30061538 1090
30061538 1090
30061539 1090
30061539 1090
30061539 1090
30061540 1090
30061540 1090
30061540 1090
30061541 1090
30061541 1090
30061542 1090
30061542 1090
30061542 1090
30061543 1090
30061543 1090
30061543 1090
30061544 1090
30061544 1090
30061544 1090
30061545 1090
30061545 1090
30061545 1090
30061546 1090
30061546 1090
30061547 1090
30061547 1090
30061547 1090
30061548 1090
30061548 1090
30061548 1090
30061549 1090
30061549 1090
30061549 1090
30061550 1090
30061550 1090
30061550 1090
30061551 1090
30061551 1090
30061551 1090
30061552 1090
30061552 1090
30061552 1090
30061553 1090
30061553 1090
30061553 1090
30061554 1090
30061554 1090
30061555 1090
30061555 1090
30061555 1090
30061556 1090
30061556 1090
30061556 1090
30061557 1090
30061557 1090
30061557 1090
30061558 1090
30061558 1090
30061558 1090
30061559 1090
30061559 1090
30061559 1090
30061600 1090
30061600 1090
30061600 1090
30061601 1090
30061601 1090
30061601 1090
30061602 1090
30061602 1090
30061602 1090
30061603 1090
30061603 1090
30061604 1090
30061604 1090
30061604 1090
30061605 1090
30061605 1090
30061605 1090
30061606 1090
30061606 1090
30061606 1090
30061607 1090
30061607 1090
30061607 1090
30061608 1090
30061608 1090
30061608 1090
30061609 1090
30061609 1090
30061609 1090
30061610 1090
30061610 1090
30061610 1090
30061611 1090
30061611 1090
30061611 1090
30061612 1090
30061612 1090
30061612 1090
30061613 1090
30061613 1090
30061613 1090
30061614 1090
30061614 1090
30061614 1090
30061615 1090
30061615 1090
30061615 1090
30061616 1090
30061616 1090
30061616 1090
30061617 1090
30061617 1090
30061617 1090
30061618 1090
30061618 1090
30061618 1090
30061619 1090
30061619 1090
30061619 1090
30061620 1090
30061620 1090
30061620 1090
30061621 1090
30061621 1090
30061622 1090
30061622 1090
30061622 1090
30061623 1090
30061623 1090
30061623 1090
30061624 1090
30061624 1090
30061624 1090
30061625 1090
30061625 1090
30061625 1090
30061626 1090
30061626 1090
30061626 1090
30061627 1090
30061627 1090
30061627 1090
30061628 1090
30061628 1090
30061628 1090
30061629 1090
30061629 1090
30061629 1090
30061630 1090
30061630 1090
30061630 1090
30061631 1090
30061631 1090
30061631 1090
30061632 1090
30061632 1090
30061632 1090
30061633 1090
30061633 1090
30061634 1090
30061634 1090
30061634 1090
30061635 1090
30061635 1090
30061635 1090
30061636 1090
30061636 1090
30061636 1090
30061637 1090
30061637 1090
30061637 1090
30061638 1090
30061638 1090
30061638 1090
30061639 1090
30061639 1090
30061639 1090
30061640 1090
30061640 1090
30061640 1090
30061641 1090
30061641 1090
30061642 1090
30061642 1090
30061642 1090
30061643 1090
30061643 1090
30061643 1090
30061644 1090
30061644 1090
30061644 1090
30061645 1090
30061645 1090
30061646 1090
30061646 1090
30061646 1090
30061647 1090
30061647 1090
30061647 1090
30061648 1090
30061648 1090
30061648 1090
30061649 1090
30061649 1090
30061649 1090
30061650 1090
30061650 1090
30061650 1090
30061651 1090
30061651 1090
30061651 1090
30061652 1090
30061652 1090
30061652 1090
30061653 1090
30061653 1090
30061653 1090
30061654 1090
30061654 1090
30061655 1090
30061655 1090
30061655 1090
30061656 1090
30061656 1090
30061656 1090
30061657 1090
30061657 1092
30061657 1092
30061658 1092
30061658 1092
30061658 1092
30061659 1092
30061659 1092
30061659 1092
30061700 1092
30061700 1092
30061700 1092
30061701 1092
30061701 1092
30061701 1092
30061702 1092
30061702 1092
30061703 1092
30061703 1092
30061703 1092
30061704 1092
30061704 1092
30061704 1092
30061705 1092
30061705 1092
30061705 1092
30061706 1092
30061706 1092
30061706 1092
30061707 1092
30061707 1092
30061707 1092
30061708 1092
30061708 1092
30061708 1092
30061709 1092
30061709 1092
30061710 1092
30061710 1092
30061710 1092
30061711 1092
30061711 1092
30061711 1092
30061712 1092
30061712 1092
30061712 1092
30061713 1092
30061713 1092
30061713 1092
30061714 1092
30061714 1092
30061714 1092
30061715 1092
30061715 1092
30061715 1092
30061716 1092
30061716 1092
30061717 1092
30061717 1092
30061717 1092
30061718 1092
30061718 1092
30061718 1092
30061719 1092
30061719 1092
30061719 1092
30061720 1092
30061720 1092
30061720 1092
30061721 1092
30061721 1092
30061721 1092
30061722 1092
30061722 1092
30061722 1092
30061723 1092
30061723 1092
30061724 1092
30061724 1092
30061724 1092
30061725 1092
30061725 1092
30061725 1092
30061726 1092
30061726 1092
30061726 1092
30061727 1092
30061727 1092
30061727 1092
30061728 1092
30061728 1092
30061728 1092
30061729 1092
30061729 1092
30061729 1092
30061730 1092
30061730 1092
30061731 1092
30061731 1092
30061731 1092
30061732 1092
30061732 1092
30061732 1092
30061733 1092
30061733 1092
30061733 1092
30061734 1092
30061734 1092
30061734 1092
30061735 1092
30061735 1092
30061735 1092
30061736 1092
30061736 1092
30061736 1092
30061737 1092
30061737 1092
30061737 1092
30061738 1092
30061738 1092
30061739 1092
30061739 1092
30061739 1092
30061740 1092
30061740 1092
30061740 1092
30061741 1092
30061741 1092
30061741 1092
30061742 1092
30061742 1092
30061742 1092
30061743 1092
30061743 1092
30061743 1092
30061744 1092
30061744 1092
30061744 1092
30061745 1092
30061745 1092
30061745 1092
30061746 1092
30061746 1092
30061746 1092
30061747 1092
30061747 1092
30061747 1092
30061748 1092
30061748 1092
30061748 1092
30061749 1092
30061749 1092
30061749 1092
30061750 1092
30061750 1092
30061750 1092
30061751 1092
30061751 1092
30061751 1092
30061752 1092
30061752 1092
30061752 1092
30061753 1092
30061753 1092
30061753 1092
30061754 1092
30061754 1092
30061754 1092
30061755 1092
30061755 1092
30061756 1092
30061756 1092
30061756 1092
30061757 1092
30061757 1092
30061757 1092
30061758 1092
30061758 1092
30061758 1092
30061759 1092
30061759 1092
30061759 1092
30061800 1092
30061800 1092
30061800 1092
30061801 1092
30061801 1092
30061801 1092
30061802 1092
30061802 1092
30061803 1092
30061803 1092
30061803 1092
30061804 1092
30061804 1092
30061804 1092
30061805 1092
30061805 1092
30061805 1092
30061806 1092
30061806 1092
30061806 1092
30061807 1092
30061807 1092
30061807 1092
30061808 1092
30061808 1092
30061808 1092
30061809 1092
30061809 1092
30061809 1092
30061810 1092
30061810 1092
30061810 1092
30061811 1092
30061811 1092
30061812 1092
30061812 1092
30061812 1092
30061813 1092
30061813 1092
30061813 1092
30061814 1092
30061814 1092
30061814 1092
30061815 1092
30061815 1092
30061815 1092
30061816 1092
30061816 1092
30061816 1092
30061817 1092
30061817 1092
30061818 1092
30061818 1092
30061818 1092
30061819 1092
30061819 1092
30061819 1092
30061820 1092
30061820 1092
30061820 1092
30061821 1092
30061821 1092
30061821 1092
30061822 1092
30061822 1092
30061822 1092
30061823 1092
30061823 1092
30061824 1092
30061824 1092
30061824 1092
30061825 1092
30061825 1092
30061825 1092
30061826 1092
30061826 1092
30061826 1092
30061827 1092
30061827 1092
30061827 1092
30061828 1092
30061828 1092
30061828 1092
30061829 1092
30061829 1092
30061829 1092
30061830 1092
30061830 1092
30061830 1092
30061831 1092
30061831 1092
30061832 1092
30061832 1092
30061832 1092
30061833 1092
30061833 1092
30061833 1092
30061834 1092
30061834 1092
30061834 1092
30061835 1092
30061835 1092
30061836 1092
30061836 1092
30061836 1092
30061837 1092
30061837 1092
30061837 1092
30061838 1092
30061838 1092
30061838 1092
30061839 1092
30061839 1092
30061839 1092
30061840 1092
30061840 1092
30061841 1092
30061841 1092
30061841 1092
30061842 1092
30061842 1092
30061842 1092
30061843 1092
30061843 1092
30061843 1092
30061844 1092
30061844 1092
30061844 1092
30061845 1092
30061845 1092
30061845 1092
30061846 1092
30061846 1092
30061847 1092
30061847 1092
30061847 1092
30061848 1092
30061848 1092
30061848 1092
30061849 1092
30061849 1092
30061849 1092
30061850 1092
30061850 1092
30061850 1092
30061851 1092
30061851 1092
30061851 1092
30061852 1092
30061852 1092
30061852 1092
30061853 1092
30061853 1092
30061853 1092
30061854 1092
30061854 1092
30061855 1092
30061855 1092
30061855 1092
30061856 1092
30061856 1092
30061856 1092
30061857 1092
30061857 1092
30061857 1092
30061858 1092
30061858 1092
30061858 1092
30061859 1092
30061859 1092
30061859 1092
30061900 1092
30061900 1092
30061900 1092
30061901 1092
30061901 1092
30061901 1092
30061902 1092
30061902 1092
30061903 1092
30061903 1092
30061903 1092
30061904 1092
30061904 1092
30061904 1092
30061905 1092
30061905 1092
30061905 1092
30061906 1092
30061906 1092
30061906 1092
30061907 1092
30061907 1092
30061907 1092
30061908 1092
30061908 1092
30061908 1092
30061909 1092
30061909 1092
30061909 1092
30061910 1092
30061910 1092
30061910 1092
30061911 1092
30061911 1092
30061912 1092
30061912 1092
30061912 1092
30061913 1092
30061913 1092
30061913 1092
30061914 1092
30061914 1092
30061914 1092
30061915 1092
30061915 1092
30061915 1092
30061916 1092
30061916 1092
30061916 1092
30061917 1092
30061917 1092
30061917 1092
30061918 1092
30061918 1092
30061918 1092
30061919 1092
30061919 1092
30061919 1092
30061920 1092
30061920 1092
30061921 1092
30061921 1092
30061921 1092
30061922 1092
30061922 1092
30061922 1092
30061923 1092
30061923 1092
30061923 1092
30061924 1092
30061924 1092
30061924 1092
30061925 1092
30061925 1092
30061925 1092
30061926 1092
30061926 1092
30061926 1092
30061927 1092
30061927 1092
30061927 1092
30061928 1092
30061928 1092
30061928 1092
30061929 1092
30061929 1092
30061929 1092
30061930 1092
30061930 1092
30061930 1092
30061931 1092
30061931 1092
30061931 1092
30061932 1092
30061932 1092
30061932 1092
30061933 1092
30061933 1092
30061933 1092
30061934 1092
30061934 1092
30061935 1092
30061935 1096
30061935 1096
30061936 1096
30061936 1096
30061936 1096
30061937 1096
30061937 1096
30061937 1096
30061938 1096
30061938 1096
30061938 1096
30061939 1096
30061939 1096
30061939 1096
30061940 1096
30061940 1096
30061940 1096
30061941 1096
30061941 1096
30061941 1096
30061942 1096
30061942 1096
30061942 1096
30061943 1096
30061943 1096
30061943 1096
30061944 1096
30061944 1096
30061945 1096
30061945 1096
30061945 1096
30061946 1096
30061946 1096
30061946 1096
30061947 1096
30061947 1096
30061947 1096
30061948 1096
30061948 1096
30061948 1096
30061949 1096
30061949 1096
30061949 1096
30061950 1096
30061950 1096
30061950 1096
30061951 1096
30061951 1096
30061951 1096
30061952 1096
30061952 1096
30061952 1096
30061953 1096
30061953 1096
30061954 1096
30061954 1096
30061954 1096
30061955 1096
30061955 1096
30061955 1096
30061956 1096
30061956 1096
30061956 1096
30061957 1096
30061957 1096
30061957 1096
30061958 1096
30061958 1096
30061958 1096
30061959 1096
30061959 1096
30061959 1096
30062000 1096
30062000 1096
30062000 1096
30062001 1096
30062001 1096
30062001 1096
30062002 1096
30062002 1096
30062003 1096
30062003 1096
30062003 1096
30062004 1096
30062004 1096
30062004 1096
30062005 1096
30062005 1096
30062005 1096
30062006 1096
30062006 1096
30062006 1096
30062007 1096
30062007 1096
30062007 1096
30062008 1096
30062008 1096
30062008 1096
30062009 1096
30062009 1096
30062010 1096
30062010 1096
30062010 1096
30062011 1096
30062011 1096
30062011 1096
30062012 1096
30062012 1096
30062012 1096
30062013 1096
30062013 1096
30062013 1096
30062014 1096
30062014 1096
30062014 1096
30062015 1096
30062015 1096
30062015 1096
30062016 1096
30062016 1096
30062017 1096
30062017 1096
30062017 1096
30062018 1096
30062018 1096
30062018 1096
30062019 1096
30062019 1096
30062019 1096
30062020 1096
30062020 1096
30062020 1096
30062021 1096
30062021 1096
30062022 1096
30062022 1096
30062022 1096
30062023 1096
30062023 1096
30062023 1096
30062024 1096
30062024 1096
30062025 1096
30062025 1096
30062025 1096
30062026 1096
30062026 1096
30062026 1096
30062027 1096
30062027 1096
30062027 1096
30062028 1096
30062028 1096
30062028 1096
30062029 1096
30062029 1096
30062030 1096
30062030 1096
30062030 1096
30062031 1096
30062031 1096
30062031 1096
30062032 1096
30062032 1096
30062032 1096
30062033 1096
30062033 1096
30062033 1096
30062034 1096
30062034 1096
30062034 1096
30062035 1096
30062035 1096
30062036 1096
30062036 1096
30062036 1096
30062037 1096
30062037 1096
30062037 1096
30062038 1096
30062038 1096
30062038 1096
30062039 1096
30062039 1096
30062039 1096
30062040 1096
30062040 1096
30062040 1096
30062041 1096
30062041 1096
30062042 1096
30062042 1096
30062042 1096
30062043 1096
30062043 1096
30062043 1096
30062044 1096
30062044 1096
30062044 1096
30062045 1096
30062045 1096
30062045 1096
30062046 1096
30062046 1096
30062047 1096
30062047 1096
30062047 1096
30062048 1096
30062048 1096
30062048 1096
30062049 1096
30062049 1096
30062049 1096
30062050 1096
30062050 1096
30062050 1096
30062051 1096
30062051 1096
30062052 1096
30062052 1096
30062052 1096
30062053 1096
30062053 1096
30062053 1096
30062054 1096
30062054 1096
30062054 1096
30062055 1096
30062055 1096
30062056 1096
30062056 1096
30062056 1096
30062057 1096
30062057 1096
30062057 1096
30062058 1096
30062058 1096
30062058 1096
30062059 1096
30062059 1096
30062059 1096
30062100 1096
30062100 1096
30062100 1096
30062101 1096
30062101 1096
30062102 1096
30062102 1096
30062102 1096
30062103 1096
30062103 1096
30062103 1096
30062104 1096
30062104 1096
30062104 1096
30062105 1096
30062105 1096
30062105 1096
30062106 1096
30062106 1096
30062106 1096
30062107 1096
30062107 1096
30062107 1096
30062108 1096
30062108 1096
30062108 1096
30062109 1096
30062109 1096
30062109 1096
30062110 1096
30062110 1096
30062111 1096
30062111 1096
30062111 1096
30062112 1096
30062112 1096
30062112 1096
30062113 1096
30062113 1096
30062113 1096
30062114 1096
30062114 1096
30062114 1096
30062115 1096
30062115 1096
30062115 1096
30062116 1096
30062116 1096
30062116 1096
30062117 1096
30062117 1096
30062117 1096
30062118 1096
30062118 1096
30062118 1096
30062119 1096
30062119 1096
30062119 1096
30062120 1096
30062120 1096
30062120 1096
30062121 1096
30062121 1096
30062121 1096
30062122 1096
30062122 1096
30062122 1096
30062123 1096
30062123 1096
30062123 1096
30062124 1096
30062124 1096
30062125 1096
30062125 1096
30062125 1096
30062126 1096
30062126 1096
30062126 1096
30062127 1096
30062127 1096
30062127 1096
30062128 1096
30062128 1096
30062128 1096
30062129 1096
30062129 1096
30062129 1096
30062130 1096
30062130 1096
30062130 1096
30062131 1096
30062131 1096
30062132 1096
30062132 1096
30062132 1096
30062133 1096
30062133 1096
30062133 1096
30062134 1096
30062134 1096
30062134 1096
30062135 1096
30062135 1096
30062135 1096
30062136 1096
30062136 1096
30062137 1096
30062137 1096
30062137 1096
30062138 1096
30062138 1096
30062138 1096
30062139 1096
30062139 1096
30062139 1096
30062140 1096
30062140 1096
30062140 1096
30062141 1096
30062141 1096
30062141 1096
30062142 1096
30062142 1096
30062142 1096
30062143 1096
30062143 1096
30062144 1096
30062144 1096
30062144 1096
30062145 1096
30062145 1096
30062145 1096
30062146 1096
30062146 1096
30062146 1096
30062147 1096
30062147 1096
30062147 1096
30062148 1096
30062148 1096
30062149 1096
30062149 1096
30062149 1096
30062150 1096
30062150 1096
30062150 1096
30062151 1096
30062151 1096
30062151 1096
30062152 1096
30062152 1096
30062152 1096
30062153 1096
30062153 1096
30062153 1096
30062154 1096
30062154 1096
30062154 1096
30062155 1096
30062155 1096
30062155 1096
30062156 1096
30062156 1096
30062156 1096
30062157 1096
30062157 1096
30062158 1096
30062158 1096
30062158 1096
30062159 1096
30062159 1096
30062159 1096
30062200 1096
30062200 1096
30062200 1096
30062201 1096
30062201 1096
30062201 1096
30062202 1096
30062202 1096
30062202 1096
30062203 1096
30062203 1096
30062203 1096
30062204 1096
30062204 1096
30062204 1096
30062205 1096
30062205 1096
30062206 1096
30062206 1096
30062206 1096
30062207 1096
30062207 1096
30062207 1096
30062208 1096
30062208 1096
30062208 1096
30062209 1096
30062209 1096
30062209 1096
30062210 1096
30062210 1096
30062211 1096
30062211 1096
30062211 1096
30062212 1096
30062212 1096
30062212 1096
30062213 1096
30062213 1096
30062213 1096
30062214 1096
30062214 1096
30062214 1096
30062215 1096
30062215 1096
30062216 1096
30062216 1096
30062216 1096
30062217 1096
30062217 1096
30062217 1096
30062218 1096
30062218 1096
30062218 1096
30062219 1096
30062219 1096
30062220 1096
30062220 1096
30062220 1096
30062221 1096
30062221 1096
30062221 1096
30062222 1096
30062222 1096
30062222 1096
30062223 1096
30062223 1096
30062223 1096
30062224 1096
30062224 1096
30062224 1096
30062225 1096
30062225 1096
30062225 1098
30062226 1098
30062226 1098
30062227 1098
30062227 1098
30062227 1098
30062228 1098
30062228 1098
30062228 1098
30062229 1098
30062229 1098
30062229 1098
30062230 1098
30062230 1098
30062230 1098
30062231 1098
30062231 1098
30062232 1098
30062232 1098
30062232 1098
30062233 1098
30062233 1098
30062233 1098
30062234 1098
30062234 1098
30062234 1098
30062235 1098
30062235 1098
30062235 1098
30062236 1098
30062236 1098
30062237 1098
30062237 1098
30062237 1098
30062238 1098
30062238 1098
30062238 1098
30062239 1098
30062239 1098
30062239 1098
30062240 1098
30062240 1098
30062240 1098
30062241 1098
30062241 1098
30062241 1098
30062242 1098
30062242 1098
30062242 1098
30062243 1098
30062243 1098
30062244 1098
30062244 1098
30062244 1098
30062245 1098
30062245 1098
30062245 1098
30062246 1098
30062246 1098
30062246 1098
30062247 1098
30062247 1098
30062247 1098
30062248 1098
30062248 1098
30062248 1098
30062249 1098
30062249 1098
30062249 1098
30062250 1098
30062250 1098
30062251 1098
30062251 1098
30062251 1098
30062252 1098
30062252 1098
30062252 1098
30062253 1098
30062253 1098
30062253 1098
30062254 1098
30062254 1098
30062254 1098
30062255 1098
30062255 1098
30062255 1098
30062256 1098
30062256 1098
30062256 1098
30062257 1098
30062257 1098
30062257 1098
30062258 1098
30062258 1098
30062258 1098
30062259 1098
30062259 1098
30062259 1098
30062300 1098
30062300 1098
30062300 1098
30062301 1098
30062301 1098
30062301 1098
30062302 1098
30062302 1098
30062302 1098
30062303 1098
30062303 1098
30062304 1098
30062304 1098
30062304 1098
30062305 1098
30062305 1098
30062305 1098
30062306 1098
30062306 1098
30062306 1098
30062307 1098
30062307 1098
30062307 1098
30062308 1098
30062308 1098
30062308 1098
30062309 1098
30062309 1098
30062309 1098
30062310 1098
30062310 1098
30062310 1098
30062311 1098
30062311 1098
30062312 1098
30062312 1098
30062312 1098
30062313 1098
30062313 1098
30062313 1098
30062314 1098
30062314 1098
30062314 1098
30062315 1098
30062315 1098
30062315 1098
30062316 1098
30062316 1098
30062316 1098
30062317 1098
30062317 1098
30062317 1098
30062318 1098
30062318 1098
30062318 1098
30062319 1098
30062319 1098
30062319 1098
30062320 1098
30062320 1098
30062320 1098
30062321 1098
30062321 1098
30062322 1098
30062322 1098
30062322 1098
30062323 1098
30062323 1098
30062323 1098
30062324 1098
30062324 1098
30062324 1098
30062325 1098
30062325 1098
30062325 1098
30062326 1098
30062326 1098
30062326 1098
30062327 1098
30062327 1098
30062327 1098
30062328 1098
30062328 1098
30062329 1098
30062329 1098
30062329 1098
30062330 1098
30062330 1098
30062330 1098
30062331 1098
30062331 1098
30062331 1098
30062332 1098
30062332 1098
30062332 1098
30062333 1098
30062333 1098
30062334 1098
30062334 1098
30062334 1098
30062335 1098
30062335 1098
30062335 1098
30062336 1098
30062336 1098
30062336 1098
30062337 1098
30062337 1098
30062338 1098
30062338 1098
30062338 1098
30062339 1098
30062339 1098
30062339 1098
30062340 1098
30062340 1098
30062340 1098
30062341 1098
30062341 1098
30062341 1098
30062342 1098
30062342 1098
30062342 1098
30062343 1098
30062343 1098
30062344 1098
30062344 1098
30062344 1098
30062345 1098
30062345 1098
30062345 1098
30062346 1098
30062346 1098
30062346 1098
30062347 1098
30062347 1098
30062347 1098
30062348 1098
30062348 1098
30062348 1098
30062349 1098
30062349 1098
30062349 1098
30062350 1098
30062350 1098
30062350 1098
30062351 1098
30062351 1098
30062351 1098
30062352 1098
30062352 1098
30062353 1098
30062353 1098
30062353 1098
30062354 1098
30062354 1098
30062354 1098
30062355 1098
30062355 1098
30062355 1098
30062356 1098
30062356 1098
30062356 1098
30062357 1098
30062357 1098
30062357 1098
30062358 1098
30062358 1098
30062359 1098
30062359 1098
30062359 1098
30062400 1098
30062400 1098
30062400 1098
30062401 1098
30062401 1098
30062401 1098
30062402 1098
30062402 1098
30062402 1098
30062403 1098
30062403 1098
30062403 1098
30062404 1098
30062404 1098
30062404 1098
30062405 1098
30062405 1098
30062405 1098
30062406 1098
30062406 1098
30062407 1098
30062407 1098
30062407 1098
30062408 1098
30062408 1098
30062408 1098
30062409 1098
30062409 1098
30062409 1098
30062410 1098
30062410 1098
30062410 1098
30062411 1098
30062411 1098
30062411 1098
30062412 1098
30062412 1098
30062412 1098
30062413 1098
30062413 1098
30062413 1098
30062414 1098
30062414 1098
30062414 1098
30062415 1098
30062415 1098
30062415 1098
30062416 1098
30062416 1098
30062416 1098
30062417 1098
30062417 1098
30062417 1098
30062418 1098
30062418 1098
30062418 1098
30062419 1098
30062419 1098
30062420 1098
30062420 1098
30062420 1098
30062421 1098
30062421 1098
30062421 1098
30062422 1098
30062422 1098
30062422 1098
30062423 1098
30062423 1098
30062423 1098
30062424 1098
30062424 1098
30062424 1098
30062425 1098
30062425 1098
30062425 1098
30062426 1098
30062426 1098
30062426 1098
30062427 1098
30062427 1098
30062427 1098
30062428 1098
30062428 1098
30062428 1098
30062429 1098
30062429 1098
30062430 1098
30062430 1098
30062430 1098
30062431 1098
30062431 1098
30062431 1098
30062432 1098
30062432 1098
30062432 1098
30062433 1098
30062433 1098
30062433 1098
30062434 1098
30062434 1098
30062434 1098
30062435 1098
30062435 1098
30062435 1098
30062436 1098
30062436 1098
30062437 1098
30062437 1098
30062437 1098
30062438 1098
30062438 1098
30062438 1098
30062439 1098
30062439 1098
30062439 1098
30062440 1098
30062440 1098
30062440 1098
30062441 1098
30062441 1098
30062442 1098
30062442 1098
30062442 1098
30062443 1098
30062443 1098
30062443 1098
30062444 1098
30062444 1098
30062444 1098
30062445 1098
30062445 1098
30062445 1098
30062446 1098
30062446 1098
30062446 1098
30062447 1098
30062447 1098
30062447 1098
30062448 1098
30062448 1098
30062448 1098
30062449 1098
30062449 1098
30062450 1098
30062450 1098
30062450 1098
30062451 1098
30062451 1098
30062451 1098
30062452 1098
30062452 1098
30062452 1098
30062453 1098
30062453 1098
30062454 1098
30062454 1098
30062454 1098
30062455 1098
30062455 1098
30062455 1098
30062456 1098
30062456 1098
30062456 1098
30062457 1098
30062457 1098
30062458 1098
30062458 1098
30062458 1098
30062459 1098
30062459 1098
30062459 1098
30062500 1098
30062500 1098
30062501 1098
30062501 1098
30062501 1098
30062502 1098
30062502 1098
30062502 1098
30062503 1098
30062503 1098
30062503 1098
30062504 1098
30062504 1098
30062504 1098
30062505 1098
30062505 1098
30062505 1098
30062506 1098
30062506 1098
30062506 1098
30062507 1098
30062507 1098
30062507 1098
30062508 1098
30062508 1098
30062509 1098
30062509 1098
30062509 1098
30062510 1098
30062510 1098
30062510 1098
30062511 1098
30062511 1098
30062511 1098
30062512 1098
30062512 1098
30062512 1098
30062513 1098
30062513 1098
30062513 1098
30062514 1098
30062514 1098
30062514 1098
30062515 1098
30062515 1098
30062516 1098
30062516 1098
30062516 1098
30062517 1098
30062517 1098
30062517 1098
30062518 1098
30062518 1098
30062518 1098
30062519 1098
30062519 1098
30062519 1098
30062520 1098
30062520 1098
30062520 1098
30062521 1098
30062521 1098
30062521 1098
30062522 1098
30062522 1098
30062522 1098
30062523 1098
30062523 1098
30062523 1098
30062524 1098
30062524 1098
30062524 1098
30062525 1098
30062525 1098
30062525 1098
30062526 1098
30062526 1098
30062527 1102
30062527 1102
30062527 1102
30062528 1102
30062528 1102
30062528 1102
30062529 1102
30062529 1102
30062529 1102
30062530 1102
30062530 1102
30062530 1102
30062531 1102
30062531 1102
30062531 1102
30062532 1102
30062532 1102
30062532 1102
30062533 1102
30062533 1102
30062533 1102
30062534 1102
30062534 1102
30062535 1102
30062535 1102
30062535 1102
30062536 1102
30062536 1102
30062536 1102
30062537 1102
30062537 1102
30062537 1102
30062538 1102
30062538 1102
30062538 1102
30062539 1102
30062539 1102
30062539 1102
30062540 1102
30062540 1102
30062540 1102
30062541 1102
30062541 1102
30062541 1102
30062542 1102
30062542 1102
30062542 1102
30062543 1102
30062543 1102
30062543 1102
30062544 1102
30062544 1102
30062545 1102
30062545 1102
30062545 1102
30062546 1102
30062546 1102
30062546 1102
30062547 1102
30062547 1102
30062547 1102
30062548 1102
30062548 1102
30062548 1102
30062549 1102
30062549 1102
30062550 1102
30062550 1102
30062550 1102
30062551 1102
30062551 1102
30062551 1102
30062552 1102
30062552 1102
30062552 1102
30062553 1102
30062553 1102
30062553 1102
30062554 1102
30062554 1102
30062555 1102
30062555 1102
30062555 1102
30062556 1102
30062556 1102
30062556 1102
30062557 1102
30062557 1102
30062557 1102
30062558 1102
30062558 1102
30062558 1102
30062559 1102
30062559 1102
30062559 1102
30062600 1102
30062600 1102
30062600 1102
30062601 1102
30062601 1102
30062601 1102
30062602 1102
30062602 1102
30062602 1102
30062603 1102
30062603 1102
30062604 1102
30062604 1102
30062604 1102
30062605 1102
30062605 1102
30062605 1102
30062606 1102
30062606 1102
30062606 1102
30062607 1102
30062607 1102
30062607 1102
30062608 1102
30062608 1102
30062608 1102
30062609 1102
30062609 1102
30062609 1102
30062610 1102
30062610 1102
30062610 1102
30062611 1102
30062611 1102
30062611 1102
30062612 1102
30062612 1102
30062612 1102
30062613 1102
30062613 1102
30062613 1102
30062614 1102
30062614 1102
30062615 1102
30062615 1102
30062615 1102
30062616 1102
30062616 1102
30062616 1102
30062617 1102
30062617 1102
30062617 1102
30062618 1102
30062618 1102
30062618 1102
30062619 1102
30062619 1102
30062619 1102
30062620 1102
30062620 1102
30062620 1102
30062621 1102
30062621 1102
30062622 1102
30062622 1102
30062622 1102
30062623 1102
30062623 1102
30062623 1102
30062624 1102
30062624 1102
30062624 1102
30062625 1102
30062625 1102
30062625 1102
30062626 1102
30062626 1102
30062626 1102
30062627 1102
30062627 1102
30062627 1102
30062628 1102
30062628 1102
30062629 1102
30062629 1102
30062629 1102
30062630 1102
30062630 1102
30062630 1102
30062631 1102
30062631 1102
30062631 1102
30062632 1102
30062632 1102
30062632 1102
30062633 1102
30062633 1102
30062633 1102
30062634 1102
30062634 1102
30062634 1102
30062635 1102
30062635 1102
30062635 1102
30062636 1102
30062636 1102
30062637 1102
30062637 1102
30062637 1102
30062638 1102
30062638 1102
30062638 1102
30062639 1102
30062639 1102
30062639 1102
30062640 1102
30062640 1102
30062640 1102
30062641 1102
30062641 1102
30062641 1102
30062642 1102
30062642 1102
30062642 1102
30062643 1102
30062643 1102
30062643 1102
30062644 1102
30062644 1102
30062644 1102
30062645 1102
30062645 1102
30062645 1102
30062646 1102
30062646 1102
30062647 1102
30062647 1102
30062647 1102
30062648 1102
30062648 1102
30062648 1102
30062649 1102
30062649 1102
30062649 1102
30062650 1102
30062650 1102
30062650 1102
30062651 1102
30062651 1102
30062651 1102
30062652 1102
30062652 1102
30062652 1102
30062653 1102
30062653 1102
30062653 1102
30062654 1102
30062654 1102
30062655 1102
30062655 1102
30062655 1102
30062656 1102
30062656 1102
30062656 1102
30062657 1102
30062657 1102
30062657 1102
30062658 1102
30062658 1102
30062658 1102
30062659 1102
30062659 1102
30062659 1102
30062700 1102
30062700 1102
30062700 1102
30062701 1102
30062701 1102
30062701 1102
30062702 1102
30062702 1102
30062703 1102
30062703 1102
30062703 1102
30062704 1102
30062704 1102
30062704 1102
30062705 1102
30062705 1102
30062705 1102
30062706 1102
30062706 1102
30062706 1102
30062707 1102
30062707 1102
30062707 1102
30062708 1102
30062708 1102
30062708 1102
30062709 1102
30062709 1102
30062709 1102
30062710 1102
30062710 1102
30062710 1102
30062711 1102
30062711 1102
30062712 1102
30062712 1102
30062712 1102
30062713 1102
30062713 1102
30062713 1102
30062714 1102
30062714 1102
30062714 1102
30062715 1102
30062715 1102
30062715 1102
30062716 1102
30062716 1102
30062716 1102
30062717 1102
30062717 1102
30062717 1102
30062718 1102
30062718 1102
30062718 1102
30062719 1102
30062719 1102
30062719 1102
30062720 1102
30062720 1102
30062720 1102
30062721 1102
30062721 1102
30062722 1102
30062722 1102
30062722 1102
30062723 1102
30062723 1102
30062723 1102
30062724 1102
30062724 1102
30062724 1102
30062725 1102
30062725 1102
30062725 1102
30062726 1102
30062726 1102
30062726 1102
30062727 1102
30062727 1102
30062727 1102
30062728 1102
30062728 1102
30062728 1102
30062729 1102
30062729 1102
30062729 1102
30062730 1102
30062730 1102
30062730 1102
30062731 1102
30062731 1102
30062732 1102
30062732 1102
30062732 1102
30062733 1102
30062733 1102
30062733 1102
30062734 1102
30062734 1102
30062734 1102
30062735 1102
30062735 1102
30062735 1102
30062736 1102
30062736 1102
30062736 1102
30062737 1102
30062737 1102
30062737 1102
30062738 1102
30062738 1102
30062738 1102
30062739 1102
30062739 1102
30062740 1102
30062740 1102
30062740 1102
30062741 1102
30062741 1102
30062741 1102
30062742 1102
30062742 1102
30062742 1102
30062743 1102
30062743 1102
30062743 1102
30062744 1102
30062744 1102
30062745 1102
30062745 1102
30062745 1102
30062746 1102
30062746 1102
30062746 1102
30062747 1102
30062747 1102
30062747 1102
30062748 1102
30062748 1102
30062748 1102
30062749 1102
30062749 1102
30062749 1102
30062750 1102
30062750 1102
30062750 1102
30062751 1102
30062751 1102
30062751 1102
30062752 1102
30062752 1102
30062752 1102
30062753 1102
30062753 1102
30062754 1102
30062754 1102
30062754 1102
30062755 1102
30062755 1102
30062755 1102
30062756 1102
30062756 1102
30062756 1102
30062757 1102
30062757 1102
30062757 1102
30062758 1102
30062758 1102
30062758 1102
30062759 1102
30062759 1102
30062759 1102
30062800 1102
30062800 1102
30062800 1102
30062801 1102
30062801 1102
30062802 1102
30062802 1102
30062802 1102
30062803 1102
30062803 1102
30062803 1102
30062804 1102
30062804 1102
30062804 1102
30062805 1102
30062805 1102
30062805 1102
30062806 1102
30062806 1102
30062806 1102
30062807 1102
30062807 1102
30062807 1102
30062808 1102
30062808 1102
30062809 1102
30062809 1102
30062809 1102
30062810 1102
30062810 1102
30062810 1102
30062811 1102
30062811 1102
30062811 1102
30062812 1102
30062812 1102
30062812 1102
30062813 1102
30062813 1102
30062813 1102
30062814 1102
30062814 1102
30062814 1102
30062815 1102
30062815 1102
30062815 1102
30062816 1102
30062816 1102
30062816 1102
30062817 1102
30062817 1102
30062817 1102
30062818 1102
30062818 1102
30062819 1102
30062819 1102
30062819 1102
30062820 1102
30062820 1102
30062820 1102
30062821 1102
30062821 1102
30062821 1102
30062822 1102
30062822 1102
30062822 1102
30062823 1102
30062823 1102
30062824 1102
30062824 1102
30062824 1102
30062825 1102
30062825 1102
30062825 1102
30062826 1102
30062826 1102
30062826 1102
30062827 1102
30062827 1102
30062827 1102
30062828 1102
30062828 1102
30062828 1102
30062829 1102
30062829 1102
30062830 1102
30062830 1102
30062830 1102
30062831 1102
30062831 1102
30062831 1102
30062832 1102
30062832 1102
30062832 1102
30062833 1102
30062833 1102
30062833 1102
30062834 1102
30062834 1102
30062834 1102
30062835 1102
30062835 1102
30062835 1102
30062836 1102
30062836 1102
30062836 1102
30062837 1102
30062837 1102
30062837 1102
30062838 1102
30062838 1102
30062838 1102
30062839 1102
30062839 1102
30062840 1102
30062840 1102
30062840 1102
30062841 1102
30062841 1102
30062841 1102
30062842 1102
30062842 1102
30062842 1102
30062843 1102
30062843 1102
30062843 1102
30062844 1102
30062844 1102
30062844 1104
30062845 1104
30062845 1104
30062845 1104
30062846 1104
30062846 1104
30062846 1104
30062847 1104
30062847 1104
30062847 1104
30062848 1104
30062848 1104
30062848 1104
30062849 1104
30062849 1104
30062850 1104
30062850 1104
30062850 1104
30062851 1104
30062851 1104
30062851 1104
30062852 1104
30062852 1104
30062852 1104
30062853 1104
30062853 1104
30062853 1104
30062854 1104
30062854 1104
30062854 1104
30062855 1104
30062855 1104
30062855 1104
30062856 1104
30062856 1104
30062856 1104
30062857 1104
30062857 1104
30062857 1104
30062858 1104
30062858 1104
30062859 1104
30062859 1104
30062859 1104
30062900 1104
30062900 1104
30062900 1104
30062901 1104
30062901 1104
30062901 1104
30062902 1104
30062902 1104
30062902 1104
30062903 1104
30062903 1104
30062903 1104
30062904 1104
30062904 1104
30062904 1104
30062905 1104
30062905 1104
30062905 1104
30062906 1104
30062906 1104
30062907 1104
30062907 1104
30062907 1104
30062908 1104
30062908 1104
30062908 1104
30062909 1104
30062909 1104
30062909 1104
30062910 1104
30062910 1104
30062910 1104
30062911 1104
30062911 1104
30062911 1104
30062912 1104
30062912 1104
30062912 1104
30062913 1104
30062913 1104
30062913 1104
30062914 1104
30062914 1104
30062915 1104
30062915 1104
30062915 1104
30062916 1104
30062916 1104
30062916 1104
30062917 1104
30062917 1104
30062917 1104
30062918 1104
30062918 1104
30062918 1104
30062919 1104
30062919 1104
30062919 1104
30062920 1104
30062920 1104
30062920 1104
30062921 1104
30062921 1104
30062921 1104
30062922 1104
30062922 1104
30062922 1104
30062923 1104
30062923 1104
30062924 1104
30062924 1104
30062924 1104
30062925 1104
30062925 1104
30062925 1104
30062926 1104
30062926 1104
30062926 1104
30062927 1104
30062927 1104
30062927 1104
30062928 1104
30062928 1104
30062928 1104
30062929 1104
30062929 1104
30062929 1104
30062930 1104
30062930 1104
30062930 1104
30062931 1104
30062931 1104
30062931 1104
30062932 1104
30062932 1104
30062933 1104
30062933 1104
30062933 1104
30062934 1104
30062934 1104
30062934 1104
30062935 1104
30062935 1104
30062935 1104
30062936 1104
30062936 1104
30062936 1104
30062937 1104
30062937 1104
30062937 1104
30062938 1104
30062938 1104
30062938 1104
30062939 1104
30062939 1104
30062939 1104
30062940 1104
30062940 1104
30062941 1104
30062941 1104
30062941 1104
30062942 1104
30062942 1104
30062942 1104
30062943 1104
30062943 1104
30062943 1104
30062944 1104
30062944 1104
30062944 1104
30062945 1104
30062945 1104
30062945 1104
30062946 1104
30062946 1104
30062946 1104
30062947 1104
30062947 1104
30062947 1104
30062948 1104
30062948 1104
30062948 1104
30062949 1104
30062949 1104
30062949 1104
30062950 1104
30062950 1104
30062950 1104
30062951 1104
30062951 1104
30062952 1104
30062952 1104
30062952 1104
30062953 1104
30062953 1104
30062953 1104
30062954 1104
30062954 1104
30062954 1104
30062955 1104
30062955 1104
30062955 1104
30062956 1104
30062956 1104
30062956 1104
30062957 1104
30062957 1104
30062957 1104
30062958 1104
30062958 1104
30062958 1104
30062959 1104
30062959 1104
30063000 1104
30063000 1104
30063000 1104
30063001 1104
30063001 1104
30063001 1104
30063002 1104
30063002 1104
30063002 1104
30063003 1104
30063003 1104
30063003 1104
30063004 1104
30063004 1104
30063004 1104
30063005 1104
30063005 1104
30063005 1104
30063006 1104
30063006 1104
30063006 1104
30063007 1104
30063007 1104
30063007 1104
30063008 1104
30063008 1104
30063008 1104
30063009 1104
30063009 1104
30063009 1104
30063010 1104
30063010 1104
30063011 1104
30063011 1104
30063011 1104
30063012 1104
30063012 1104
30063012 1104
30063013 1104
30063013 1104
30063013 1104
30063014 1104
30063014 1104
30063014 1104
30063015 1104
30063015 1104
30063015 1104
30063016 1104
30063016 1104
30063016 1104
30063017 1104
30063017 1104
30063017 1104
30063018 1104
30063018 1104
30063018 1104
30063019 1104
30063019 1104
30063019 1104
30063020 1104
30063020 1104
30063020 1104
30063021 1104
30063021 1104
30063021 1104
30063022 1104
30063022 1104
30063023 1104
30063023 1104
30063023 1104
30063024 1104
30063024 1104
30063024 1104
30063025 1104
30063025 1104
30063025 1104
30063026 1104
30063026 1104
30063026 1104
30063027 1104
30063027 1104
30063027 1104
30063028 1104
30063028 1104
30063028 1104
30063029 1104
30063029 1104
30063029 1104
30063030 1104
30063030 1104
30063030 1104
30063031 1104
30063031 1104
30063031 1104
30063032 1104
30063032 1104
30063032 1104
30063033 1104
30063033 1104
30063033 1104
30063034 1104
30063034 1104
30063034 1104
30063035 1104
30063035 1104
30063035 1104
30063036 1104
30063036 1104
30063036 1104
30063037 1104
30063037 1104
30063037 1104
30063038 1104
30063038 1104
30063038 1104
30063039 1104
30063039 1104
30063039 1104
30063040 1104
30063040 1104
30063040 1104
30063041 1104
30063041 1104
30063041 1104
30063042 1104
30063042 1104
30063042 1104
30063043 1104
30063043 1104
30063043 1104
30063044 1104
30063044 1104
30063045 1104
30063045 1104
30063045 1104
30063046 1104
30063046 1104
30063046 1104
30063047 1104
30063047 1104
30063047 1104
30063048 1104
30063048 1104
30063048 1104
30063049 1104
30063049 1104
30063049 1104
30063050 1104
30063050 1104
30063050 1104
30063051 1104
30063051 1104
30063051 1104
30063052 1104
30063052 1104
30063052 1104
30063053 1104
30063053 1104
30063053 1104
30063054 1104
30063054 1104
30063054 1104
30063055 1104
30063055 1104
30063055 1104
30063056 1104
30063056 1104
30063056 1104
30063057 1104
30063057 1104
30063057 1104
30063058 1104
30063058 1104
30063058 1104
30063059 1104
30063059 1104
30063059 1104
30063100 1104
30063100 1104
30063100 1104
30063101 1104
30063101 1104
30063101 1104
30063102 1104
30063102 1104
30063102 1104
30063103 1104
30063103 1104
30063103 1104
30063104 1104
30063104 1104
30063104 1104
30063105 1104
30063105 1104
30063105 1104
30063106 1104
30063106 1104
30063106 1104
30063107 1104
30063107 1104
30063107 1104
30063108 1104
30063108 1104
30063108 1104
30063109 1104
30063109 1104
30063109 1104
30063110 1104
30063110 1104
30063110 1104
30063111 1104
30063111 1104
30063111 1104
30063112 1104
30063112 1104
30063112 1104
30063113 1104
30063113 1104
30063114 1104
30063114 1104
30063114 1104
30063115 1104
30063115 1104
30063115 1104
30063116 1104
30063116 1104
30063116 1104
30063117 1104
30063117 1104
30063117 1104
30063118 1104
30063118 1104
30063118 1104
30063119 1104
30063119 1104
30063119 1104
30063120 1104
30063120 1104
30063120 1104
30063121 1104
30063121 1104
30063121 1104
30063122 1104
30063122 1104
30063122 1104
30063123 1104
30063123 1104
30063123 1104
30063124 1104
30063124 1104
30063124 1104
30063125 1104
30063125 1104
30063126 1104
30063126 1104
30063126 1104
30063127 1104
30063127 1104
30063127 1104
30063128 1104
30063128 1104
30063128 1104
30063129 1104
30063129 1104
30063129 1104
30063130 1104
30063130 1104
30063130 1104
30063131 1104
30063131 1104
30063131 1104
30063132 1104
30063132 1104
30063132 1104
30063133 1104
30063133 1104
30063133 1104
30063134 1104
30063134 1104
30063135 1104
30063135 1104
30063135 1104
30063136 1104
30063136 1104
30063136 1104
30063137 1104
30063137 1104
30063137 1104
30063138 1104
30063138 1104
30063138 1104
30063139 1104
30063139 1104
30063139 1104
30063140 1104
30063140 1104
30063140 1104
30063141 1104
30063141 1104
30063141 1104
30063142 1104
30063142 1104
30063142 1104
30063143 1104
30063143 1104
30063143 1104
30063144 1104
30063144 1104
30063144 1104
30063145 1104
30063145 1104
30063146 1104
30063146 1104
30063146 1104
30063147 1104
30063147 1104
30063147 1104
30063148 1104
30063148 1104
30063148 1104
30063149 1104
30063149 1104
30063149 1104
30063150 1104
30063150 1104
30063150 1104
30063151 1104
30063151 1104
30063151 1104
30063152 1104
30063152 1104
30063152 1104
30063153 1104
30063153 1104
30063154 1104
30063154 1104
30063154 1104
30063155 1104
30063155 1104
30063155 1104
30063156 1104
30063156 1104
30063156 1104
30063157 1104
30063157 1104
30063157 1104
30063158 1104
30063158 1104
30063158 1104
30063159 1104
30063159 1104
30063159 1104
30063200 1104
30063200 1104
30063200 1104
30063201 1108
30063201 1108
30063201 1108
30063202 1108
30063202 1108
30063202 1108
30063203 1108
30063203 1108
30063203 1108
30063204 1108
30063204 1108
30063204 1108
30063205 1108
30063205 1108
30063206 1108
30063206 1108
30063206 1108
30063207 1108
30063207 1108
30063207 1108
30063208 1108
30063208 1108
30063208 1108
30063209 1108
30063209 1108
30063209 1108
30063210 1108
30063210 1108
30063210 1108
30063211 1108
30063211 1108
30063211 1108
30063212 1108
30063212 1108
30063212 1108
30063213 1108
30063213 1108
30063213 1108
30063214 1108
30063214 1108
30063214 1108
30063215 1108
30063215 1108
30063216 1108
30063216 1108
30063216 1108
30063217 1108
30063217 1108
30063217 1108
30063218 1108
30063218 1108
30063218 1108
30063219 1108
30063219 1108
30063219 1108
30063220 1108
30063220 1108
30063220 1108
30063221 1108
30063221 1108
30063221 1108
30063222 1108
30063222 1108
30063222 1108
30063223 1108
30063223 1108
30063223 1108
30063224 1108
30063224 1108
30063224 1108
30063225 1108
30063225 1108
30063225 1108
30063226 1108
30063226 1108
30063226 1108
30063227 1108
30063227 1108
30063228 1108
30063228 1108
30063228 1108
30063229 1108
30063229 1108
30063229 1108
30063230 1108
30063230 1108
30063230 1108
30063231 1108
30063231 1108
30063231 1108
30063232 1108
30063232 1108
30063232 1108
30063233 1108
30063233 1108
30063233 1108
30063234 1108
30063234 1108
30063234 1108
30063235 1108
30063235 1108
30063235 1108
30063236 1108
30063236 1108
30063236 1108
30063237 1108
30063237 1108
30063237 1108
30063238 1108
30063238 1108
30063238 1108
30063239 1108
30063239 1108
30063240 1108
30063240 1108
30063240 1108
30063241 1108
30063241 1108
30063241 1108
30063242 1108
30063242 1108
30063242 1108
30063243 1108
30063243 1108
30063243 1108
30063244 1108
30063244 1108
30063244 1108
30063245 1108
30063245 1108
30063245 1108
30063246 1108
30063246 1108
30063246 1108
30063247 1108
30063247 1108
30063247 1108
30063248 1108
30063248 1108
30063248 1108
30063249 1108
30063249 1108
30063250 1108
30063250 1108
30063250 1108
30063251 1108
30063251 1108
30063251 1108
30063252 1108
30063252 1108
30063252 1108
30063253 1108
30063253 1108
30063253 1108
30063254 1108
30063254 1108
30063254 1108
30063255 1108
30063255 1108
30063256 1108
30063256 1108
30063256 1108
30063257 1108
30063257 1108
30063257 1108
30063258 1108
30063258 1108
30063258 1108
30063259 1108
30063259 1108
30063259 1108
30063300 1108
30063300 1108
30063300 1108
30063301 1108
30063301 1108
30063301 1108
30063302 1108
30063302 1108
30063302 1108
30063303 1108
30063303 1108
30063304 1108
30063304 1108
30063304 1108
30063305 1108
30063305 1108
30063305 1108
30063306 1108
30063306 1108
30063306 1108
30063307 1108
30063307 1108
30063307 1108
30063308 1108
30063308 1108
30063308 1108
30063309 1108
30063309 1108
30063309 1108
30063310 1108
30063310 1108
30063310 1108
30063311 1108
30063311 1108
30063311 1108
30063312 1108
30063312 1108
30063313 1108
30063313 1108
30063313 1108
30063314 1108
30063314 1108
30063314 1108
30063315 1108
30063315 1108
30063315 1108
30063316 1108
30063316 1108
30063316 1108
30063317 1108
30063317 1108
30063317 1108
30063318 1108
30063318 1108
30063318 1108
30063319 1108
30063319 1108
30063319 1108
30063320 1108
30063320 1108
30063320 1108
30063321 1108
30063321 1108
30063321 1108
30063322 1108
30063322 1108
30063322 1108
30063323 1108
30063323 1108
30063324 1108
30063324 1108
30063324 1108
30063325 1108
30063325 1108
30063325 1108
30063326 1108
30063326 1108
30063326 1108
30063327 1108
30063327 1108
30063327 1108
30063328 1108
30063328 1108
30063328 1108
30063329 1108
30063329 1108
30063329 1108
30063330 1108
30063330 1108
30063330 1108
30063331 1108
30063331 1108
30063331 1108
30063332 1108
30063332 1108
30063333 1108
30063333 1108
30063333 1108
30063334 1108
30063334 1108
30063334 1108
30063335 1108
30063335 1108
30063335 1108
30063336 1108
30063336 1108
30063336 1108
30063337 1108
30063337 1108
30063337 1108
30063338 1108
30063338 1108
30063338 1108
30063339 1108
30063339 1108
30063339 1108
30063340 1108
30063340 1108
30063340 1108
30063341 1108
30063341 1108
30063341 1108
30063342 1108
30063342 1108
30063342 1108
30063343 1108
30063343 1108
30063343 1108
30063344 1108
30063344 1108
30063345 1108
30063345 1108
30063345 1108
30063346 1108
30063346 1108
30063346 1108
30063347 1108
30063347 1108
30063347 1108
30063348 1108
30063348 1108
30063348 1108
30063349 1108
30063349 1108
30063349 1108
30063350 1108
30063350 1108
30063350 1108
30063351 1108
30063351 1108
30063351 1108
30063352 1108
30063352 1108
30063353 1108
30063353 1108
30063353 1108
30063354 1108
30063354 1108
30063354 1108
30063355 1108
30063355 1108
30063355 1108
30063356 1108
30063356 1108
30063356 1108
30063357 1108
30063357 1108
30063357 1108
30063358 1108
30063358 1108
30063359 1108
30063359 1108
30063359 1108
30063400 1108
30063400 1108
30063400 1108
30063401 1108
30063401 1108
30063401 1108
30063402 1108
30063402 1108
30063402 1108
30063403 1108
30063403 1108
30063404 1108
30063404 1108
30063404 1108
30063405 1108
30063405 1108
30063405 1108
30063406 1108
30063406 1108
30063406 1108
30063407 1108
30063407 1108
30063407 1108
30063408 1108
30063408 1108
30063408 1108
30063409 1108
30063409 1108
30063409 1108
30063410 1108
30063410 1108
30063410 1108
30063411 1108
30063411 1108
30063411 1108
30063412 1108
30063412 1108
30063413 1108
30063413 1108
30063413 1108
30063414 1108
30063414 1108
30063414 1108
30063415 1108
30063415 1108
30063415 1108
30063416 1108
30063416 1108
30063416 1108
30063417 1108
30063417 1108
30063417 1108
30063418 1108
30063418 1108
30063418 1108
30063419 1108
30063419 1108
30063419 1108
30063420 1108
30063420 1108
30063421 1108
30063421 1108
30063421 1108
30063422 1108
30063422 1108
30063422 1108
30063423 1108
30063423 1108
30063423 1108
30063424 1108
30063424 1108
30063424 1108
30063425 1108
30063425 1108
30063426 1108
30063426 1108
30063426 1108
30063427 1108
30063427 1108
30063427 1108
30063428 1108
30063428 1108
30063428 1108
30063429 1108
30063429 1108
30063429 1108
30063430 1108
30063430 1108
30063431 1108
30063431 1108
30063431 1108
30063432 1108
30063432 1108
30063432 1108
30063433 1108
30063433 1108
30063433 1108
30063434 1108
30063434 1108
30063434 1108
30063435 1108
30063435 1108
30063435 1108
30063436 1108
30063436 1108
30063437 1108
30063437 1108
30063437 1108
30063438 1108
30063438 1108
30063438 1108
30063439 1108
30063439 1108
30063439 1108
30063440 1108
30063440 1108
30063440 1108
30063441 1108
30063441 1108
30063441 1108
30063442 1108
30063442 1108
30063442 1108
30063443 1108
30063443 1108
30063443 1108
30063444 1108
30063444 1108
30063444 1108
30063445 1108
30063445 1108
30063445 1108
30063446 1108
30063446 1108
30063446 1108
30063447 1108
30063447 1108
30063447 1108
30063448 1108
30063448 1108
30063448 1108
30063449 1108
30063449 1108
30063450 1108
30063450 1108
30063450 1108
30063451 1108
30063451 1108
30063451 1108
30063452 1108
30063452 1108
30063452 1108
30063453 1108
30063453 1108
30063453 1108
30063454 1108
30063454 1108
30063454 1108
30063455 1108
30063455 1108
30063455 1108
30063456 1108
30063456 1108
30063456 1108
30063457 1108
30063457 1108
30063457 1108
30063458 1108
30063458 1108
30063459 1108
30063459 1108
30063459 1108
30063500 1108
30063500 1108
30063500 1108
30063501 1108
30063501 1108
30063501 1108
30063502 1108
30063502 1108
30063502 1108
30063503 1108
30063503 1108
30063504 1108
30063504 1108
30063504 1108
30063505 1108
30063505 1108
30063505 1108
30063506 1108
30063506 1108
30063506 1108
30063507 1108
30063507 1108
30063507 1108
30063508 1108
30063508 1108
30063508 1108
30063509 1108
30063509 1108
30063510 1108
30063510 1108
30063510 1108
30063511 1108
30063511 1108
30063511 1108
30063512 1108
30063512 1108
30063512 1108
30063513 1108
30063513 1108
30063514 1108
30063514 1108
30063514 1108
30063515 1108
30063515 1108
30063515 1108
30063516 1108
30063516 1108
30063516 1108
30063517 1108
30063517 1108
30063517 1108
30063518 1108
30063518 1108
30063518 1108
30063519 1108
30063519 1108
30063520 1108
30063520 1108
30063520 1108
30063521 1108
30063521 1108
30063521 1108
30063522 1108
30063522 1108
30063522 1108
30063523 1108
30063523 1108
30063523 1108
30063524 1108
30063524 1108
30063524 1108
30063525 1108
30063525 1108
30063525 1108
30063526 1108
30063526 1108
30063526 1108
30063527 1108
30063527 1108
30063527 1108
30063528 1108
30063528 1108
30063528 1108
30063529 1108
30063529 1108
30063529 1108
30063530 1108
30063530 1108
30063530 1108
30063531 1108
30063531 1108
30063531 1108
30063532 1108
30063532 1108
30063532 1108
30063533 1108
30063533 1108
30063534 1108
30063534 1108
30063534 1108
30063535 1108
30063535 1108
30063535 1112
30063536 1112
30063536 1112
30063536 1112
30063537 1112
30063537 1112
30063537 1112
30063538 1112
30063538 1112
30063538 1112
30063539 1112
30063539 1112
30063539 1112
30063540 1112
30063540 1112
30063540 1112
30063541 1112
30063541 1112
30063541 1112
30063542 1112
30063542 1112
30063542 1112
30063543 1112
30063543 1112
30063544 1112
30063544 1112
30063544 1112
30063545 1112
30063545 1112
30063545 1112
30063546 1112
30063546 1112
30063546 1112
30063547 1112
30063547 1112
30063547 1112
30063548 1112
30063548 1112
30063548 1112
30063549 1112
30063549 1112
30063549 1112
30063550 1112
30063550 1112
30063551 1112
30063551 1112
30063551 1112
30063552 1112
30063552 1112
30063552 1112
30063553 1112
30063553 1112
30063553 1112
30063554 1112
30063554 1112
30063554 1112
30063555 1112
30063555 1112
30063556 1112
30063556 1112
30063556 1112
30063557 1112
30063557 1112
30063557 1112
30063558 1112
30063558 1112
30063558 1112
30063559 1112
30063559 1112
30063600 1112
30063600 1112
30063600 1112
30063601 1112
30063601 1112
30063601 1112
30063602 1112
30063602 1112
30063602 1112
30063603 1112
30063603 1112
30063603 1112
30063604 1112
30063604 1112
30063604 1112
30063605 1112
30063605 1112
30063606 1112
30063606 1112
30063606 1112
30063607 1112
30063607 1112
30063607 1112
30063608 1112
30063608 1112
30063608 1112
30063609 1112
30063609 1112
30063609 1112
30063610 1112
30063610 1112
30063610 1112
30063611 1112
30063611 1112
30063611 1112
30063612 1112
30063612 1112
30063612 1112
30063613 1112
30063613 1112
30063613 1112
30063614 1112
30063614 1112
30063614 1112
30063615 1112
30063615 1112
30063616 1112
30063616 1112
30063616 1112
30063617 1112
30063617 1112
30063617 1112
30063618 1112
30063618 1112
30063618 1112
30063619 1112
30063619 1112
30063619 1112
30063620 1112
30063620 1112
30063620 1112
30063621 1112
30063621 1112
30063621 1112
30063622 1112
30063622 1112
30063622 1112
30063623 1112
30063623 1112
30063623 1112
30063624 1112
30063624 1112
30063624 1112
30063625 1112
30063625 1112
30063625 1112
30063626 1112
30063626 1112
30063626 1112
30063627 1112
30063627 1112
30063627 1112
30063628 1112
30063628 1112
30063628 1112
30063629 1112
30063629 1112
30063629 1112
30063630 1112
30063630 1112
30063631 1112
30063631 1112
30063631 1112
30063632 1112
30063632 1112
30063632 1112
30063633 1112
30063633 1112
30063633 1112
30063634 1112
30063634 1112
30063634 1112
30063635 1112
30063635 1112
30063635 1112
30063636 1112
30063636 1112
30063636 1112
30063637 1112
30063637 1112
30063637 1112
30063638 1112
30063638 1112
30063638 1112
30063639 1112
30063639 1112
30063640 1112
30063640 1112
30063640 1112
30063641 1112
30063641 1112
30063641 1112
30063642 1112
30063642 1112
30063642 1112
30063643 1112
30063643 1112
30063643 1112
30063644 1112
30063644 1112
30063644 1112
30063645 1112
30063645 1112
30063645 1112
30063646 1112
30063646 1112
30063646 1112
30063647 1112
30063647 1112
30063647 1112
30063648 1112
30063648 1112
30063648 1112
30063649 1112
30063649 1112
30063650 1112
30063650 1112
30063650 1112
30063651 1112
30063651 1112
30063651 1112
30063652 1112
30063652 1112
30063652 1112
30063653 1112
30063653 1112
30063653 1112
30063654 1112
30063654 1112
30063654 1112
30063655 1112
30063655 1112
30063655 1112
30063656 1112
30063656 1112
30063656 1112
30063657 1112
30063657 1112
30063657 1112
30063658 1112
30063658 1112
30063658 1112
30063659 1112
30063659 1112
30063700 1112
30063700 1112
30063700 1112
30063701 1112
30063701 1112
30063701 1112
30063702 1112
30063702 1112
30063702 1112
30063703 1112
30063703 1112
30063703 1112
30063704 1112
30063704 1112
30063704 1112
30063705 1112
30063705 1112
30063705 1112
30063706 1112
30063706 1112
30063706 1112
30063707 1112
30063707 1112
30063708 1112
30063708 1112
30063708 1112
30063709 1112
30063709 1112
30063709 1112
30063710 1112
30063710 1112
30063710 1112
30063711 1112
30063711 1112
30063711 1112
30063712 1112
30063712 1112
30063713 1112
30063713 1112
30063713 1112
30063714 1112
30063714 1112
30063714 1112
30063715 1112
30063715 1112
30063715 1112
30063716 1112
30063716 1112
30063716 1112
30063717 1112
30063717 1112
30063717 1112
30063718 1112
30063718 1112
30063718 1112
30063719 1112
30063719 1112
30063719 1112
30063720 1112
30063720 1112
30063720 1112
30063721 1112
30063721 1112
30063721 1112
30063722 1112
30063722 1112
30063722 1112
30063723 1112
30063723 1112
30063724 1112
30063724 1112
30063724 1112
30063725 1112
30063725 1112
30063725 1112
30063726 1112
30063726 1112
30063726 1112
30063727 1112
30063727 1112
30063727 1112
30063728 1112
30063728 1112
30063728 1112
30063729 1112
30063729 1112
30063729 1112
30063730 1112
30063730 1112
30063730 1112
30063731 1112
30063731 1112
30063731 1112
30063732 1112
30063732 1112
30063732 1112
30063733 1112
30063733 1112
30063733 1112
30063734 1112
30063734 1112
30063734 1112
30063735 1112
30063735 1112
30063735 1112
30063736 1112
30063736 1112
30063736 1112
30063737 1112
30063737 1112
30063738 1112
30063738 1112
30063738 1112
30063739 1112
30063739 1112
30063739 1112
30063740 1112
30063740 1112
30063740 1112
30063741 1112
30063741 1112
30063741 1112
30063742 1112
30063742 1112
30063742 1112
30063743 1112
30063743 1112
30063743 1112
30063744 1112
30063744 1112
30063744 1112
30063745 1112
30063745 1112
30063746 1112
30063746 1112
30063746 1112
30063747 1112
30063747 1112
30063747 1112
30063748 1112
30063748 1112
30063748 1112
30063749 1112
30063749 1112
30063749 1112
30063750 1112
30063750 1112
30063750 1112
30063751 1112
30063751 1112
30063751 1112
30063752 1112
30063752 1112
30063752 1112
30063753 1112
30063753 1112
30063753 1112
30063754 1112
30063754 1112
30063754 1112
30063755 1112
30063755 1112
30063756 1112
30063756 1112
30063756 1112
30063757 1112
30063757 1112
30063757 1112
30063758 1112
30063758 1112
30063758 1112
30063759 1112
30063759 1112
30063759 1112
30063800 1112
30063800 1112
30063800 1112
30063801 1112
30063801 1112
30063801 1112
30063802 1112
30063802 1112
30063803 1112
30063803 1112
30063803 1112
30063804 1112
30063804 1112
30063804 1112
30063805 1112
30063805 1112
30063805 1112
30063806 1112
30063806 1112
30063806 1112
30063807 1112
30063807 1112
30063808 1112
30063808 1112
30063808 1112
30063809 1112
30063809 1112
30063809 1112
30063810 1112
30063810 1112
30063810 1112
30063811 1112
30063811 1112
30063811 1112
30063812 1112
30063812 1112
30063812 1112
30063813 1112
30063813 1112
30063813 1112
30063814 1112
30063814 1112
30063815 1112
30063815 1112
30063815 1112
30063816 1112
30063816 1112
30063816 1112
30063817 1112
30063817 1112
30063817 1112
30063818 1112
30063818 1112
30063818 1112
30063819 1112
30063819 1112
30063819 1112
30063820 1112
30063820 1112
30063821 1112
30063821 1112
30063821 1112
30063822 1112
30063822 1112
30063822 1112
30063823 1112
30063823 1112
30063823 1112
30063824 1112
30063824 1112
30063824 1112
30063825 1112
30063825 1112
30063825 1112
30063826 1112
30063826 1112
30063827 1112
30063827 1112
30063827 1112
30063828 1112
30063828 1112
30063828 1112
30063829 1112
30063829 1112
30063829 1112
30063830 1112
30063830 1112
30063830 1112
30063831 1112
30063831 1112
30063831 1112
30063832 1112
30063832 1112
30063832 1112
30063833 1112
30063833 1112
30063834 1112
30063834 1112
30063834 1112
30063835 1112
30063835 1112
30063835 1112
30063836 1112
30063836 1112
30063836 1112
30063837 1112
30063837 1112
30063837 1112
30063838 1112
30063838 1112
30063838 1112
30063839 1112
30063839 1112
30063839 1112
30063840 1112
30063840 1112
30063840 1112
30063841 1112
30063841 1112
30063841 1112
30063842 1112
30063842 1112
30063842 1112
30063843 1112
30063843 1112
30063843 1112
30063844 1112
30063844 1112
30063844 1112
30063845 1112
30063845 1112
30063845 1112
30063846 1112
30063846 1112
30063846 1112
30063847 1112
30063847 1112
30063847 1112
30063848 1112
30063848 1112
30063848 1112
30063849 1112
30063849 1112
30063849 1112
30063850 1112
30063850 1112
30063851 1112
30063851 1112
30063851 1112
30063852 1112
30063852 1112
30063852 1112
30063853 1112
30063853 1112
30063853 1112
30063854 1112
30063854 1112
30063854 1112
30063855 1112
30063855 1112
30063855 1112
30063856 1112
30063856 1112
30063856 1112
30063857 1112
30063857 1112
30063857 1112
30063858 1112
30063858 1112
30063858 1112
30063859 1112
30063859 1112
30063859 1112
30063900 1112
30063900 1112
30063900 1112
30063901 1112
30063901 1112
30063901 1112
30063902 1112
30063902 1112
30063903 1112
30063903 1112
30063903 1112
30063904 1112
30063904 1112
30063904 1112
30063905 1112
30063905 1112
30063905 1112
30063906 1112
30063906 1112
30063906 1112
30063907 1112
30063907 1112
30063908 1112
30063908 1112
30063908 1112
30063909 1112
30063909 1112
30063909 1112
30063910 1112
30063910 1112
30063910 1112
30063911 1112
30063911 1112
30063911 1112
30063912 1112
30063912 1112
30063912 1112
30063913 1112
30063913 1112
30063914 1112
30063914 1112
30063914 1112
30063915 1112
30063915 1112
30063915 1112
30063916 1112
30063916 1112
30063916 1112
30063917 1112
30063917 1112
30063917 1112
30063918 1112
30063918 1112
30063918 1112
30063919 1112
30063919 1112
30063919 1112
30063920 1112
30063920 1112
30063921 1112
30063921 1116
30063921 1116
30063922 1116
30063922 1116
30063922 1116
30063923 1116
30063923 1116
30063923 1116
30063924 1116
30063924 1116
30063924 1116
30063925 1116
30063925 1116
30063925 1116
30063926 1116
30063926 1116
30063926 1116
30063927 1116
30063927 1116
30063927 1116
30063928 1116
30063928 1116
30063928 1116
30063929 1116
30063929 1116
30063929 1116
30063930 1116
30063930 1116
30063931 1116
30063931 1116
30063931 1116
30063932 1116
30063932 1116
30063932 1116
30063933 1116
30063933 1116
30063933 1116
30063934 1116
30063934 1116
30063934 1116
30063935 1116
30063935 1116
30063936 1116
30063936 1116
30063936 1116
30063937 1116
30063937 1116
30063937 1116
30063938 1116
30063938 1116
30063938 1116
30063939 1116
30063939 1116
30063939 1116
30063940 1116
30063940 1116
30063941 1116
30063941 1116
30063941 1116
30063942 1116
30063942 1116
30063942 1116
30063943 1116
30063943 1116
30063943 1116
30063944 1116
30063944 1116
30063944 1116
30063945 1116
30063945 1116
30063945 1116
30063946 1116
30063946 1116
30063946 1116
30063947 1116
30063947 1116
30063948 1116
30063948 1116
30063948 1116
30063949 1116
30063949 1116
30063949 1116
30063950 1116
30063950 1116
30063950 1116
30063951 1116
30063951 1116
30063951 1116
30063952 1116
30063952 1116
30063953 1116
30063953 1116
30063953 1116
30063954 1116
30063954 1116
30063954 1116
30063955 1116
30063955 1116
30063955 1116
30063956 1116
30063956 1116
30063956 1116
30063957 1116
30063957 1116
30063958 1116
30063958 1116
30063958 1116
30063959 1116
30063959 1116
30063959 1116
30064000 1116
30064000 1116
30064000 1116
30064001 1116
30064001 1116
30064001 1116
30064002 1116
30064002 1116
30064002 1116
30064003 1116
30064003 1116
30064003 1116
30064004 1116
30064004 1116
30064004 1116
30064005 1116
30064005 1116
30064005 1116
30064006 1116
30064006 1116
30064006 1116
30064007 1116
30064007 1116
30064007 1116
30064008 1116
30064008 1116
30064008 1116
30064009 1116
30064009 1116
30064010 1116
30064010 1116
30064010 1116
30064011 1116
30064011 1116
30064011 1116
30064012 1116
30064012 1116
30064012 1116
30064013 1116
30064013 1116
30064013 1116
30064014 1116
30064014 1116
30064014 1116
30064015 1116
30064015 1116
30064015 1116
30064016 1116
30064016 1116
30064016 1116
30064017 1116
30064017 1116
30064017 1116
30064018 1116
30064018 1116
30064018 1116
30064019 1116
30064019 1116
30064019 1116
30064020 1116
30064020 1116
30064020 1116
30064021 1116
30064021 1116
30064021 1116
30064022 1116
30064022 1116
30064022 1116
30064023 1116
30064023 1116
30064023 1116
30064024 1116
30064024 1116
30064024 1116
30064025 1116
30064025 1116
30064025 1116
30064026 1116
30064026 1116
30064027 1116
30064027 1116
30064027 1116
30064028 1116
30064028 1116
30064028 1116
30064029 1116
30064029 1116
30064029 1116
30064030 1116
30064030 1116
30064030 1116
30064031 1116
30064031 1116
30064031 1116
30064032 1116
30064032 1116
30064032 1116
30064033 1116
30064033 1116
30064033 1116
30064034 1116
30064034 1116
30064034 1116
30064035 1116
30064035 1116
30064036 1116
30064036 1116
30064036 1116
30064037 1116
30064037 1116
30064037 1116
30064038 1116
30064038 1116
30064038 1116
30064039 1116
30064039 1116
30064040 1116
30064040 1116
30064040 1116
30064041 1116
30064041 1116
30064041 1116
30064042 1116
30064042 1116
30064042 1116
30064043 1116
30064043 1116
30064043 1116
30064044 1116
30064044 1116
30064044 1116
30064045 1116
30064045 1116
30064046 1116
30064046 1116
30064046 1116
30064047 1116
30064047 1116
30064047 1116
30064048 1116
30064048 1116
30064048 1116
30064049 1116
30064049 1116
30064049 1116
30064050 1116
30064050 1116
30064050 1116
30064051 1116
30064051 1116
30064051 1116
30064052 1116
30064052 1116
30064053 1116
30064053 1116
30064053 1116
30064054 1116
30064054 1116
30064054 1116
30064055 1116
30064055 1116
30064055 1116
30064056 1116
30064056 1116
30064056 1116
30064057 1116
30064057 1116
30064057 1116
30064058 1116
30064058 1116
30064058 1116
30064059 1116
30064059 1116
30064059 1116
30064100 1116
30064100 1116
30064101 1116
30064101 1116
30064101 1116
30064102 1116
30064102 1116
30064102 1116
30064103 1116
30064103 1116
30064103 1116
30064104 1116
30064104 1116
30064104 1116
30064105 1116
30064105 1116
30064105 1116
30064106 1116
30064106 1116
30064106 1116
30064107 1116
30064107 1116
30064107 1116
30064108 1116
30064108 1116
30064109 1116
30064109 1116
30064109 1116
30064110 1116
30064110 1116
30064110 1116
30064111 1116
30064111 1116
30064111 1116
30064112 1116
30064112 1116
30064112 1116
30064113 1116
30064113 1116
30064113 1116
30064114 1116
30064114 1116
30064114 1116
30064115 1116
30064115 1116
30064116 1116
30064116 1116
30064116 1116
30064117 1116
30064117 1116
30064117 1116
30064118 1116
30064118 1116
30064118 1116
30064119 1116
30064119 1116
30064119 1116
30064120 1116
30064120 1116
30064120 1116
30064121 1116
30064121 1116
30064122 1116
30064122 1116
30064122 1116
30064123 1116
30064123 1116
30064123 1116
30064124 1116
30064124 1116
30064124 1116
30064125 1116
30064125 1116
30064125 1116
30064126 1116
30064126 1116
30064126 1116
30064127 1116
30064127 1116
30064128 1116
30064128 1116
30064128 1116
30064129 1116
30064129 1116
30064129 1116
30064130 1116
30064130 1116
30064130 1116
30064131 1116
30064131 1116
30064131 1116
30064132 1116
30064132 1116
30064132 1116
30064133 1116
30064133 1116
30064134 1116
30064134 1116
30064134 1116
30064135 1116
30064135 1116
30064135 1116
30064136 1116
30064136 1116
30064136 1116
30064137 1116
30064137 1116
30064137 1116
30064138 1116
30064138 1116
30064139 1116
30064139 1116
30064139 1116
30064140 1116
30064140 1116
30064140 1116
30064141 1116
30064141 1116
30064141 1116
30064142 1116
30064142 1116
30064142 1116
30064143 1116
30064143 1116
30064143 1116
30064144 1116
30064144 1116
30064144 1116
30064145 1116
30064145 1116
30064146 1116
30064146 1116
30064146 1116
30064147 1116
30064147 1116
30064147 1116
30064148 1116
30064148 1116
30064148 1116
30064149 1116
30064149 1116
30064149 1116
30064150 1116
30064150 1116
30064150 1116
30064151 1116
30064151 1116
30064151 1116
30064152 1116
30064152 1116
30064152 1116
30064153 1116
30064153 1116
30064153 1116
30064154 1116
30064154 1116
30064154 1116
30064155 1116
30064155 1116
30064155 1116
30064156 1116
30064156 1116
30064156 1116
30064157 1116
30064157 1116
30064157 1116
30064158 1116
30064158 1116
30064158 1116
30064159 1116
30064159 1116
30064159 1116
30064200 1116
30064200 1116
30064201 1116
30064201 1116
30064201 1116
30064202 1116
30064202 1116
30064202 1116
30064203 1116
30064203 1116
30064203 1116
30064204 1116
30064204 1116
30064204 1116
30064205 1116
30064205 1116
30064205 1116
30064206 1116
30064206 1116
30064206 1116
30064207 1116
30064207 1116
30064208 1116
30064208 1116
30064208 1116
30064209 1116
30064209 1116
30064209 1116
30064210 1116
30064210 1116
30064210 1116
30064211 1116
30064211 1116
30064211 1116
30064212 1116
30064212 1116
30064212 1116
30064213 1116
30064213 1116
30064214 1116
30064214 1116
30064214 1116
30064215 1116
30064215 1116
30064215 1116
30064216 1116
30064216 1116
30064216 1116
30064217 1116
30064217 1116
30064217 1116
30064218 1116
30064218 1116
30064218 1116
30064219 1116
30064219 1116
30064219 1116
30064220 1116
30064220 1116
30064220 1116
30064221 1116
30064221 1116
30064221 1116
30064222 1116
30064222 1116
30064223 1116
30064223 1116
30064223 1116
30064224 1116
30064224 1116
30064224 1116
30064225 1116
30064225 1116
30064225 1116
30064226 1116
30064226 1116
30064226 1116
30064227 1116
30064227 1116
30064227 1116
30064228 1116
30064228 1116
30064228 1116
30064229 1116
30064229 1116
30064229 1116
30064230 1116
30064230 1116
30064230 1116
30064231 1116
30064231 1116
30064231 1116
30064232 1116
30064232 1116
30064233 1116
30064233 1116
30064233 1116
30064234 1116
30064234 1116
30064234 1116
30064235 1116
30064235 1116
30064235 1116
30064236 1116
30064236 1116
30064236 1116
30064237 1116
30064237 1116
30064237 1116
30064238 1116
30064238 1116
30064238 1116
30064239 1116
30064239 1116
30064239 1116
30064240 1116
30064240 1116
30064241 1116
30064241 1116
30064241 1116
30064242 1116
30064242 1116
30064242 1116
30064243 1116
30064243 1116
30064243 1116
30064244 1116
30064244 1116
30064244 1116
30064245 1116
30064245 1116
30064245 1116
30064246 1116
30064246 1116
30064247 1116
30064247 1116
30064247 1116
30064248 1116
30064248 1116
30064248 1116
30064249 1116
30064249 1116
30064249 1116
30064250 1116
30064250 1116
30064250 1116
30064251 1116
30064251 1116
30064251 1116
30064252 1116
30064252 1116
30064253 1116
30064253 1116
30064253 1116
30064254 1116
30064254 1116
30064254 1116
30064255 1116
30064255 1116
30064255 1116
30064256 1116
30064256 1116
30064256 1116
30064257 1116
30064257 1116
30064257 1116
30064258 1116
30064258 1116
30064259 1116
30064259 1116
30064259 1116
30064300 1116
30064300 1116
30064300 1116
30064301 1116
30064301 1116
30064301 1120
30064302 1120
30064302 1120
30064302 1120
30064303 1120
30064303 1120
30064304 1120
30064304 1120
30064304 1120
30064305 1120
30064305 1120
30064305 1120
30064306 1120
30064306 1120
30064306 1120
30064307 1120
30064307 1120
30064307 1120
30064308 1120
30064308 1120
30064309 1120
30064309 1120
30064309 1120
30064310 1120
30064310 1120
30064310 1120
30064311 1120
30064311 1120
30064311 1120
30064312 1120
30064312 1120
30064312 1120
30064313 1120
30064313 1120
30064313 1120
30064314 1120
30064314 1120
30064314 1120
30064315 1120
30064315 1120
30064315 1120
30064316 1120
30064316 1120
30064316 1120
30064317 1120
30064317 1120
30064317 1120
30064318 1120
30064318 1120
30064319 1120
30064319 1120
30064319 1120
30064320 1120
30064320 1120
30064320 1120
30064321 1120
30064321 1120
30064321 1120
30064322 1120
30064322 1120
30064322 1120
30064323 1120
30064323 1120
30064323 1120
30064324 1120
30064324 1120
30064324 1120
30064325 1120
30064325 1120
30064325 1120
30064326 1120
30064326 1120
30064326 1120
30064327 1120
30064327 1120
30064328 1120
30064328 1120
30064328 1120
30064329 1120
30064329 1120
30064329 1120
30064330 1120
30064330 1120
30064330 1120
30064331 1120
30064331 1120
30064331 1120
30064332 1120
30064332 1120
30064332 1120
30064333 1120
30064333 1120
30064334 1120
30064334 1120
30064334 1120
30064335 1120
30064335 1120
30064335 1120
30064336 1120
30064336 1120
30064336 1120
30064337 1120
30064337 1120
30064337 1120
30064338 1120
30064338 1120
30064338 1120
30064339 1120
30064339 1120
30064339 1120
30064340 1120
30064340 1120
30064341 1120
30064341 1120
30064341 1120
30064342 1120
30064342 1120
30064342 1120
30064343 1120
30064343 1120
30064343 1120
30064344 1120
30064344 1120
30064344 1120
30064345 1120
30064345 1120
30064345 1120
30064346 1120
30064346 1120
30064346 1120
30064347 1120
30064347 1120
30064347 1120
30064348 1120
30064348 1120
30064348 1120
30064349 1120
30064349 1120
30064349 1120
30064350 1120
30064350 1120
30064350 1120
30064351 1120
30064351 1120
30064352 1120
30064352 1120
30064352 1120
30064353 1120
30064353 1120
30064353 1120
30064354 1120
30064354 1120
30064354 1120
30064355 1120
30064355 1120
30064355 1120
30064356 1120
30064356 1120
30064356 1120
30064357 1120
30064357 1120
30064357 1120
30064358 1120
30064358 1120
30064358 1120
30064359 1120
30064359 1120
30064359 1120
30064400 1120
30064400 1120
30064400 1120
30064401 1120
30064401 1120
30064402 1120
30064402 1120
30064402 1120
30064403 1120
30064403 1120
30064403 1120
30064404 1120
30064404 1120
30064404 1120
30064405 1120
30064405 1120
30064405 1120
30064406 1120
30064406 1120
30064407 1120
30064407 1120
30064407 1120
30064408 1120
30064408 1120
30064408 1120
30064409 1120
30064409 1120
30064409 1120
30064410 1120
30064410 1120
30064411 1120
30064411 1120
30064411 1120
30064412 1120
30064412 1120
30064412 1120
30064413 1120
30064413 1120
30064413 1120
30064414 1120
30064414 1120
30064414 1120
30064415 1120
30064415 1120
30064416 1120
30064416 1120
30064416 1120
30064417 1120
30064417 1120
30064417 1120
30064418 1120
30064418 1120
30064418 1120
30064419 1120
30064419 1120
30064419 1120
30064420 1120
30064420 1120
30064421 1120
30064421 1120
30064421 1120
30064422 1120
30064422 1120
30064422 1120
30064423 1120
30064423 1120
30064423 1120
30064424 1120
30064424 1120
30064424 1120
30064425 1120
30064425 1120
30064425 1120
30064426 1120
30064426 1120
30064426 1120
30064427 1120
30064427 1120
30064427 1120
30064428 1120
30064428 1120
30064429 1120
30064429 1120
30064429 1120
30064430 1120
30064430 1120
30064430 1120
30064431 1120
30064431 1120
30064431 1120
30064432 1120
30064432 1120
30064432 1120
30064433 1120
30064433 1120
30064433 1120
30064434 1120
30064434 1120
30064434 1120
30064435 1120
30064435 1120
30064435 1120
30064436 1120
30064436 1120
30064436 1120
30064437 1120
30064437 1120
30064437 1120
30064438 1120
30064438 1120
30064439 1120
30064439 1120
30064439 1120
30064440 1120
30064440 1120
30064440 1120
30064441 1120
30064441 1120
30064441 1120
30064442 1120
30064442 1120
30064442 1120
30064443 1120
30064443 1120
30064443 1120
30064444 1120
30064444 1120
30064444 1120
30064445 1120
30064445 1120
30064445 1120
30064446 1120
30064446 1120
30064446 1120
30064447 1120
30064447 1120
30064448 1120
30064448 1120
30064448 1120
30064449 1120
30064449 1120
30064449 1120
30064450 1120
30064450 1120
30064450 1120
30064451 1120
30064451 1120
30064451 1120
30064452 1120
30064452 1120
30064452 1120
30064453 1120
30064453 1120
30064453 1120
30064454 1120
30064454 1120
30064455 1120
30064455 1120
30064455 1120
30064456 1120
30064456 1120
30064456 1120
30064457 1120
30064457 1120
30064457 1120
30064458 1120
30064458 1120
30064458 1120
30064459 1120
30064459 1120
30064500 1120
30064500 1120
30064500 1120
30064501 1120
30064501 1120
30064501 1120
30064502 1120
30064502 1120
30064502 1120
30064503 1120
30064503 1120
30064503 1120
30064504 1120
30064504 1120
30064504 1120
30064505 1120
30064505 1120
30064505 1120
30064506 1120
30064506 1120
30064507 1120
30064507 1120
30064507 1120
30064508 1120
30064508 1120
30064508 1120
30064509 1120
30064509 1120
30064509 1120
30064510 1120
30064510 1120
30064510 1120
30064511 1120
30064511 1120
30064511 1120
30064512 1120
30064512 1120
30064513 1120
30064513 1120
30064513 1120
30064514 1120
30064514 1120
30064514 1120
30064515 1120
30064515 1120
30064515 1120
30064516 1120
30064516 1120
30064516 1120
30064517 1120
30064517 1120
30064518 1120
30064518 1120
30064518 1120
30064519 1120
30064519 1120
30064519 1120
30064520 1120
30064520 1120
30064520 1120
30064521 1120
30064521 1120
30064521 1120
30064522 1120
30064522 1120
30064522 1120
30064523 1120
30064523 1120
30064523 1120
30064524 1120
30064524 1120
30064524 1120
30064525 1120
30064525 1120
30064525 1120
30064526 1120
30064526 1120
30064526 1120
30064527 1120
30064527 1120
30064527 1120
30064528 1120
30064528 1120
30064528 1120
30064529 1120
30064529 1120
30064529 1120
30064530 1120
30064530 1120
30064531 1120
30064531 1122
30064531 1122
30064532 1126
30064532 1126
30064532 1126
30064533 1126
30064533 1126
30064533 1126
30064534 1126
30064534 1126
30064534 1126
30064535 1126
30064535 1126
30064535 1126
30064536 1126
30064536 1126
30064536 1126
30064537 1126
30064537 1126
30064537 1126
30064538 1126
30064538 1126
30064538 1126
30064539 1126
30064539 1126
30064539 1126
30064540 1126
30064540 1126
30064540 1126
30064541 1126
30064541 1126
30064542 1126
30064542 1126
30064542 1126
30064543 1126
30064543 1126
30064543 1126
30064544 1126
30064544 1126
30064544 1126
30064545 1126
30064545 1126
30064545 1126
30064546 1126
30064546 1126
30064547 1126
30064547 1126
30064547 1126
30064548 1126
30064548 1126
30064548 1126
30064549 1126
30064549 1126
30064549 1126
30064550 1126
30064550 1126
30064550 1126
30064551 1126
30064551 1126
30064552 1126
30064552 1126
30064552 1126
30064553 1126
30064553 1126
30064553 1126
30064554 1126
30064554 1126
30064554 1126
30064555 1126
30064555 1126
30064555 1126
30064556 1126
30064556 1126
30064557 1126
30064557 1126
30064557 1126
30064558 1126
30064558 1126
30064558 1126
30064559 1126
30064559 1126
30064559 1126
30064600 1126
30064600 1126
30064601 1126
30064601 1126
30064601 1126
30064602 1126
30064602 1126
30064602 1126
30064603 1126
30064603 1126
30064603 1126
30064604 1126
30064604 1126
30064604 1126
30064605 1126
30064605 1126
30064605 1126
30064606 1126
30064606 1126
30064606 1126
30064607 1126
30064607 1126
30064607 1126
30064608 1126
30064608 1126
30064608 1126
30064609 1126
30064609 1126
30064610 1126
30064610 1126
30064610 1126
30064611 1126
30064611 1126
30064611 1126
30064612 1126
30064612 1126
30064612 1126
30064613 1126
30064613 1126
30064613 1126
30064614 1126
30064614 1126
30064614 1126
30064615 1126
30064615 1126
30064615 1126
30064616 1126
30064616 1126
30064616 1126
30064617 1126
30064617 1126
30064618 1126
30064618 1126
30064618 1126
30064619 1126
30064619 1126
30064619 1126
30064620 1126
30064620 1126
30064620 1126
30064621 1126
30064621 1126
30064622 1126
30064622 1126
30064622 1126
30064623 1126
30064623 1126
30064623 1126
30064624 1126
30064624 1126
30064624 1126
30064625 1126
30064625 1126
30064625 1126
30064626 1126
30064626 1126
30064626 1126
30064627 1126
30064627 1126
30064627 1126
30064628 1126
30064628 1126
30064628 1126
30064629 1126
30064629 1126
30064630 1126
30064630 1126
30064630 1126
30064631 1126
30064631 1126
30064631 1126
30064632 1126
30064632 1126
30064632 1126
30064633 1126
30064633 1126
30064633 1126
30064634 1126
30064634 1126
30064634 1126
30064635 1126
30064635 1126
30064636 1126
30064636 1126
30064636 1126
30064637 1126
30064637 1126
30064637 1126
30064638 1126
30064638 1126
30064638 1126
30064639 1126
30064639 1126
30064639 1126
30064640 1126
30064640 1126
30064640 1126
30064641 1126
30064641 1126
30064641 1126
30064642 1126
30064642 1126
30064642 1126
30064643 1126
30064643 1126
30064643 1126
30064644 1126
30064644 1126
30064644 1126
30064645 1126
30064645 1126
30064645 1126
30064646 1126
30064646 1126
30064646 1126
30064647 1126
30064647 1126
30064648 1126
30064648 1126
30064648 1126
30064649 1126
30064649 1126
30064649 1126
30064650 1126
30064650 1126
30064650 1126
30064651 1126
30064651 1126
30064652 1126
30064652 1126
30064652 1126
30064653 1126
30064653 1126
30064653 1126
30064654 1126
30064654 1126
30064654 1126
30064655 1126
30064655 1126
30064656 1126
30064656 1126
30064656 1126
30064657 1126
30064657 1126
30064657 1126
30064658 1126
30064658 1126
30064658 1126
30064659 1126
30064659 1126
30064700 1126
30064700 1126
30064700 1126
30064701 1126
30064701 1126
30064701 1126
30064702 1126
30064702 1126
30064702 1126
30064703 1126
30064703 1126
30064703 1126
30064704 1126
30064704 1126
30064704 1126
30064705 1126
30064705 1020
